表,日期,时间段/项目,值1/kWh 或 元,值2/kWh,口径,来源
表,日期,时间段/项目,计划购电量/kWh,最终调整购电量/kWh,口径,来源
表1,2025-03-20,10:00-10:10,0.0000,0.0000,模板行 00:10→次日00:10,payload days[*].plan_kwh/adjusted_kwh
表1,2025-03-20,12:00-12:10,485.7062,531.0635,模板行 00:10→次日00:10,payload days[*].plan_kwh/adjusted_kwh
表1,2025-03-20,14:00-14:10,0.0000,0.0000,模板行 00:10→次日00:10,payload days[*].plan_kwh/adjusted_kwh
表1,2025-03-20,16:00-16:10,492.2029,492.2029,模板行 00:10→次日00:10,payload days[*].plan_kwh/adjusted_kwh
表1,2025-03-20,18:00-18:10,693.2730,713.7841,模板行 00:10→次日00:10,payload days[*].plan_kwh/adjusted_kwh
表1,2025-03-20,20:00-20:10,0.0000,0.0000,模板行 00:10→次日00:10,payload days[*].plan_kwh/adjusted_kwh
表1,2025-03-20,全天购电量,64679.0493,66175.1886,模板行,payload
表1,2025-03-20,全天购电费/元,39374.5987,2216.6183,模板行,payload
表1,2025-03-20,（自然日口径）全天购电费/元,39443.4379,2216.6183,自然日 00:00–24:00,payload
表2,2025-03-20,0:00-4:00,911.7578,414.9631,自然日（充电量/放电量）,payload storage_blocks
表2,2025-03-20,4:00-8:00,861.0398,5347.9235,自然日（充电量/放电量）,payload storage_blocks
表2,2025-03-20,8:00-12:00,4024.0372,3260.1663,自然日（充电量/放电量）,payload storage_blocks
表2,2025-03-20,12:00-16:00,6210.8488,254.7228,自然日（充电量/放电量）,payload storage_blocks
表2,2025-03-20,16:00-20:00,219.1014,4491.0437,自然日（充电量/放电量）,payload storage_blocks
表2,2025-03-20,20:00-24:00,8997.3820,3573.1507,自然日（充电量/放电量）,payload storage_blocks
表2,2025-03-20,0:00 储电量,9630.0966,,自然日,payload
表2,2025-03-20,24:00 储电量,9462.9911,,自然日,payload
表3,2025-03-20,10:00-10:10,5.3905,,自然日,payload emergency_segments
表3,2025-03-20,当日紧急购电费/元,26.8906,,自然日,payload
—,2025-03-20,当日总费用/元,41686.9468,,自然日,payload
表1,2025-06-21,10:00-10:10,0.0000,0.0000,模板行 00:10→次日00:10,payload days[*].plan_kwh/adjusted_kwh
表1,2025-06-21,12:00-12:10,0.0000,0.0000,模板行 00:10→次日00:10,payload days[*].plan_kwh/adjusted_kwh
表1,2025-06-21,14:00-14:10,0.0000,0.0000,模板行 00:10→次日00:10,payload days[*].plan_kwh/adjusted_kwh
表1,2025-06-21,16:00-16:10,100.4849,100.4849,模板行 00:10→次日00:10,payload days[*].plan_kwh/adjusted_kwh
表1,2025-06-21,18:00-18:10,363.5204,407.8902,模板行 00:10→次日00:10,payload days[*].plan_kwh/adjusted_kwh
表1,2025-06-21,20:00-20:10,0.0000,0.0000,模板行 00:10→次日00:10,payload days[*].plan_kwh/adjusted_kwh
表1,2025-06-21,全天购电量,34246.1495,35050.6780,模板行,payload
表1,2025-06-21,全天购电费/元,19023.6762,1446.4743,模板行,payload
表1,2025-06-21,（自然日口径）全天购电费/元,18933.1949,1446.4743,自然日 00:00–24:00,payload
表2,2025-06-21,0:00-4:00,853.9656,2605.2978,自然日（充电量/放电量）,payload storage_blocks
表2,2025-06-21,4:00-8:00,226.1890,5345.7160,自然日（充电量/放电量）,payload storage_blocks
表2,2025-06-21,8:00-12:00,10134.2658,0.0000,自然日（充电量/放电量）,payload storage_blocks
表2,2025-06-21,12:00-16:00,69.8215,0.0000,自然日（充电量/放电量）,payload storage_blocks
表2,2025-06-21,16:00-20:00,55.4030,4736.5478,自然日（充电量/放电量）,payload storage_blocks
表2,2025-06-21,20:00-24:00,8764.6946,3081.2029,自然日（充电量/放电量）,payload storage_blocks
表2,2025-06-21,0:00 储电量,9478.6421,,自然日,payload
表2,2025-06-21,24:00 储电量,10051.6982,,自然日,payload
表3,2025-06-21,无紧急购电,0.0000,,自然日,payload
表3,2025-06-21,当日紧急购电费/元,0.0000,,自然日,payload
—,2025-06-21,当日总费用/元,20379.6691,,自然日,payload
表1,2025-09-23,10:00-10:10,0.0000,0.0000,模板行 00:10→次日00:10,payload days[*].plan_kwh/adjusted_kwh
表1,2025-09-23,12:00-12:10,346.4123,346.4123,模板行 00:10→次日00:10,payload days[*].plan_kwh/adjusted_kwh
表1,2025-09-23,14:00-14:10,0.0000,0.0000,模板行 00:10→次日00:10,payload days[*].plan_kwh/adjusted_kwh
表1,2025-09-23,16:00-16:10,438.1056,438.1056,模板行 00:10→次日00:10,payload days[*].plan_kwh/adjusted_kwh
表1,2025-09-23,18:00-18:10,741.1025,772.2377,模板行 00:10→次日00:10,payload days[*].plan_kwh/adjusted_kwh
表1,2025-09-23,20:00-20:10,0.0000,19.4593,模板行 00:10→次日00:10,payload days[*].plan_kwh/adjusted_kwh
表1,2025-09-23,全天购电量,62999.4261,65675.2519,模板行,payload
表1,2025-09-23,全天购电费/元,38758.9481,4853.7187,模板行,payload
表1,2025-09-23,（自然日口径）全天购电费/元,38759.8691,4853.7187,自然日 00:00–24:00,payload
表2,2025-09-23,0:00-4:00,1344.4580,21.8380,自然日（充电量/放电量）,payload storage_blocks
表2,2025-09-23,4:00-8:00,1310.4214,4380.1417,自然日（充电量/放电量）,payload storage_blocks
表2,2025-09-23,8:00-12:00,3494.6661,2387.9403,自然日（充电量/放电量）,payload storage_blocks
表2,2025-09-23,12:00-16:00,5619.2474,403.6249,自然日（充电量/放电量）,payload storage_blocks
表2,2025-09-23,16:00-20:00,19.5927,5234.1818,自然日（充电量/放电量）,payload storage_blocks
表2,2025-09-23,20:00-24:00,7785.3116,3256.9669,自然日（充电量/放电量）,payload storage_blocks
表2,2025-09-23,0:00 储电量,8017.8903,,自然日,payload
表2,2025-09-23,24:00 储电量,8206.7804,,自然日,payload
表3,2025-09-23,20:30-22:00,440.5716,,自然日,payload emergency_segments
表3,2025-09-23,当日紧急购电费/元,2255.2172,,自然日,payload
—,2025-09-23,当日总费用/元,45868.8050,,自然日,payload
表1,2025-12-21,10:00-10:10,0.0000,0.0000,模板行 00:10→次日00:10,payload days[*].plan_kwh/adjusted_kwh
表1,2025-12-21,12:00-12:10,954.7804,954.7804,模板行 00:10→次日00:10,payload days[*].plan_kwh/adjusted_kwh
表1,2025-12-21,14:00-14:10,0.0000,0.0000,模板行 00:10→次日00:10,payload days[*].plan_kwh/adjusted_kwh
表1,2025-12-21,16:00-16:10,803.0356,818.3269,模板行 00:10→次日00:10,payload days[*].plan_kwh/adjusted_kwh
表1,2025-12-21,18:00-18:10,700.7689,700.7689,模板行 00:10→次日00:10,payload days[*].plan_kwh/adjusted_kwh
表1,2025-12-21,20:00-20:10,0.0000,0.0000,模板行 00:10→次日00:10,payload days[*].plan_kwh/adjusted_kwh
表1,2025-12-21,全天购电量,94435.9676,94216.9031,模板行,payload
表1,2025-12-21,全天购电费/元,60451.9283,178.5993,模板行,payload
表1,2025-12-21,（自然日口径）全天购电费/元,60447.5206,178.5993,自然日 00:00–24:00,payload
表2,2025-12-21,0:00-4:00,1293.5981,180.8825,自然日（充电量/放电量）,payload storage_blocks
表2,2025-12-21,4:00-8:00,1630.0447,961.3359,自然日（充电量/放电量）,payload storage_blocks
表2,2025-12-21,8:00-12:00,4221.7363,7996.9177,自然日（充电量/放电量）,payload storage_blocks
表2,2025-12-21,12:00-16:00,8575.8565,2295.3225,自然日（充电量/放电量）,payload storage_blocks
表2,2025-12-21,16:00-20:00,183.2703,4862.2585,自然日（充电量/放电量）,payload storage_blocks
表2,2025-12-21,20:00-24:00,8843.3307,3653.0726,自然日（充电量/放电量）,payload storage_blocks
表2,2025-12-21,0:00 储电量,9202.7870,,自然日,payload
表2,2025-12-21,24:00 储电量,9309.4070,,自然日,payload
表3,2025-12-21,无紧急购电,0.0000,,自然日,payload
表3,2025-12-21,当日紧急购电费/元,0.0000,,自然日,payload
—,2025-12-21,当日总费用/元,60626.1200,,自然日,payload
