slot,label,slot_start_hhmm,mean,p10,p50,p90,min,max,shape,annex1_price
0,0:10-0:20,0:10,0.4248183561643839,0.32817999999999997,0.4278,0.51588,0.2543,0.6069,0.554450123036737,0.4248
1,0:20-0:30,0:20,0.4245104109589038,0.331,0.4238,0.5103200000000001,0.2369,0.5905,0.5540482094786493,0.4245
2,0:30-0:40,0:30,0.4269364383561641,0.33402,0.4276,0.50852,0.2643,0.6302,0.5572145302587734,0.4269
3,0:40-0:50,0:40,0.42724273972602766,0.33449999999999996,0.4298,0.5154600000000001,0.2747,0.617,0.5576142983708214,0.4272
4,0:50-1:00,0:50,0.42708684931506863,0.33376,0.4285,0.51396,0.2893,0.5989,0.5574108385713983,0.4271
5,1:00-1:10,1:00,0.4285232876712329,0.34368,0.4338,0.50876,0.2653,0.613,0.5592856008356771,0.4285
6,1:10-1:20,1:10,0.43110657534246577,0.34412,0.4362,0.51806,0.252,0.6458,0.5626571692869239,0.4311
7,1:20-1:30,1:20,0.430155616438356,0.34318,0.4359,0.5123800000000001,0.2648,0.5903,0.5614160287530094,0.4302
8,1:30-1:40,1:30,0.4279389041095892,0.35134,0.4332,0.50302,0.2717,0.5887,0.5585228947685961,0.4279
9,1:40-1:50,1:40,0.43124493150684917,0.34518,0.4326,0.51176,0.2803,0.6039,0.5628377443285909,0.4312
10,1:50-2:00,1:50,0.4332564383561646,0.35128,0.4373,0.50644,0.2695,0.6082,0.5654630551323939,0.4333
11,2:00-2:10,2:00,0.43109698630136994,0.34464,0.4383,0.50674,0.2537,0.6028,0.5626446541850263,0.4311
12,2:10-2:20,2:10,0.4293443835616438,0.33748,0.4352,0.5072599999999999,0.263,0.5782,0.5603572511324622,0.4293
13,2:20-2:30,2:20,0.4323580821917808,0.33738,0.4391,0.50956,0.2464,0.5963,0.5642905688717468,0.4324
14,2:30-2:40,2:30,0.4366802739726028,0.35774,0.4405,0.51018,0.2314,0.6131,0.5699316616585609,0.4367
15,2:40-2:50,2:40,0.4348071232876713,0.35324,0.4405,0.5055000000000001,0.2588,0.5786,0.5674869258964256,0.4348
16,2:50-3:00,2:50,0.4335205479452056,0.34578,0.4399,0.50548,0.2797,0.5925,0.5658077567960911,0.4335
17,3:00-3:10,3:00,0.4357235616438355,0.3465,0.4429,0.50454,0.2622,0.588,0.5686830120635078,0.4357
18,3:10-3:20,3:10,0.4374183561643841,0.3533,0.4439,0.50676,0.282,0.5919,0.5708949669303464,0.4374
19,3:20-3:30,3:20,0.43707972602739764,0.34964,0.4417,0.50696,0.2882,0.5717,0.5704530050461865,0.4371
20,3:30-3:40,3:30,0.43564246575342475,0.3589,0.4412,0.5103599999999999,0.2466,0.5719,0.5685771700588873,0.4356
21,3:40-3:50,3:40,0.43526904109589054,0.35186,0.4418,0.50598,0.2902,0.5899,0.5680897962335559,0.4353
22,3:50-4:00,3:50,0.4360191780821916,0.35150000000000003,0.4416,0.5018,0.3021,0.5657,0.5690688347762975,0.436
23,4:00-4:10,4:00,0.43782547945205463,0.35362,0.442,0.5140399999999999,0.2919,0.5849,0.5714263223994888,0.4378
24,4:10-4:20,4:10,0.44011835616438344,0.35874,0.4463,0.512,0.2941,0.5815,0.5744188620504045,0.4401
25,4:20-4:30,4:20,0.43885315068493197,0.35148,0.4464,0.50574,0.2996,0.5749,0.5727675837485856,0.4389
26,4:30-4:40,4:30,0.4363734246575341,0.3427,0.4444,0.50468,0.272,0.5728,0.5695311783978334,0.4364
27,4:40-4:50,4:40,0.4392841095890411,0.34806,0.4482,0.51286,0.292,0.5881,0.5733300481853028,0.4393
28,4:50-5:00,4:50,0.44224082191780845,0.36064,0.4488,0.5122200000000001,0.2848,0.5909,0.5771889904618811,0.4422
29,5:00-5:10,5:00,0.4395035616438354,0.35626,0.4468,0.5092800000000001,0.2925,0.5822,0.5736164652315904,0.4395
30,5:10-5:20,5:10,0.43325643835616445,0.34718,0.4386,0.50762,0.2785,0.5628,0.5654630551323937,0.4333
31,5:20-5:30,5:20,0.4438547945205478,0.35624,0.4512,0.5183000000000001,0.2774,0.5636,0.5792954608984375,0.4439
32,5:30-5:40,5:30,0.43008438356164375,0.34832,0.4356,0.5034,0.26,0.6005,0.5613230594246265,0.4301
33,5:40-5:50,5:40,0.3712602739726028,0.2912,0.3744,0.43856,0.2269,0.5007,0.4845489880458703,0.3713
34,5:50-6:00,5:50,0.5708342465753425,0.45886,0.5815,0.6599200000000001,0.3734,0.7143,0.7450222280997955,0.5708
35,6:00-6:10,6:00,0.9098520547945209,0.73614,0.9364,1.0386199999999999,0.6538,1.0933,1.1874900799504198,0.9099
36,6:10-6:20,6:10,0.9368282191780817,0.74812,0.9609,1.07056,0.6631,1.1569,1.222697922183435,0.9368
37,6:20-6:30,6:20,0.8758098630136987,0.68894,0.8892,1.0245,0.5483,1.1031,1.1430600379161402,0.8758
38,6:30-6:40,6:30,0.8758632876712334,0.6990000000000001,0.8784,1.03864,0.5624,1.1245,1.1431297649124283,0.8759
39,6:40-6:50,6:40,0.8601454794520551,0.6547200000000001,0.8574,1.0387199999999999,0.5289,1.1401,1.122615725030359,0.8601
40,6:50-7:00,6:50,0.8441986301369867,0.63704,0.8409,1.0311000000000001,0.5411,1.1269,1.1018027530001047,0.8442
41,7:00-7:10,7:00,0.8334449315068491,0.6613800000000001,0.8242,1.01436,0.526,1.0953,1.0877676025833165,0.8334
42,7:10-7:20,7:10,0.8091994520547947,0.63842,0.7974,0.9989,0.499,1.1035,1.0561237037964324,0.8092
43,7:20-7:30,7:20,0.7971865753424656,0.6066,0.7873,0.99074,0.4755,1.1031,1.0404451417133036,0.7972
44,7:30-7:40,7:30,0.7644364383561639,0.5863200000000001,0.7507,0.95278,0.473,1.0684,0.9977014202661575,0.7644
45,7:40-7:50,7:40,0.6898906849315065,0.52804,0.6803,0.8703200000000001,0.4258,0.9785,0.9004083029645733,0.6899
46,7:50-8:00,7:50,0.859966301369863,0.6442399999999999,0.8629,1.07128,0.5332,1.1622,1.122381871412041,0.86
47,8:00-8:10,8:00,1.1616821917808227,0.85392,1.1859,1.4047800000000001,0.7473,1.541,1.5161652617318409,1.1617
48,8:10-8:20,8:10,1.1682860273972613,0.8574,1.1959,1.4196,0.7594,1.5469,1.5247842336216335,1.1683
49,8:20-8:30,8:20,1.0956000000000006,0.7938000000000001,1.1236,1.34162,0.6545,1.4735,1.4299183309395271,1.0956
50,8:30-8:40,8:30,1.0849008219178087,0.78054,1.111,1.33682,0.6554,1.419,1.4159543378163868,1.0849
51,8:40-8:50,8:40,1.061024383561644,0.75566,1.0908,1.3048,0.6419,1.3972,1.3847920916653942,1.061
52,8:50-9:00,8:50,1.04302602739726,0.7623,1.0653,1.27456,0.6459,1.3717,1.361301602977706,1.043
53,9:00-9:10,9:00,1.0359882191780814,0.78412,1.0482,1.2553,0.6528,1.3766,1.352116233333456,1.036
54,9:10-9:20,9:10,1.0146780821917802,0.77258,1.0281,1.23292,0.6318,1.3481,1.324303386024635,1.0147
55,9:20-9:30,9:20,0.9922032876712326,0.74236,1.0035,1.22092,0.5946,1.3104,1.2949704901967503,0.9922
56,9:30-9:40,9:30,0.9700057534246568,0.72002,0.9722,1.20254,0.5802,1.3031,1.265999459600879,0.97
57,9:40-9:50,9:40,0.9422043835616432,0.69596,0.9478,1.1633200000000001,0.5511,1.2752,1.2297146034559785,0.9422
58,9:50-10:00,9:50,0.9569432876712325,0.70134,0.9661,1.23132,0.5601,1.3318,1.2489510302214601,0.9569
59,10:00-10:10,10:00,0.9976506849315073,0.71584,0.9784,1.36118,0.5098,1.4993,1.3020801407976783,0.9977
60,10:10-10:20,10:10,0.9919515068493151,0.68598,0.9741,1.3572199999999999,0.5015,1.4966,1.2946418793783505,0.9919
61,10:20-10:30,10:20,0.9587800000000003,0.66984,0.9463,1.31436,0.5036,1.4275,1.2513482085963852,0.9588
62,10:30-10:40,10:30,0.9548854794520544,0.6688999999999999,0.9284,1.30922,0.5131,1.4258,1.2462652893542088,0.9549
63,10:40-10:50,10:40,0.9839383561643831,0.6879799999999999,0.9578,1.35672,0.5348,1.4627,1.284183545083932,0.9839
64,10:50-11:00,10:50,0.7990120547945208,0.52596,0.7989,1.1153600000000001,0.3334,1.241,1.0428276595402908,0.799
65,11:00-11:10,11:00,0.5025016438356162,0.24387999999999999,0.5163,0.7205800000000001,0.0489,0.8645,0.6558381816792559,0.5025
66,11:10-11:20,11:10,0.4662402739726027,0.21358,0.4796,0.67772,0.0506,0.7785,0.6085117874915038,0.4662
67,11:20-11:30,11:20,0.5006649315068495,0.24982,0.5186,0.70852,0.1016,0.8229,0.6534410033043324,0.5007
68,11:30-11:40,11:30,0.4827397260273969,0.23571999999999999,0.497,0.6959000000000002,0.0776,0.802,0.6300459869654067,0.4827
69,11:40-11:50,11:40,0.47846082191780787,0.2178,0.4867,0.6935,0.04,0.7991,0.6244613909243025,0.4785
70,11:50-12:00,11:50,0.4661709589041096,0.23034,0.4715,0.6751400000000001,0.034,0.7757,0.6084213211835003,0.4662
71,12:00-12:10,12:00,0.44319095890410976,0.2205,0.4454,0.64092,0.0076,0.7706,0.5784290582727756,0.4432
72,12:10-12:20,12:10,0.4411427397260278,0.21223999999999998,0.4468,0.64392,0.0376,0.8026,0.575755832507422,0.4411
73,12:20-12:30,12:20,0.45507616438356163,0.22071999999999997,0.4672,0.66304,0.085,0.8183,0.5939409907134939,0.4551
74,12:30-12:40,12:30,0.4462936986301371,0.2112,0.4596,0.64618,0.0987,0.7799,0.582478587672539,0.4463
75,12:40-12:50,12:40,0.4113410958904111,0.1868,0.4176,0.60038,0.0224,0.7267,0.536860326106656,0.4113
76,12:50-13:00,12:50,0.5682405479452054,0.33362,0.585,0.7651600000000002,0.1533,0.903,0.7416370718236309,0.5682
77,13:00-13:10,13:00,0.8278586301369855,0.56802,0.8522,1.02908,0.4046,1.1525,1.0804766617920418,0.8279
78,13:10-13:20,13:10,0.863595342465753,0.61572,0.8878,1.05936,0.4606,1.1717,1.127118301118819,0.8636
79,13:20-13:30,13:20,0.841567123287671,0.6052,0.8595,1.04212,0.4443,1.1437,1.0983682514650286,0.8416
80,13:30-13:40,13:30,0.8617860273972603,0.6242000000000001,0.8828,1.05408,0.4637,1.1705,1.124756880177889,0.8618
81,13:40-13:50,13:40,0.8623241095890416,0.6235,0.8904,1.04802,0.4662,1.1863,1.1254591561815221,0.8623
82,13:50-14:00,13:50,0.9025854794520562,0.65764,0.9105,1.14062,0.478,1.2461,1.1780061357323262,0.9026
83,14:00-14:10,14:00,0.9754490410958916,0.69948,0.9523,1.31544,0.4811,1.4592,1.2731037465867094,0.9754
84,14:10-14:20,14:10,1.0002054794520552,0.70992,0.9751,1.3545800000000001,0.5074,1.4822,1.3054145215175716,1.0002
85,14:20-14:30,14:20,0.997781917808219,0.70848,0.9847,1.3212199999999998,0.5381,1.4394,1.3022514189065062,0.9978
86,14:30-14:40,14:30,1.0270865753424654,0.73646,1.0153,1.3593199999999999,0.5646,1.5053,1.3404982854546297,1.0271
87,14:40-14:50,14:40,1.0906063013698624,0.78862,1.0726,1.4421000000000002,0.5867,1.5372,1.4234008234455309,1.0906
88,14:50-15:00,14:50,0.9376180821917808,0.65932,0.9366,1.22102,0.4626,1.3326,1.223728809005468,0.9376
89,15:00-15:10,15:00,0.6694043835616436,0.43262,0.6851,0.8539000000000001,0.2515,0.9561,0.8736706816959364,0.6694
90,15:10-15:20,15:10,0.6599739726027399,0.43457999999999997,0.6792,0.84192,0.2829,0.9117,0.8613626153410356,0.66
91,15:20-15:30,15:20,0.7217131506849314,0.49034,0.7503,0.90586,0.3429,0.9899,0.9419412776966996,0.7217
92,15:30-15:40,15:30,0.7307558904109591,0.49502,0.7635,0.9101400000000001,0.3284,1.0413,0.9537433763605934,0.7308
93,15:40-15:50,15:40,0.7534054794520553,0.52722,0.7824,0.9272200000000002,0.3517,1.0102,0.9833044046173572,0.7534
94,15:50-16:00,15:50,0.7823328767123281,0.5599,0.8107,0.96758,0.3876,1.0505,1.021058891299389,0.7823
95,16:00-16:10,16:00,0.8055224657534249,0.58276,0.829,0.98692,0.4239,1.0839,1.0513246985801654,0.8055
96,16:10-16:20,16:10,0.8271399999999998,0.59692,0.8604,0.99994,0.4817,1.0778,1.0795387442983932,0.8271
97,16:20-16:30,16:20,0.8519134246575335,0.6263,0.8888,1.0204,0.4914,1.0929,1.1118716888383318,0.8519
98,16:30-16:40,16:30,0.8790728767123291,0.6569999999999999,0.9152,1.0498,0.4975,1.1491,1.1473187483047662,0.8791
99,16:40-16:50,16:40,0.9024243835616436,0.6869999999999999,0.9388,1.0710600000000001,0.56,1.1532,1.1777958820204422,0.9024
100,16:50-17:00,16:50,0.9162898630136992,0.68198,0.9589,1.09232,0.5557,1.1698,1.1958923617902117,0.9163
101,17:00-17:10,17:00,0.926384657534247,0.65586,0.988,1.1035199999999998,0.5262,1.2008,1.2090675459194553,0.9264
102,17:10-17:20,17:10,0.9461676712328779,0.67008,1.0067,1.11474,0.5336,1.174,1.2348872738574803,0.9462
103,17:20-17:30,17:20,0.9741663013698632,0.72374,1.0431,1.12974,0.5758,1.181,1.2714295835271325,0.9742
104,17:30-17:40,17:30,0.9862210958904107,0.7276,1.063,1.1349799999999999,0.5853,1.2098,1.2871628544842706,0.9862
105,17:40-17:50,17:40,0.9759786301369866,0.70628,1.0632,1.12922,0.5743,1.1793,1.2737949377858024,0.976
106,17:50-18:00,17:50,1.0741761643835612,0.8556400000000001,1.1351,1.1999,0.7589,1.287,1.4019570902796314,1.0742
107,18:00-18:10,18:00,1.23127506849315,1.09834,1.249,1.32504,0.9981,1.4337,1.606994150116079,1.2313
108,18:10-18:20,18:10,1.2560512328767135,1.12852,1.2684,1.33958,1.0657,1.4668,1.63933067039942,1.2561
109,18:20-18:30,18:20,1.2446528767123273,1.10466,1.2616,1.3486,1.0398,1.4606,1.6244541475607623,1.2447
110,18:30-18:40,18:30,1.2545246575342475,1.1136,1.265,1.35516,1.0529,1.4648,1.637338266177302,1.2545
111,18:40-18:50,18:40,1.2521789041095899,1.11302,1.2613,1.36442,1.0452,1.449,1.6342767146787789,1.2522
112,18:50-19:00,18:50,1.2881276712328769,1.12432,1.2891,1.44486,1.0298,1.5733,1.6811951165446644,1.2881
113,19:00-19:10,19:00,1.346582739726027,1.1329,1.312,1.61684,1.0568,1.7497,1.7574875352875277,1.3466
114,19:10-19:20,19:10,1.352309315068494,1.1316,1.3118,1.6306400000000003,1.0646,1.7416,1.7649615541408499,1.3523
115,19:20-19:30,19:20,1.3444901369863018,1.12994,1.3062,1.59938,1.0109,1.6968,1.7547563824791055,1.3445
116,19:30-19:40,19:30,1.3482487671232877,1.1463999999999999,1.3114,1.6085000000000003,1.028,1.7686,1.7596619448486726,1.3483
117,19:40-19:50,19:40,1.3489506849315063,1.1372,1.3086,1.62626,1.0496,1.7113,1.7605780503075852,1.349
118,19:50-20:00,19:50,1.3473123287671245,1.1348,1.3086,1.62504,1.0708,1.7196,1.7584397557547764,1.3473
119,20:00-20:10,20:00,1.3481632876712326,1.14168,1.3079,1.6335600000000001,1.0643,1.7345,1.7595503816546125,1.3482
120,20:10-20:20,20:10,1.3513334246575337,1.13836,1.3106,1.63786,1.0675,1.7422,1.7636878743419997,1.3513
121,20:20-20:30,20:20,1.3400183561643844,1.1314199999999999,1.2996,1.6071600000000001,1.0473,1.7191,1.7489200541026875,1.34
122,20:30-20:40,20:30,1.3489093150684937,1.14368,1.3101,1.6179000000000001,1.048,1.7648,1.7605240565822564,1.3489
123,20:40-20:50,20:40,1.3952457534246572,1.17348,1.344,1.68524,1.1047,1.7936,1.820999889546776,1.3952
124,20:50-21:00,20:50,1.222633150684931,1.02898,1.1956,1.44752,0.9615,1.5304,1.5957151827115108,1.2226
125,21:00-21:10,21:00,0.9331597260273975,0.78036,0.9449,1.05518,0.6863,1.1515,1.2179100017717068,0.9332
126,21:10-21:20,21:10,0.9068391780821922,0.75944,0.9158,1.03424,0.6926,1.0946,1.183557834934155,0.9068
127,21:20-21:30,21:20,0.9371194520547952,0.7908999999999999,0.9455,1.06624,0.725,1.1779,1.2230780237067873,0.9371
128,21:30-21:40,21:30,0.9370676712328768,0.78964,0.9458,1.0621,0.6889,1.1765,1.2230104421565389,0.9371
129,21:40-21:50,21:40,0.9870958904109585,0.8351200000000001,0.9985,1.1235000000000002,0.7455,1.1925,1.2883045893516825,0.9871
130,21:50-22:00,21:50,0.7764457534246578,0.64228,0.7842,0.89052,0.5792,0.9669,1.0133753338828677,0.7764
131,22:00-22:10,22:00,0.42091753424657563,0.31664000000000003,0.4223,0.5225600000000001,0.2284,0.6333,0.549358979584743,0.4209
132,22:10-22:20,22:10,0.38586739726027397,0.28012,0.3833,0.49806,0.1958,0.5995,0.5036134215538428,0.3859
133,22:20-22:30,22:20,0.43682164383561634,0.33311999999999997,0.4365,0.5465599999999999,0.2565,0.6385,0.5701161700179671,0.4368
134,22:30-22:40,22:30,0.4198024657534247,0.32742,0.4151,0.5225,0.2457,0.6189,0.5479036520212074,0.4198
135,22:40-22:50,22:40,0.41858493150684895,0.32686000000000004,0.4161,0.5206000000000001,0.2409,0.6329,0.5463145916545358,0.4186
136,22:50-23:00,22:50,0.42405123287671237,0.33268,0.4248,0.53054,0.2551,0.6036,0.5534489148849188,0.4241
137,23:00-23:10,23:00,0.42366575342465757,0.32639999999999997,0.4237,0.51558,0.2688,0.6346,0.5529458077886302,0.4237
138,23:10-23:20,23:10,0.4247819178082191,0.33592,0.4234,0.51862,0.2408,0.5992,0.5544025656495252,0.4248
139,23:20-23:30,23:20,0.4240457534246576,0.33404,0.4251,0.5281600000000001,0.2646,0.5903,0.5534417633981201,0.424
140,23:30-23:40,23:30,0.42201342465753416,0.32017999999999996,0.421,0.51802,0.2657,0.625,0.5507892769444823,0.422
141,23:40-23:50,23:40,0.42401698630136964,0.32439999999999997,0.4254,0.5196000000000001,0.2763,0.6361,0.5534042180924266,0.424
142,23:50-24:00,23:50,0.42714904109589025,0.34234,0.4259,0.51704,0.257,0.6008,0.5574920079465632,0.4271
143,24:00-24:10,24:00,0.427578904109589,0.32806,0.4279,0.52944,0.2375,0.5967,0.5580530420859212,0.4276
