date,planned_purchase_kwh,planned_purchase_cost_yuan,emergency_purchase_kwh,emergency_purchase_cost_yuan,total_cost_yuan,surplus_kwh,soc_start_kwh,soc_end_kwh,forecast_mae_kwh,coverage_rate
2025-02-01,61231.576328129624,34341.52026898823,0.0,0.0,34341.52026898823,22740.717101000002,8550.0,8550.0,142.7532935185185,1.0
2025-02-02,94336.70697178393,59852.34599432842,29.734395333333282,186.44988842366632,60038.795882752085,11273.751944666667,8550.0,8550.0,64.04669785879626,0.9861111111111112
2025-02-03,91770.71067544442,57986.85400206954,118.82240533333362,383.0474040515008,58369.90140612104,6959.446527,8550.0,8550.0,41.81752410300923,0.9513888888888888
2025-02-04,91328.88540133333,57632.74009736738,385.0726408333329,1262.843052966332,58895.58315033371,5800.760758833334,8550.0,8550.0,36.340017071759235,0.8888888888888888
2025-02-05,90746.24143283333,57295.59955678829,350.13579649999986,1253.8032561881664,58549.40281297646,5629.616912666668,8550.0,8550.0,36.74098697916665,0.8958333333333334
2025-02-06,90853.00508679012,57402.304603467055,206.42884633333335,738.5734144340001,58140.87801790106,6099.522166833332,8550.0,8550.0,40.68566026620366,0.875
2025-02-07,56984.20718147531,31503.727960370004,0.0,0.0,31503.727960370004,21095.710021000003,8550.0,8550.0,145.0238091145833,1.0
2025-02-08,55878.220753563786,30861.746393055888,0.0,0.0,30861.746393055888,20238.87091416667,8550.0,8550.0,139.1222406597222,1.0
2025-02-09,89532.2441801111,56321.498101011864,472.1252829999998,1373.776095829748,57695.274196841616,5733.026707333335,8550.0,8550.0,41.41125916087961,0.8888888888888888
2025-02-10,87898.13347645474,55063.82548210577,98.20876749999991,582.0884517515826,55645.91393385735,8988.022398166668,8550.0,8550.0,65.35405132523145,0.9583333333333334
2025-02-11,87245.35529614403,54616.407879531704,61.32057433333341,327.42868671108357,54943.83656624279,7417.208463833334,8550.0,8550.0,55.55143376736108,0.9444444444444444
2025-02-12,86343.69616424691,53936.61820781745,199.20821583333264,997.1064933644975,54933.72470118195,6637.1776536666675,8550.0,8550.0,52.41549501157405,0.8541666666666666
2025-02-13,85774.76886308435,53696.37243412243,163.3365356666676,519.2095548232523,54215.58198894568,10006.382939833333,8550.0,8550.0,78.50354717013887,0.8541666666666666
2025-02-14,51612.29562355556,28213.657443115717,3.5553134999999543,8.50608754874989,28222.163530664468,17754.2704635,8550.0,8550.0,133.2604917534722,0.9930555555555556
2025-02-15,49971.90312482099,27289.5882733037,0.0,0.0,27289.5882733037,16638.254582500005,8550.0,8550.0,125.50147121527776,1.0
2025-02-16,83381.14814053086,51899.655121236305,797.0510446666668,3115.6459618317485,55015.30108306805,4329.8091095,8550.0,8550.0,42.120761874999985,0.6875
2025-02-17,81761.26289199998,50676.984119017194,313.5800893333328,1358.7522950989994,52035.736414116196,6489.313148000001,8550.0,8550.0,59.3022631597222,0.8125
2025-02-18,80964.15600116664,50271.81587545868,313.23898550000035,1285.1193456841672,51556.93522114284,4784.340536666666,8550.0,8550.0,49.436172824074035,0.7777777777777778
2025-02-19,80311.65895383334,49523.42090388792,974.6929156666669,3452.991880208085,52976.41278409601,4005.3467551666663,8550.0,8550.0,46.21786821759257,0.6527777777777778
2025-02-20,80485.73210666666,49791.21231696705,439.48418566666646,1755.5395394216662,51546.75185638872,5526.081096166667,8550.0,8550.0,56.775508640046255,0.7986111111111112
2025-02-21,46842.749995499995,25552.52890893155,0.0,0.0,25552.52890893155,17229.154628833337,8550.0,8550.0,139.8288016145833,1.0
2025-02-22,45561.832889117286,24908.780535094367,32.544916666666666,69.63560412499999,24978.416139219367,13816.257307500004,8550.0,8550.0,116.36673968171294,0.9861111111111112
2025-02-23,78203.815755005,48070.75653179661,1199.697892166667,4077.9436101430865,52148.70014193969,3463.2012330000007,8550.0,8550.0,46.664816302083324,0.6319444444444444
2025-02-24,76257.1882675782,46663.20151889252,510.4364176666668,2247.892292893917,48911.093811786435,4182.2259318333345,8550.0,8550.0,53.127908755787026,0.7222222222222222
2025-02-25,76630.0985260432,47104.81652142577,719.7280105000011,2462.3440354390877,49567.16055686485,7123.986545999999,8550.0,8550.0,76.93460222222221,0.7013888888888888
2025-02-26,75048.87998585597,45915.51054002845,1220.0409748333336,4759.396583622834,50674.90712365128,3103.715175833334,8550.0,8550.0,45.44044115740738,0.6111111111111112
2025-02-27,73615.31984943827,45079.88646728672,1105.7958086666656,5130.336371043995,50210.222838330716,4109.702118666668,8550.0,7950.0,52.65927853587961,0.6944444444444444
2025-02-28,42409.00187030247,23376.873811895057,61.62231483333278,260.0393545300813,23636.91316642514,15400.331061333329,7950.0,7950.0,125.95645644097219,0.9652777777777778
2025-03-01,42585.033783306586,23454.531933312144,107.12313549999988,417.62565638566593,23872.15758969781,14671.622508999999,7950.0,8550.0,121.69821175925924,0.9652777777777778
2025-03-02,73723.43207733333,44968.911417519164,5235.279770666664,20127.507526878988,65096.41894439815,2286.6697568333334,8550.0,8550.0,54.054574664351826,0.5416666666666666
2025-03-03,71382.99685998147,43501.69122677368,6553.707653166666,26547.602597535497,70049.29382430918,1747.0640265000009,8550.0,8550.0,44.089182771990735,0.375
2025-03-04,72350.72564323456,44120.260430393886,2725.809610166666,9617.525868135664,53737.78629852955,1598.7329208333335,8550.0,8550.0,31.616308362268512,0.5277777777777778
2025-03-05,73388.62926037036,44847.203163932005,1017.2323736666661,3971.8676238348326,48819.07078776684,3890.090484166666,8550.0,8550.0,48.37844455439812,0.7361111111111112
2025-03-06,70476.07077096502,43058.67700200077,2056.3546236666657,8122.62181637408,51181.298818374846,3137.700624166666,8550.0,7860.712652837037,41.41537657986109,0.6388888888888888
2025-03-07,40279.562563495885,22397.39753740794,24.95174799999978,107.54974192908239,22504.947279337022,16273.700324216052,7860.712652837037,7443.40316835,126.17930680555553,0.9861111111111112
2025-03-08,41775.82214933334,23113.425823799585,0.0,0.0,23113.425823799585,17975.83567066666,7443.40316835,8550.0,142.4884304571759,1.0
2025-03-09,73835.23995110081,44904.55810458244,389.704904166667,1543.9904834648344,46448.54858804727,6543.693556833334,8550.0,8550.0,67.58373765624998,0.8263888888888888
2025-03-10,70568.19233831274,42817.01017403748,3670.029091166666,12640.134882877495,55457.145056914975,2004.296233833332,8550.0,8550.0,41.12867023726851,0.5277777777777778
2025-03-11,70589.34189035802,42796.72941329088,1403.3036163333327,5573.305407450831,48370.03482074171,3886.0553238333355,8550.0,8550.0,45.343467175925916,0.6736111111111112
2025-03-12,70460.86268261317,42785.038098576406,620.5616740000005,1907.7131464181682,44692.75124499457,4447.813325166668,8550.0,8550.0,51.79824663773148,0.7430555555555556
2025-03-13,67094.1908935679,40974.90031603415,5013.115294999998,18175.905527146326,59150.80584318048,2136.4067324999996,8550.0,7004.631753148149,56.66898416666666,0.5069444444444444
2025-03-14,39016.46158011934,21727.412940958504,0.0,0.0,21727.412940958504,20042.65382033333,7004.631753148149,6594.590208148149,138.6762275636574,1.0
2025-03-15,41335.1943855,22776.27439162475,121.21956333333338,266.11892706791673,23042.393318692666,15035.7533195,6594.590208148149,8550.0,108.52209559606479,0.9722222222222222
2025-03-16,70303.52319256173,42428.0181001148,1261.8214606666656,5153.309690740412,47581.32779085521,4072.0358501666665,8550.0,8550.0,43.23795185763887,0.625
2025-03-17,69739.95861231482,42096.990850026894,281.36079383333276,1132.3220009691645,43229.31285099606,8019.098859833335,8550.0,8550.0,71.14435973379629,0.875
2025-03-18,67833.86045637244,40868.089342338586,1331.5772858333319,6261.8197663669935,47129.90910870558,3892.4945513333337,8550.0,8550.0,41.87511204282406,0.7013888888888888
2025-03-19,67528.49993372426,40657.569963104936,934.9298518333326,4458.530853308914,45116.10081641385,4852.580688666669,8550.0,8550.0,45.19872382523147,0.7847222222222222
2025-03-20,64879.66945827777,39564.64454618584,1401.0390828333316,5353.318738562327,44917.96328474816,2672.0793334999994,8550.0,6107.191016296297,33.62770027199073,0.5902777777777778
2025-03-21,37495.75818469959,20906.333321263635,0.0,0.0,20906.333321263635,22632.889594499997,6107.191016296297,5766.753402407408,142.75639074074073,1.0
2025-03-22,40748.350352333335,22343.8829029682,0.0,0.0,22343.8829029682,18625.562014500007,5766.753402407408,8550.0,122.09114134259259,1.0
2025-03-23,67380.15146352469,40435.6124878802,1004.5760481666665,3749.3662700293326,44184.978757909535,5495.605078333334,8550.0,8550.0,52.0341684548611,0.6875
2025-03-24,67055.05846151852,40365.38451017407,803.2649565000004,2610.1520689882523,42975.536579162326,5759.875288166669,8550.0,8550.0,51.45878981481482,0.7430555555555556
2025-03-25,65511.548442327155,39409.14910331798,2361.869671499999,9211.822053077913,48620.97115639589,2801.8204663333327,8550.0,8550.0,39.824681192129624,0.5833333333333334
2025-03-26,65386.9246145823,39300.978771732975,643.296095166667,2110.0563102152505,41411.03508194823,6330.705660166669,8550.0,8550.0,54.497377239583344,0.7638888888888888
2025-03-27,61628.53376227161,37651.638694760855,1288.5286708333324,4667.537746993913,42319.17644175477,3711.2916066666694,8550.0,5312.796913888891,37.76372030671296,0.6180555555555556
2025-03-28,36675.50122442386,20401.21059246666,32.31548283333328,117.20729420933316,20518.417886675994,22744.92679083333,5312.796913888891,5391.239210740741,128.66962880787034,0.9861111111111112
2025-03-29,40118.462406862134,21785.345844759395,0.0,0.0,21785.345844759395,25829.70757783333,5391.239210740741,8550.0,158.320188912037,1.0
2025-03-30,65006.61883389095,38901.55529546313,802.2203245000002,2705.90169975775,41607.45699522088,6378.202956500003,8550.0,8550.0,55.738353281250006,0.7430555555555556
2025-03-31,63945.58721756379,38242.45242702075,1317.9543818333323,5348.198268039159,43590.65069505991,4220.476097166668,8550.0,8550.0,43.768603136574065,0.6666666666666666
2025-04-01,63481.3365711934,37938.24056286423,3291.1289133333325,9569.177899777002,47507.41846264123,2466.9933168333337,8550.0,8550.0,48.473647986111104,0.5
2025-04-02,61383.791195378595,36766.05312702597,5510.143662666667,21385.376496764835,58151.4296237908,2458.2288926666665,8550.0,8550.0,54.349300405092585,0.4652777777777778
2025-04-03,59454.63072627365,36161.10416188761,1467.8401351666664,6321.677475718248,42482.78163760586,5205.837000333329,8550.0,4804.731218148148,46.93070262152777,0.6180555555555556
2025-04-04,35587.556185281894,19606.106272502268,0.0,0.0,19606.106272502268,26204.047137499998,4804.731218148148,4798.99843388889,137.5671391377315,1.0
2025-04-05,39966.549371999994,21495.23561492985,4.9428958333332105,18.06134137499955,21513.29695630485,20814.80920833333,4798.99843388889,8550.0,110.10035805555553,0.9861111111111112
2025-04-06,61481.76874283538,36602.72880840981,864.5954866666672,3154.416251507251,39757.145059917064,3905.4227824999994,8550.0,8550.0,36.7989292997685,0.7013888888888888
2025-04-07,60794.73650519547,36340.36911631818,726.2466184999996,1896.368945040916,38236.738061359094,4366.408702666666,8550.0,8550.0,44.58438271412035,0.75
2025-04-08,61908.56106961316,36796.62770798874,1172.5470258333332,5275.514275081333,42072.14198307007,4749.488694666668,8550.0,8550.0,42.48979917824076,0.6180555555555556
2025-04-09,60413.9521201893,35974.58532714903,4494.2809525,16495.4546928505,52470.04001999953,1754.8692899999992,8550.0,8550.0,38.22692710648149,0.4861111111111111
2025-04-10,57749.627915423865,35115.00510092673,1150.636683,4966.56862255375,40081.573723480484,4608.034958,8550.0,4802.419200555555,41.46107795717592,0.6805555555555556
2025-04-11,34770.312012395065,18996.080676063735,1.4408333333333303,3.0243091666666606,18999.104985230402,26808.824357833335,4802.419200555555,4536.21439314815,126.18157669560183,0.9930555555555556
2025-04-12,39780.573696499996,21249.49748379355,81.73202066666613,183.3438967169988,21432.841380510552,23488.07145433333,4536.21439314815,8550.0,115.99357162037035,0.9652777777777778
2025-04-13,58990.78703030659,35139.71457192877,1907.2783608333316,7432.696571649909,42572.41114357868,2716.8268706666686,8550.0,8550.0,31.958499513888885,0.625
2025-04-14,58774.95227416999,35118.759437023604,1421.0818966666661,5376.5763902548315,40495.33582727844,3867.627198166665,8550.0,8550.0,42.273961631944445,0.6319444444444444
2025-04-15,61131.944155244855,36278.32590094997,937.3260728333339,4204.046890921586,40482.37279187155,7929.662223833332,8550.0,8550.0,62.416190503472194,0.7708333333333334
2025-04-16,60628.77733859465,35859.96059546389,1748.1663671666647,6074.8247236426605,41934.78531910655,2616.708415500001,8550.0,8550.0,35.187346348379634,0.5972222222222222
2025-04-17,55189.14787409465,33680.3995594216,627.9786815000003,2507.4408744725843,36187.84043389419,3729.5154671666664,8550.0,4365.063320403704,32.465179594907404,0.7430555555555556
2025-04-18,34011.769243121395,18487.538945495067,0.0,0.0,18487.538945495067,25118.351252000004,4365.063320403704,4084.4728818518515,103.2106154050926,1.0
2025-04-19,39314.326967,20836.019742651217,0.0,0.0,20836.019742651217,24774.006643999997,4084.4728818518515,8550.0,114.55020565393518,1.0
2025-04-20,58138.48387245333,34542.9920652671,1565.0399846666671,6991.06449624742,41534.05656151452,3985.713319833333,8550.0,8550.0,34.40828200810184,0.7013888888888888
2025-04-21,58047.47916630372,34402.910529109664,780.1258306666662,2918.7238022945803,37321.634331404246,6506.652244000001,8550.0,8550.0,54.148740370370376,0.6736111111111112
2025-04-22,58623.57846683539,34934.06712582669,1341.1136581666667,4484.8600514869995,39418.927177313686,4098.144595833334,8550.0,8550.0,40.68005613425926,0.6666666666666666
2025-04-23,59915.81405780658,35214.882555756645,407.6720316666665,1487.1537825729984,36702.03633832964,5125.058656999998,8550.0,8550.0,42.25405854745369,0.7638888888888888
2025-04-24,52832.62645258699,32279.477931628786,245.59897899999982,1045.5681903339164,33325.0461219627,7451.400495666668,8550.0,3834.2051625925933,56.432990642361105,0.8402777777777778
2025-04-25,33020.50634415432,17753.62863234718,0.0,0.0,17753.62863234718,28544.129452041147,3834.2051625925933,3599.3580792592593,118.37753998263887,1.0
2025-04-26,38783.09795033334,20290.264974876452,0.0,0.0,20290.264974876452,30520.65992166667,3599.3580792592593,8550.0,141.2506998784722,1.0
2025-04-27,56390.82440753292,33333.9346596383,1180.1098405,4828.8017731675,38162.736432805796,5196.012691333334,8550.0,8550.0,36.87817410300924,0.7291666666666666
2025-04-28,55552.97448068518,32874.54204639086,6348.739547499998,25029.020143634327,57903.562190025186,1600.363125500001,8550.0,8550.0,59.642393657407396,0.4652777777777778
2025-04-29,56965.37151506996,33838.82380978085,656.3852006666655,2703.710872957828,36542.534682738675,6487.670828666667,8550.0,8550.0,43.63999585648146,0.8541666666666666
2025-04-30,58184.25035395226,34242.25698372245,523.0614823333331,1971.8870749452485,36214.1440586677,6819.617216000001,8550.0,8550.0,51.06257912615741,0.7847222222222222
2025-05-01,49361.8719888498,30552.665656179386,3363.9090221666656,15733.56658607866,46286.23224225805,3829.8730538333357,8550.0,3353.3323694444443,45.694082222222235,0.4513888888888889
2025-05-02,32485.64833728189,17542.393711004457,1647.4634135,6676.393704029583,24218.78741503404,17328.68092549999,3353.3323694444443,3234.6951264814807,56.01540620370369,0.7152777777777778
2025-05-03,38467.15347400823,20133.770033445264,162.32394149999988,755.3830267091663,20889.15306015443,21376.831117166665,3234.6951264814807,8426.467269614815,77.92925021412037,0.9236111111111112
2025-05-04,55234.30671305144,32980.74885187314,3684.860339166666,14785.935467504665,47766.684319377804,3371.483611333332,8426.467269614815,8550.0,58.5570704861111,0.4652777777777778
2025-05-05,55100.772613465015,32866.78366164475,5309.187047333331,24256.161022187407,57122.94468383216,2452.2516053333343,8550.0,7950.0,52.1581970138889,0.375
2025-05-06,55269.481546925934,33239.720596717554,4622.911507999999,21196.294224312664,54436.014821030214,2827.288457500001,7950.0,8550.0,50.112951828703736,0.3819444444444444
2025-05-07,57423.97055097736,34206.17261195932,3459.6302076666652,16299.803481436076,50505.976093395395,2574.126038000001,8550.0,8209.652944170373,39.62144130208335,0.4444444444444444
2025-05-08,51458.1604929218,32279.95935995043,4813.645973833334,18271.443874176926,50551.403234127356,2105.4547924999997,8209.652944170373,3367.847808703704,61.01765413773148,0.4375
2025-05-09,34069.437182345675,19012.46230714766,18.031716666666664,68.91722109999999,19081.37952824766,23175.15108983333,3367.847808703704,3171.1973924074077,78.59572985532405,0.9930555555555556
2025-05-10,40077.64019897119,21499.696721373053,96.82409249999972,405.9282243344154,21905.62494570747,19473.707758166667,3171.1973924074077,8550.0,61.7465796585648,0.9375
2025-05-11,57843.39482142386,34778.37943061242,3600.052444166665,15454.460260558493,50232.83969117091,2251.2374136666676,8550.0,8550.0,52.082493512731475,0.5069444444444444
2025-05-12,58882.532311573326,35242.569376594576,2603.176690666666,9174.337190015496,44416.90656661007,5856.442012000001,8550.0,8550.0,59.75427627314816,0.6111111111111112
2025-05-13,57451.76592876749,34870.34846448654,2129.322210999999,8890.39159593666,43760.740060423195,2871.1894100000027,8550.0,8550.0,43.703168634259264,0.6180555555555556
2025-05-14,59984.89710295274,35946.57881725022,1084.312205666667,4479.572678277503,40426.15149552772,4437.151312,8550.0,8550.0,33.699625260416674,0.6388888888888888
2025-05-15,53265.06660294444,33514.07329090481,1621.6440488333337,6287.428224642335,39801.50151554715,4522.4306843333325,8550.0,3129.1661961111117,37.37950490740741,0.6597222222222222
2025-05-16,34818.5648789856,19810.559563882198,2.893935499999941,6.179999260249874,19816.739563142448,29556.293527166676,3129.1661961111117,3082.990804074074,124.75281126157405,0.9930555555555556
2025-05-17,40971.33282416666,22418.0030715393,129.19404466666634,354.7481717964157,22772.751243335715,21994.752842500002,3082.990804074074,8550.0,79.01176965277777,0.9652777777777778
2025-05-18,59616.62534713168,36153.08292313169,1665.9441684999993,5477.148843597831,41630.23176672952,4017.448081166668,8550.0,8550.0,41.58962952546296,0.6388888888888888
2025-05-19,60393.006278789995,36436.51938320047,425.29668949999945,2162.0109156361664,38598.53029883664,9767.417380833333,8550.0,8550.0,52.14826383680555,0.8402777777777778
2025-05-20,58787.17247993621,35663.222676819816,2409.4322525000002,9440.584024011834,45103.80670083165,3071.9456458333348,8550.0,8550.0,50.443123651620375,0.6180555555555556
2025-05-21,60059.39974203022,36210.20504453697,1740.3352443333329,6946.455249597414,43156.66029413438,6874.674594166669,8550.0,8550.0,50.398795966435195,0.7083333333333334
2025-05-22,53742.85736761729,33983.24488005004,329.6447421666669,1370.1267717909172,35353.37165184096,5772.4146898333365,8550.0,3055.877118518519,29.09244760416666,0.8611111111111112
2025-05-23,34934.7811321893,20118.84428793224,0.0,0.0,20118.84428793224,26173.39774383334,3055.877118518519,2850.919009074074,89.93275339699073,1.0
2025-05-24,41689.09360566667,23126.071491093247,0.0,0.0,23126.071491093247,29068.75266383333,2850.919009074074,8550.0,115.03659193287035,1.0
2025-05-25,60529.73589201852,36881.63100202577,409.676680333333,1697.042808390665,38578.67381041644,8850.153269333332,8550.0,8550.0,36.657191221064814,0.8402777777777778
2025-05-26,60065.764374251026,36606.143154180565,2271.8699709999996,8326.557273576913,44932.700427757474,4248.082276166668,8550.0,8550.0,43.42420080439815,0.7222222222222222
2025-05-27,59584.158752835385,36498.49362326275,589.2901021666667,2209.9418747063337,38708.43549796908,7264.537666166667,8550.0,8550.0,42.10917923611112,0.8125
2025-05-28,59678.25973423867,36513.91568694135,1805.2358190000018,6506.620342459255,43020.5360294006,5711.4741423333335,8550.0,8550.0,46.579256099537034,0.6736111111111112
2025-05-29,54563.132604144026,34509.41715459556,1813.4666429999975,7171.948852597074,41681.366007192635,4832.627308500001,8550.0,2992.3931874074074,42.89353961805555,0.6111111111111112
2025-05-30,35451.45305807408,20472.447542782655,31.893845833333273,69.42464160624986,20541.872184388903,26393.652770333338,2992.3931874074074,2916.591918148149,94.24931858796296,0.9861111111111112
2025-05-31,41826.16822483334,23225.207065552968,89.39709999999991,191.13099979999978,23416.338065352968,24719.6498345,2916.591918148149,8550.0,88.08908185185184,0.9930555555555556
2025-06-01,60480.60137644239,36782.05797542106,14493.817139666662,57849.65884579898,94631.71682122003,202.14863350000022,8550.0,8550.0,142.39765390625,0.08333333333333333
2025-06-02,62310.781947467076,37840.40603828065,11496.412342666663,47990.82267653108,85831.22871481173,1605.8457231666657,8550.0,8550.0,120.18021204282407,0.16666666666666666
2025-06-03,62778.440114032914,38174.54622443857,9547.112181166665,40211.2122807485,78385.75850518707,544.5858691666675,8550.0,8550.0,113.09176716435188,0.1388888888888889
2025-06-04,64932.18311800822,39508.03321017692,8948.502243166664,34061.18455336499,73569.2177635419,564.8276888333344,8550.0,8550.0,113.9317108101852,0.1597222222222222
2025-06-05,62952.77972250411,39483.98297864149,6547.252952499995,26511.333573406067,65995.31655204756,483.4804565000012,8550.0,3162.3777950000012,102.79443564814817,0.14583333333333334
2025-06-06,39400.18252043621,23331.516644287607,2255.715521833331,8781.090221978575,32112.606866266182,7978.492042333336,3162.3777950000012,3330.655057592594,73.37838757523147,0.6944444444444444
2025-06-07,45356.328085333334,25881.195504311552,1090.543519333332,3893.8129195894962,29775.008423901047,6886.28132316667,3330.655057592594,8550.0,62.70705249999998,0.7777777777777778
2025-06-08,73886.06927075308,45117.01893463677,1768.025780333332,6971.687575596497,52088.70651023326,6360.2159188333335,8550.0,8550.0,68.08228074652779,0.5555555555555556
2025-06-09,72889.6957685823,44617.583630296765,4445.403550666664,18055.936694056072,62673.52032435284,2426.5644220000013,8550.0,8550.0,95.23416380208334,0.3611111111111111
2025-06-10,74696.43443714404,45859.56692824754,3425.2695121666666,13450.870118414665,59310.437046662206,2366.2063745000005,8550.0,8550.0,95.63138584490741,0.4791666666666667
2025-06-11,75549.66517174692,46330.8657967231,6437.506682166664,28131.046252357322,74461.91204908042,1771.348688000001,8550.0,8550.0,125.68949140046296,0.3541666666666667
2025-06-12,72077.12005457818,45507.48192188086,2281.9763791666655,9291.909698137497,54799.39162001836,2858.180393166668,8550.0,3861.066501851852,97.85012410300926,0.6041666666666666
2025-06-13,44909.14397049177,26746.812100154995,550.9635138333332,2664.928696828749,29411.740796983744,12609.25296266667,3861.066501851852,5446.996392020372,53.68418312499999,0.9166666666666666
2025-06-14,48858.89162146913,28376.77589488148,90.72574683333323,203.74171484399974,28580.51760972548,16541.643808333334,5446.996392020372,8550.0,52.819926122685175,0.9722222222222222
2025-06-15,81114.98878008712,50432.69139596993,1042.4850418333326,4534.101059519249,54966.79245548918,7151.2882899999995,8550.0,8550.0,68.13835144097223,0.8611111111111112
2025-06-16,82885.22737051852,52013.10470421467,708.3927835000002,2674.8081603932505,54687.91286460792,6550.302847666668,8550.0,8550.0,67.57554462384259,0.7847222222222222
2025-06-17,83377.91327868724,52192.293452552854,1427.9541915000004,5690.868818500421,57883.162271053276,5732.845494333336,8550.0,8550.0,79.73150167245372,0.7361111111111112
2025-06-18,84588.77525525307,52960.39123357758,197.34552816666672,775.1495296390838,53735.54076321667,9450.135453666666,8550.0,8550.0,51.315585410879635,0.9097222222222222
2025-06-19,83915.44233438477,52833.68243357875,287.38377583333346,1218.931552807584,54052.613986386335,12140.319543000001,8550.0,7950.0,40.56297677083335,0.875
2025-06-20,51538.62544916666,30488.366101007257,0.0,0.0,30488.366101007257,26177.626453833338,7950.0,7950.0,76.52179248263889,1.0
2025-06-21,52011.360591670775,30529.54457264347,0.0,0.0,30529.54457264347,29089.55440966667,7950.0,8550.0,94.1117008912037,1.0
2025-06-22,87176.06471429628,54988.83165134925,28.46912283333336,61.706823741250055,55050.5384750905,15252.088716666669,8550.0,8550.0,41.22805806134258,0.9930555555555556
2025-06-23,88831.87017283539,56412.545463561444,67.64990166666666,147.79433666716668,56560.33980022861,17226.6873095,8550.0,8550.0,39.149190578703696,0.9652777777777778
2025-06-24,87988.01821514197,55642.1977501341,1235.9780635000006,5216.461805663337,60858.659555797436,8334.946790500004,8550.0,8550.0,70.72707526620371,0.8263888888888888
2025-06-25,88850.85892145267,56227.041914017806,337.48644416666616,979.7090868274147,57206.75100084522,14140.19855,8550.0,8550.0,45.069519600694434,0.9166666666666666
2025-06-26,88246.096019786,55806.12256387807,5.595869833333268,15.284654768249737,55821.407218646316,16001.558897166666,8550.0,8550.0,45.945546336805556,0.9791666666666666
2025-06-27,54636.284583674904,32506.66120056446,0.0,0.0,32506.66120056446,32457.641272499997,8550.0,7952.43367351111,115.24363911458333,1.0
2025-06-28,54666.19793952675,32275.87700391095,0.0,0.0,32275.87700391095,29159.410708333337,7952.43367351111,8550.0,92.91401793402775,1.0
2025-06-29,88229.01111536831,55738.545336062496,224.7532285,862.2312169255835,56600.77655298808,14577.356043499996,8550.0,8550.0,46.27345840856482,0.9166666666666666
2025-06-30,88292.64185269136,56041.61667490053,466.3482175000004,1814.2122926935017,57855.82896759403,14194.844770666665,8550.0,8550.0,44.39453740162036,0.9027777777777778
2025-07-01,90037.20395697941,57032.86653686936,3933.9619389999993,12483.115929003496,69515.98246587286,10426.842265166666,8550.0,8550.0,73.30526009837965,0.4930555555555556
2025-07-02,88503.45072880041,55853.84754325739,4033.2905619999997,12910.856225236912,68764.7037684943,15000.171408666665,8550.0,8550.0,96.8343966377315,0.5
2025-07-03,86629.31349199793,54679.01748486236,4593.555155166669,15740.34353411717,70419.36101897953,7072.291503666665,8550.0,8380.915458464817,87.15981039351855,0.4652777777777778
2025-07-04,53612.658119644024,31888.536787474375,748.8767464999996,1775.3568051326647,33663.89359260704,22947.627375,8380.915458464817,7950.0,108.56350226273149,0.7708333333333334
2025-07-05,54492.2840831214,32129.187438823577,667.0766043333334,1556.7824155702501,33685.96985439383,22651.749051,7950.0,8550.0,102.34076823495371,0.8125
2025-07-06,85609.18633704173,53635.8345352474,4363.450076833332,16171.146145998413,69806.98068124581,5772.709694166666,8550.0,8550.0,94.93050041666669,0.4305555555555556
2025-07-07,89108.10893416665,56379.132200499276,1910.525075,5662.185423411665,62041.317623910945,13023.799875,8550.0,8550.0,72.06452841435187,0.625
2025-07-08,91386.61839296708,57776.44290427196,1141.9640873333328,4388.9070367356635,62165.34994100762,12364.591434,8550.0,8550.0,80.79791159143522,0.6666666666666666
2025-07-09,88722.2263257325,55975.80553217288,930.0954814999993,3575.1168179234155,59550.9223500963,11195.729996333333,8550.0,8550.0,64.9018869039352,0.7291666666666666
2025-07-10,85475.91225530196,54373.91162460543,1019.6184090000006,3421.734396185251,57795.646020790686,11541.15050416667,8550.0,6522.613167411114,66.86286997106485,0.7569444444444444
2025-07-11,50282.43485411523,30934.70454469286,25.887407833333327,56.45711007774999,30991.16165477061,16668.882831833333,6522.613167411114,4918.52991767593,62.483067401620346,0.9861111111111112
2025-07-12,55110.980553738686,32934.48755887184,25.674199999999928,54.03135389999984,32988.51891277184,17158.318624333337,4918.52991767593,8550.0,62.3470587037037,0.9930555555555556
2025-07-13,85804.46371281357,53719.51122882723,785.8575446666664,3658.105619887334,57377.61684871456,12934.436872500002,8550.0,8550.0,87.30411397569446,0.7152777777777778
2025-07-14,84153.57351038477,52791.59505940662,691.8907421666662,3112.3090095866673,55903.90406899329,8756.64331516667,8550.0,8550.0,64.05562696759262,0.7569444444444444
2025-07-15,88478.18857554079,55913.58097517473,625.0817538333331,1653.8086709503339,57567.38964612506,12051.762336333333,8550.0,8550.0,62.59238004050927,0.875
2025-07-16,84599.38538481129,53034.91616548831,960.7701764999994,3613.8858157472478,56648.801981235556,9199.3758595,8550.0,8550.0,56.336776186342604,0.8194444444444444
2025-07-17,79368.46023977366,50948.48078387663,597.7249375000004,2585.7012113233363,53534.181995199964,7706.704668166665,8550.0,4314.851753333334,50.92628729166669,0.8194444444444444
2025-07-18,52022.633094018514,32100.826030263495,67.4499263333334,160.34738720416684,32261.173417467664,17902.499905833327,4314.851753333334,4379.0929164814825,57.978889317129614,0.9722222222222222
2025-07-19,57146.08259133333,34363.016773608084,0.0,0.0,34363.016773608084,22472.780499499997,4379.0929164814825,8550.0,86.01898570601851,1.0
2025-07-20,83719.65095813373,52560.20397901449,575.2615989999999,1994.2088010045827,54554.412780019076,8059.708573166667,8550.0,8550.0,43.84104527777779,0.8819444444444444
2025-07-21,82274.4289238539,51724.57177114617,1691.643212833334,6043.613759144085,57768.185530290255,5938.143476833331,8550.0,8550.0,46.30778696180558,0.7569444444444444
2025-07-22,87727.86850730462,55327.53223684769,846.0587123333335,3583.336629903084,58910.868866750774,10573.062579333331,8550.0,8550.0,45.48485082175926,0.9097222222222222
2025-07-23,84080.13533846295,53005.51271863413,1785.4180443333316,7378.663753865909,60384.17647250004,7615.2837739999995,8550.0,8550.0,40.7826772800926,0.7638888888888888
2025-07-24,80712.22397568313,52021.275782129014,2003.0534508333335,8095.058103773334,60116.33388590235,9286.303783166668,8550.0,4623.507684074075,48.687888026620385,0.8194444444444444
2025-07-25,54444.102192244856,33747.46116973752,0.0,0.0,33747.46116973752,25231.813129166665,4623.507684074075,4442.6255712962975,106.0176661574074,1.0
2025-07-26,59703.94566683333,36279.859228876594,213.82163083333307,515.0143875069994,36794.87361638359,24015.372078499997,4442.6255712962975,8550.0,92.35132068287035,0.9722222222222222
2025-07-27,84691.59872097531,53434.79080503472,1563.2073236666652,7639.790223783992,61074.581028818706,8489.4988155,8550.0,8550.0,41.33333854166668,0.7986111111111112
2025-07-28,84811.94950027572,53576.04139456214,3596.7916786666665,14079.39255098083,67655.43394554297,6398.0071371666645,8550.0,8550.0,50.804652181712974,0.6527777777777778
2025-07-29,86914.78689103086,54938.82309920585,2659.4853473333324,9128.630328806581,64067.453428012435,9322.86375,8550.0,8550.0,45.198527934027766,0.7638888888888888
2025-07-30,85437.04402099177,54002.68776835959,1714.637410333332,7773.703327769159,61776.39109612875,8872.190588333331,8550.0,8550.0,42.857989832175925,0.7986111111111112
2025-07-31,81706.68504889095,52559.03738075878,1263.2516506666661,5075.465589538998,57634.50297029778,8157.773132833336,8550.0,4831.2701,35.70831475115741,0.8125
2025-08-01,53629.738683228396,33233.34633246401,0.0,0.0,33233.34633246401,29750.8304175,4831.2701,4540.560665000001,149.20975425925926,1.0
2025-08-02,58532.50185816666,35501.7213742513,0.0,0.0,35501.7213742513,30260.314856666664,4540.560665000001,8550.0,145.96210590856478,1.0
2025-08-03,84581.54431374074,53389.96249255186,4.124108333333197,18.762630862499382,53408.725123414355,17492.592159,8550.0,8550.0,84.55923309606479,0.9930555555555556
2025-08-04,83570.95094628396,52687.06528053373,31.48286250000001,68.37154670000001,52755.43682723373,14132.893144333335,8550.0,8550.0,63.439101192129606,0.9861111111111112
2025-08-05,81794.48589588271,51617.159426784376,27.048736999999733,153.90487762458181,51771.06430440896,12654.979804,8550.0,8550.0,55.98558986689814,0.9861111111111112
2025-08-06,80062.7742571461,50564.74794745755,1131.6829743333328,4720.297832993665,55285.04578045122,9062.695874500001,8550.0,8550.0,49.753303912037026,0.8680555555555556
2025-08-07,74472.29975692387,48112.0909848827,213.91253833333332,800.7759024753327,48912.86688735803,12180.526512999999,8550.0,4187.012494259259,61.815165682870344,0.9375
2025-08-08,50026.40411685391,30641.179452188102,0.0,0.0,30641.179452188102,31559.375909000002,4187.012494259259,4060.879611666667,156.53370038773147,1.0
2025-08-09,55202.859195666664,33054.680569537995,15.063203666666624,60.94572203533316,33115.62629157333,28519.118383166668,4060.879611666667,8550.0,130.8574225868055,0.9930555555555556
2025-08-10,75934.74347838477,48130.74544372855,1378.909246499999,4845.779362341246,52976.52480606979,8115.800650333332,8550.0,8550.0,47.2989615046296,0.8125
2025-08-11,77714.45598586625,49009.62576111745,490.5157374999992,2082.184957606746,51091.8107187242,9784.388139333336,8550.0,8550.0,50.906861776620374,0.8611111111111112
2025-08-12,77233.44907744444,48514.42206857611,873.659320333333,3674.29965571533,52188.72172429144,6492.902260333335,8550.0,8550.0,39.49942443865741,0.7708333333333334
2025-08-13,77164.41862294033,48776.47191426571,867.4206094999993,3806.724298053414,52583.196212319126,7994.3815235,8550.0,8550.0,47.46530806134256,0.7916666666666666
2025-08-14,71707.79263569548,46342.67058094444,998.8661688333324,4745.297393862079,51087.96797480652,7932.3784575,8550.0,3993.0082081481487,51.06580553819443,0.75
2025-08-15,47902.63867906584,29381.867574027052,3.744741333333195,8.240303303999696,29390.10787733105,28110.788545833333,3993.0082081481487,3852.67008275,127.02496580439814,0.9930555555555556
2025-08-16,53254.7359495,31765.765141703196,0.0,0.0,31765.765141703196,28352.353082499998,3852.67008275,8550.0,127.61086240162035,1.0
2025-08-17,74006.1092292428,46771.80614095379,580.9142313333336,2682.492152542917,49454.29829349671,7659.462611500003,8550.0,8550.0,45.18432350694444,0.8055555555555556
2025-08-18,75079.10242872222,47393.42439725592,892.9167771666666,3904.926491808501,51298.35088906442,7680.877491500001,8550.0,8550.0,48.42517137152778,0.7569444444444444
2025-08-19,74576.3345262922,47079.10696251044,773.2227963333324,3196.315247906913,50275.42221041735,7214.398085166666,8550.0,8550.0,43.90144136574074,0.7916666666666666
2025-08-20,74675.28585575309,47233.87661217514,3241.078962499999,12936.946350440745,60170.822962615886,3381.8127765000017,8550.0,8550.0,49.72102142939814,0.5347222222222222
2025-08-21,69043.87841109876,44697.474315571526,1208.318441666666,4740.97675032083,49438.451065892354,5352.585588833335,8550.0,4191.409248483334,37.78683905092591,0.7708333333333334
2025-08-22,46922.87492798148,28688.021075286422,47.57155166666581,121.68752538858128,28809.708600675003,23092.751877333336,4191.409248483334,4046.481247407408,81.3809888136574,0.9583333333333334
2025-08-23,52045.20646433333,30905.32923346605,4.342370833333121,18.711275920832417,30924.040509386883,21726.056393121402,4046.481247407408,8550.0,77.80519984375,0.9513888888888888
2025-08-24,71166.1788125247,45089.27308931784,1986.310134166666,8548.017978867494,53637.29106818533,5533.537664666668,8550.0,8550.0,52.24738565972224,0.6041666666666666
2025-08-25,71621.42717356773,45433.26346664928,5654.155161666666,21080.729182172912,66513.9926488222,2605.1129155000026,8550.0,8550.0,59.471231221064805,0.4791666666666667
2025-08-26,72149.78503351507,45801.204779127525,1985.867302833332,8071.036116226995,53872.240895354524,4835.231793999999,8550.0,8550.0,43.89590298032407,0.625
2025-08-27,74370.85321246296,47007.646845007024,1322.0831473333328,5962.906407559831,52970.55325256685,3777.5380625000016,8550.0,8550.0,36.92815243055556,0.7083333333333334
2025-08-28,67291.4684680345,43776.722285436575,5576.882946166665,21110.08109956624,64886.803385002815,2844.590733000002,8550.0,4369.178394801853,59.111898929398144,0.5347222222222222
2025-08-29,47504.51868066049,29122.31799905144,126.50611550000019,514.9713163425843,29637.289315394024,22248.11800916667,4369.178394801853,4325.690509051853,72.84236596643518,0.9375
2025-08-30,52038.426912123454,31019.374971434954,21.561245833333572,54.850912170834064,31074.225883605788,26001.093688500005,4325.690509051853,8550.0,101.51484940393517,0.9861111111111112
2025-08-31,70104.77432303909,44884.93488504774,3863.324811499998,14196.09597897041,59081.03086401815,3394.0284243333354,8550.0,8550.0,49.56754170138887,0.5833333333333334
2025-09-01,72420.78550631892,46032.12933565407,642.2651359999995,2355.616853773832,48387.746189427904,15641.793875000001,8550.0,8550.0,97.59069737847219,0.9305555555555556
2025-09-02,71307.84622609253,45375.65447284942,576.1586338333342,2784.024564802504,48159.67903765192,14031.356858833336,8550.0,8550.0,92.39253220486108,0.8541666666666666
2025-09-03,71267.03160359876,44792.1191177288,139.20300949999952,509.48510740966526,45301.604225138464,11903.8369035,8550.0,8550.0,65.326141099537,0.9722222222222222
2025-09-04,64869.21347937405,41757.46785833067,295.15641466666716,1222.817550061586,42980.28540839225,11669.748362000002,8550.0,4719.098312757407,71.58430729745368,0.9027777777777778
2025-09-05,44487.96479911728,26942.553193071282,0.0,0.0,26942.553193071282,35047.91004249999,4719.098312757407,4436.242356481482,154.33797603009256,1.0
2025-09-06,49073.518785333334,28837.6328831555,2.593849999999975,8.947485574999913,28846.5803687305,33915.9803895,4436.242356481482,8550.0,154.58954312499998,0.9583333333333334
2025-09-07,68217.15908910081,43174.883677686936,997.3698189999998,4364.975380070999,47539.85905775793,10292.070302666667,8550.0,8550.0,68.11840339120369,0.8611111111111112
2025-09-08,67173.58456847542,42306.390274485355,2602.686717333333,11108.262504175666,53414.652778661024,6472.054295333332,8550.0,8550.0,65.79750950810184,0.6736111111111112
2025-09-09,67840.89611176137,42800.44576157391,234.36444866666693,1047.939159781168,43848.38492135508,11126.462054833331,8550.0,8550.0,68.12654993055554,0.9305555555555556
2025-09-10,68659.6499134074,43190.76692393228,3066.572911499999,13354.62855496858,56545.39547890086,6478.990020833333,8550.0,8550.0,73.67096754050924,0.7013888888888888
2025-09-11,64471.89923974691,41380.971193165315,330.83084266666685,1777.2599428983349,43158.23113606365,11315.409825166667,8550.0,4975.6886792592595,69.2817563773148,0.9513888888888888
2025-09-12,43270.75308822839,26039.851772475176,21.551894833333293,74.34326122758318,26114.19503370276,29102.630951833326,4975.6886792592595,4673.29538888889,118.2675799884259,0.9930555555555556
2025-09-13,47727.50296108847,27907.595211121155,0.0,0.0,27907.595211121155,32489.914478716048,4673.29538888889,8550.0,141.26140960648146,1.0
2025-09-14,67087.21780462873,42342.93984764794,2568.1761179999985,10366.668346355911,52709.60819400385,5584.599309500001,8550.0,8550.0,67.20090163194442,0.7013888888888888
2025-09-15,66644.97430515022,41447.36190226005,888.9555898333333,3746.85338684225,45194.2152891023,8464.710192666666,8550.0,8550.0,60.738211660879614,0.7916666666666666
2025-09-16,64501.86990611934,40371.92707730582,2228.093167833332,6533.272864291075,46905.1999415969,3173.192747666667,8550.0,8550.0,48.23001930555553,0.6111111111111112
2025-09-17,68319.36639909877,42478.07109154522,846.6366010000002,3623.2117724599166,46101.28286400514,5063.990002833334,8550.0,8550.0,44.06131412037036,0.8125
2025-09-18,62121.2617605432,39288.27548852217,1304.4442529999997,5953.510020955997,45241.78550947817,3792.2711093333337,8550.0,5488.246291851852,46.06617258101851,0.6805555555555556
2025-09-19,40747.59315271604,24028.600263481687,4.674391499999899,10.127069184749782,24038.727332666436,21699.372960666667,5488.246291851852,5348.254914814814,81.42170075810184,0.9930555555555556
2025-09-20,44288.28719166666,25512.344414570332,10.94095500000003,23.911457152500066,25536.25587172283,22035.55717,5348.254914814814,8550.0,83.05182252893516,0.9930555555555556
2025-09-21,66747.01533636008,41434.53776901837,987.4594126666665,2756.3288368591666,44190.866605877534,5355.177310166668,8550.0,8550.0,44.056049207175896,0.6875
2025-09-22,64434.34509722839,39445.56853303866,2872.522312499998,10704.639246051574,50150.20777909024,2576.864825833334,8550.0,8550.0,38.07381997685186,0.4166666666666667
2025-09-23,63151.492835831275,38922.67338229397,4026.481415333332,17162.530942247075,56085.204324541046,973.8111534999999,8550.0,8550.0,51.433189623842594,0.2777777777777778
2025-09-24,65746.61954956583,40464.20789312702,2714.762551666665,9239.241306503744,49703.44919963076,3298.5206068333346,8550.0,8550.0,41.84700944444443,0.4444444444444444
2025-09-25,61496.41878386625,38462.39982350175,3043.375347999997,11101.364473609905,49563.76429711166,2737.0474283333324,8550.0,6203.039195370371,41.093085271990724,0.4027777777777778
2025-09-26,39215.33202459465,22553.495921574366,5.827173499999958,22.621087526999837,22576.117009101366,18326.555883166668,6203.039195370371,6137.955853703705,73.50608987847221,0.9583333333333334
2025-09-27,41847.78781632922,23750.703372700907,468.23802933333315,1339.8380401714994,25090.541412872408,18607.429875666665,6137.955853703705,8550.0,67.98172057291666,0.8611111111111112
2025-09-28,65121.843311529155,39979.71832766994,3782.5766634999995,15329.152154381078,55308.87048205102,1349.1421000000007,8550.0,8550.0,50.16340946180555,0.3472222222222222
2025-09-29,64925.33134950822,39757.77452717436,3558.695570666666,14443.888250939744,54201.66277811411,1627.8522678333343,8550.0,8550.0,44.35150629050928,0.3055555555555556
2025-09-30,65289.94831396708,40298.38164320935,5016.676418499999,20687.92639833866,60986.30804154801,763.5502943333347,8550.0,8550.0,62.68917987847223,0.18055555555555555
2025-10-01,68016.14581648765,41979.560200543725,400.2718668333323,887.8636916070808,42867.42389215081,14653.661915833332,8550.0,8550.0,78.16030027777778,0.8125
2025-10-02,63339.24637774897,39521.73936231231,462.76489016666653,1050.7462557296665,40572.48561804198,10037.433283,8550.0,6687.60749314815,52.12250888310186,0.8333333333333334
2025-10-03,39212.70844723662,22116.061890015706,0.0,0.0,22116.061890015706,28041.574650500006,6687.60749314815,6707.24147611111,123.19266023726851,1.0
2025-10-04,41803.104070333335,23416.363059100648,0.0,0.0,23416.363059100648,23311.97229883333,6707.24147611111,8550.0,82.19172707175923,1.0
2025-10-05,65771.26260715639,40231.09219415646,589.7346005000004,1451.9459238065003,41683.03811796296,7539.668072833334,8550.0,8550.0,39.329935248842595,0.7986111111111112
2025-10-06,66251.92518517488,40605.383383718814,385.05689083333283,1024.9633956572488,41630.346779376065,4794.764507666667,8550.0,8550.0,30.103532783564788,0.7708333333333334
2025-10-07,66543.93660668518,40888.39958085887,519.729178166667,1847.5412432546668,42735.94082411354,5165.880691666669,8550.0,8550.0,38.34702542824074,0.8125
2025-10-08,65510.964114905335,40071.41590618533,669.4605709999983,1833.9878319132436,41905.40373809857,5629.638959499999,8550.0,8550.0,41.258710781249995,0.7569444444444444
2025-10-09,61623.77691931071,38226.916084328084,608.4554054999991,2044.87066020508,40271.786744533165,4324.003239,8550.0,6828.202883333334,38.703501961805536,0.7222222222222222
2025-10-10,39963.352259086416,22305.3615190877,0.0,0.0,22305.3615190877,26794.704846333327,6828.202883333334,7214.761358703705,116.41279273726849,1.0
2025-10-11,41802.451748499996,23278.148547557634,9.58723633333318,20.482369564833007,23298.630917122468,22767.343957666668,7214.761358703705,8550.0,84.24582290509258,0.9861111111111112
2025-10-12,66322.43117760905,40530.58708310206,510.4638918333339,1703.8613843609176,42234.44846746298,4254.050908,8550.0,8550.0,33.08093315393517,0.7430555555555556
2025-10-13,66618.35372954115,40924.867986153244,264.2344398333332,908.4327195604159,41833.30070571366,5768.258935999999,8550.0,8550.0,32.68855877314815,0.8541666666666666
2025-10-14,67855.86393779216,41809.99040780939,802.8579073333328,2990.2723679970823,44800.26277580647,3762.5345964999997,8550.0,8550.0,37.930146197916656,0.6597222222222222
2025-10-15,65043.76201046708,39681.15045345477,2515.7385841666646,10173.676581713491,49854.82703516826,1572.9965601666663,8550.0,8550.0,48.07057482638888,0.5208333333333334
2025-10-16,63533.75972048148,39200.479613558935,3764.0236830000003,15843.340204106418,55043.81981766535,1605.5122125000007,8550.0,7329.251914074076,58.413331539351866,0.4652777777777778
2025-10-17,40580.72504534156,22457.96476076907,0.0,0.0,22457.96476076907,20600.401539666665,7329.251914074076,7766.3631864814815,72.95335066550925,1.0
2025-10-18,41734.727205166666,23097.47840190693,0.0,0.0,23097.47840190693,21216.194139666666,7766.3631864814815,8550.0,82.30425620949073,1.0
2025-10-19,67209.51822011522,40985.01374226577,3195.7636024999983,13820.614582014241,54805.62832428001,2425.150741833333,8550.0,8550.0,53.06177023726851,0.5277777777777778
2025-10-20,68416.93750268518,41980.29591430872,2227.0905181666667,10011.377172771252,51991.67308707997,2076.3619873333323,8550.0,8550.0,49.19046923032408,0.5347222222222222
2025-10-21,70605.6916063539,43473.030084137106,2182.8425061666658,7379.019836924082,50852.04992106119,2124.4624170000006,8550.0,8550.0,52.20120706018517,0.5902777777777778
2025-10-22,68443.1029619753,41541.56989938937,3159.884586833332,14897.68306494758,56439.25296433695,1921.1901946666683,8550.0,8550.0,53.281503495370366,0.4861111111111111
2025-10-23,67462.8366725679,41401.05672155813,1870.3775164999995,8261.52607932833,49662.58280088646,2546.5749598333323,8550.0,7898.55862425926,47.701969710648164,0.5069444444444444
2025-10-24,40514.02704054732,22281.775949607123,13.035066666666694,27.61478873333339,22309.390738340455,18450.433464833328,7898.55862425926,7950.0,64.67021061342591,0.9930555555555556
2025-10-25,41841.39067374897,22998.70651860055,1.2528333333333421,2.6804369166666855,23001.386955517217,18140.278126666664,7950.0,8550.0,70.57270891782406,0.9930555555555556
2025-10-26,70455.41227451235,43025.64167602078,965.0183350000011,3719.384135801588,46745.025811822365,2614.0096724999985,8550.0,8550.0,37.12499829282409,0.6388888888888888
2025-10-27,70527.94956007201,43118.85082465803,1833.197812833333,7735.364174724583,50854.21499938262,4578.231154333333,8550.0,8550.0,46.31117884259259,0.5416666666666666
2025-10-28,72214.11543975103,44230.17876602613,1292.2675946666673,5362.200623806583,49592.37938983271,3108.825986833333,8550.0,8550.0,36.797667528935186,0.6319444444444444
2025-10-29,69349.84116026749,42271.290382914725,5187.726055999998,21986.94395057999,64258.234333494715,1045.9176761666665,8550.0,8550.0,69.7875122337963,0.3472222222222222
2025-10-30,69495.57263595062,42811.99947012092,1362.1298731666675,5539.865496803421,48351.864966924346,2451.996827833335,8550.0,7950.0,43.5763346701389,0.5555555555555556
2025-10-31,41395.928598541155,22989.56346517652,311.70460399999956,727.5061071913321,23717.069572367855,14143.69572616667,7950.0,7950.0,54.24088609374997,0.9375
2025-11-01,42692.28726187037,23636.06093325319,7.510966666666661,16.30695006666665,23652.367883319857,15782.520355333341,7950.0,8550.0,55.52993806134258,0.9861111111111112
2025-11-02,72015.31644090534,44187.506877967106,2324.6027944999987,10330.650234200248,54518.157112167355,1228.2470160000003,8550.0,8550.0,57.283253443287045,0.4444444444444444
2025-11-03,72451.79962614403,44664.14923361792,3412.7846169999984,11171.154249010577,55835.3034826285,1959.7691153333333,8550.0,8550.0,64.30139130208333,0.4583333333333333
2025-11-04,75046.49163955348,46294.72654627185,1148.0611726666675,4887.600795396251,51182.327341668104,4163.211003666665,8550.0,8550.0,39.16515593750002,0.6111111111111112
2025-11-05,76251.76787020575,47209.67669458198,1014.7732273333336,3637.639357282833,50847.316051864815,3139.370064499999,8550.0,8550.0,44.815562384259266,0.6666666666666666
2025-11-06,75079.28322487834,46663.47334139479,2947.238920833332,11856.575848656827,58520.04919005162,2826.246681833334,8550.0,7950.0,61.1989324363426,0.5138888888888888
2025-11-07,44300.50018329012,24784.819864550613,0.0,0.0,24784.819864550613,16997.83536666667,7950.0,8071.342517159263,72.02721196180555,1.0
2025-11-08,45440.55822399999,25276.254262043247,5.281640166666591,11.226895147333172,25287.48115719058,17273.332399333332,8071.342517159263,8550.0,65.77776737268518,0.9861111111111112
2025-11-09,77540.60026290175,48246.51072265116,977.6868746666662,3352.3755439504143,51598.88626660158,2730.422763333333,8550.0,8550.0,51.334518478009265,0.6597222222222222
2025-11-10,77788.43045134164,48544.15479040683,2521.429880333333,8582.188788111003,57126.34357851783,2002.0981376666666,8550.0,8550.0,68.10021516203705,0.5069444444444444
2025-11-11,79573.45431506063,49739.02413919453,369.35457300000076,1387.5286360023351,51126.55277519687,3948.613216333332,8550.0,8550.0,42.96583167824075,0.7777777777777778
2025-11-12,81115.06160012397,50886.995354539606,318.9821183333329,1485.1573805638322,52372.15273510344,6048.8202816666635,8550.0,8550.0,32.824847146990756,0.8055555555555556
2025-11-13,79453.63599021973,49800.4814090347,857.5408263333337,2771.306984513251,52571.78839354795,3475.145560833332,8550.0,8550.0,51.17658494212965,0.6597222222222222
2025-11-14,47796.80196020988,26727.424940931814,0.0,0.0,26727.424940931814,16141.303939166668,8550.0,8550.0,59.78236093749998,1.0
2025-11-15,48168.73180237317,26844.79422826883,0.0,0.0,26844.79422826883,15994.383122500003,8550.0,8550.0,55.63386577546295,1.0
2025-11-16,81238.32324700359,51068.04216763096,1257.8956578333323,4713.450195455331,55781.49236308629,3567.613196166666,8550.0,8550.0,51.99502292245371,0.7083333333333334
2025-11-17,82044.73285870081,51623.95813884444,443.2621246666665,1538.091276473247,53162.04941531769,5338.584812333335,8550.0,8550.0,39.389004716435174,0.7847222222222222
2025-11-18,81769.52712908127,51416.47283505471,1133.4440763333328,3607.731852347245,55024.20468740195,3559.085651666667,8550.0,8550.0,52.012639548611126,0.6944444444444444
2025-11-19,82768.9846406214,52135.30177443156,517.3342306666665,1674.1648319488331,53809.46660638039,3364.3795811666696,8550.0,8550.0,44.64066659722222,0.7222222222222222
2025-11-20,81875.07064526748,51451.865859241145,873.0405893333327,3572.3006531676638,55024.16651240881,3510.4243649999994,8550.0,8550.0,48.33476288194446,0.6875
2025-11-21,50642.310121335395,28257.327220947678,0.05564749999996366,0.1211167837499209,28257.44833773143,17698.579071166667,8550.0,8550.0,66.2911024884259,0.9930555555555556
2025-11-22,50585.42970950411,28185.604234924904,0.0,0.0,28185.604234924904,16353.49875616667,8550.0,8550.0,56.36138029513888,1.0
2025-11-23,83651.8088007572,52712.16921941821,903.3923699999987,3662.334291436663,56374.50351085488,4779.803408666666,8550.0,8550.0,43.02808355324075,0.7291666666666666
2025-11-24,84610.23809879628,53256.87000817673,434.56197783333374,1700.327908567836,54957.19791674457,6295.4381613333335,8550.0,8550.0,30.7742992013889,0.7986111111111112
2025-11-25,83768.6921253395,52826.84663308434,576.4848519999995,2115.1543296187483,54942.00096270308,3633.3741106666685,8550.0,8550.0,45.37031364004629,0.7638888888888888
2025-11-26,84970.55657395061,53683.64017951561,513.2165791666669,1730.664203797333,55414.30438331295,4071.5486149999992,8550.0,8550.0,47.52298439236112,0.8194444444444444
2025-11-27,85007.381889965,53587.02742538558,420.9433126666661,1673.1671063761648,55260.19453176175,5039.286689166666,8550.0,8550.0,36.30503231481482,0.8125
2025-11-28,53192.464789670776,29655.045644279846,0.0,0.0,29655.045644279846,18175.364979666665,8550.0,8550.0,68.61387603009257,1.0
2025-11-29,52933.27773319135,29439.776657845625,26.961605333333353,59.21265611433337,29498.98931395996,13953.4797435,8550.0,8550.0,63.78579168402775,0.9722222222222222
2025-11-30,85985.66275195678,54331.34000951335,1312.334432333333,4775.402987059333,59106.74299657268,2391.330481833334,8550.0,8550.0,57.813694890046285,0.6527777777777778
2025-12-01,86430.82967605143,54550.94653113322,5778.734193333334,21459.00113242725,76009.94766356047,1230.7504308333337,8550.0,8550.0,92.06261552083333,0.3055555555555556
2025-12-02,86987.53464145062,55035.84699087994,6829.687152833333,25580.5427111885,80616.38970206844,471.1339029999997,8550.0,8550.0,105.60011667824075,0.1875
2025-12-03,88348.82142449998,56125.87767143881,4707.670361999999,15069.456199654498,71195.3338710933,1175.4098864999996,8550.0,8550.0,90.95673206018519,0.3125
2025-12-04,90067.52352455143,57262.78370100558,3784.7222779999993,13912.176448454997,71174.96014946057,2301.5104675,8550.0,8550.0,78.91249900462964,0.4166666666666667
2025-12-05,58868.014209111105,33111.22688540477,98.027759833333,214.16121731558258,33325.38810272035,13501.164728666667,8550.0,8550.0,47.6536260648148,0.9513888888888888
2025-12-06,59292.229316763376,33401.26973409313,84.00945949999942,187.6199347161654,33588.8896688093,11571.111147333333,8550.0,8550.0,49.39080715277776,0.9375
2025-12-07,92192.07204355556,58848.35901312993,2163.9569383333346,7775.15787218509,66623.51688531502,1952.492357166666,8550.0,8550.0,70.84079215856484,0.4583333333333333
2025-12-08,92757.1531494362,59090.61982792211,1905.8871031666667,6909.207157913418,65999.82698583553,2052.5683313333325,8550.0,8550.0,73.2538071238426,0.5347222222222222
2025-12-09,94007.09214585184,59880.15596856452,1387.9390894999997,5921.864621146751,65802.02058971128,3210.478753500002,8550.0,8550.0,61.22161530671297,0.5902777777777778
2025-12-10,94360.20762228189,60282.57169587647,1385.9940448333334,4651.159627907586,64933.73132378406,2555.539253,8550.0,8550.0,69.4344417766204,0.6041666666666666
2025-12-11,94393.92334715431,60218.62963847374,843.5056023333333,3118.865233642584,63337.494872116324,4434.327311333334,8550.0,8550.0,54.82751988425928,0.7083333333333334
2025-12-12,62141.05872452058,35056.62034791255,17.121670833333383,70.87515641458354,35127.49550432713,14255.90002566667,8550.0,8550.0,56.66614452546294,0.9930555555555556
2025-12-13,63918.90820044238,36198.11345186675,1.908266666666691,4.0798741333333854,36202.19332600009,15872.876071500003,8550.0,8550.0,45.032990381944416,0.9930555555555556
2025-12-14,96361.40397710288,61756.64676724418,536.2742554999998,2182.878772831415,63939.52554007559,3293.4852136666677,8550.0,8550.0,59.74098574074076,0.7430555555555556
2025-12-15,97647.21528325514,62653.894938617654,922.5685805000004,2928.539672631085,65582.43461124874,4233.1443695,8550.0,8550.0,56.88096735532409,0.7986111111111112
2025-12-16,99013.05756999999,63637.19865156128,332.75715533333295,1136.1705271361652,64773.369178697445,5051.056725333334,8550.0,8550.0,48.15008728587965,0.8402777777777778
2025-12-17,99374.48964983333,63729.103409619565,301.1293994999993,1167.731056878497,64896.83446649806,6607.105315999999,8550.0,8550.0,38.35011687500001,0.8680555555555556
2025-12-18,98437.3901505,63187.18024864526,415.25938633333334,1286.3906715000023,64473.57092014526,6623.121590999999,8550.0,8550.0,40.318675474537045,0.8472222222222222
2025-12-19,66737.05469106333,38058.41452926176,0.0,0.0,38058.41452926176,19413.239201166667,8550.0,8550.0,60.713035787037015,1.0
2025-12-20,68646.58943033333,39287.348324105216,0.0,0.0,39287.348324105216,21388.570513666666,8550.0,8550.0,72.1369184548611,1.0
2025-12-21,100663.29793366666,64791.20729803596,379.717742500001,1533.9934420780874,66325.20074011404,7128.567142833332,8550.0,8550.0,37.97253478587964,0.8680555555555556
2025-12-22,102367.12111833332,66001.98640550021,263.47064183333316,1229.181218055167,67231.16762355538,8816.498010166666,8550.0,8550.0,25.07104691550926,0.8541666666666666
2025-12-23,102763.47191649998,66457.24870615614,134.06146333333334,608.2196923580838,67065.46839851422,10762.774179833334,8550.0,8550.0,21.510096643518494,0.9166666666666666
2025-12-24,102489.2541635,65893.4075422477,170.52255116666572,780.4268371581635,66673.83437940586,9928.550731333333,8550.0,8550.0,26.05311032986111,0.9027777777777778
2025-12-25,101349.47312183333,65446.21462045508,217.76983450000012,935.65080709725,66381.86542755233,8878.127756333333,8550.0,8550.0,30.677087517361112,0.8888888888888888
2025-12-26,69928.58820778807,40341.07713667738,0.0,0.0,40341.07713667738,22514.40453483333,8550.0,8550.0,80.2945863194444,1.0
2025-12-27,70695.58114598766,40790.802352587234,0.0,0.0,40790.802352587234,22946.180358166668,8550.0,8550.0,83.41991650462961,1.0
2025-12-28,102747.39431983333,66338.09215211844,164.5353198333338,821.0991418545854,67159.19129397302,11226.008222999999,8550.0,8550.0,28.36482548611112,0.9097222222222222
2025-12-29,103118.529191,66512.45209731083,125.40005183333324,473.429468046166,66985.88156535699,10843.4963095,8550.0,8550.0,22.318545746527775,0.9236111111111112
2025-12-30,102303.6644135,66004.19586784668,26.628878333333546,96.41409116025127,66100.60995900692,11229.224025166668,8550.0,8550.0,23.476437384259246,0.9791666666666666
2025-12-31,101219.14554854733,64931.41154709247,255.0139973333337,923.53656656217,65854.94811365464,7974.974320333333,8550.0,8550.0,27.18349208333334,0.8680555555555556
