表,变体,日期,时间段/项目,值1,值2,单位,口径,来源
表1,4-2,2025-03-20,10:00-10:10,0.0000,0.0000,kWh,模板行 00:10→次日00:10,payload days[*].plan_kwh / adjusted_kwh
表1,4-2,2025-03-20,12:00-12:10,763.0131,763.0131,kWh,模板行 00:10→次日00:10,payload days[*].plan_kwh / adjusted_kwh
表1,4-2,2025-03-20,14:00-14:10,0.0000,0.0000,kWh,模板行 00:10→次日00:10,payload days[*].plan_kwh / adjusted_kwh
表1,4-2,2025-03-20,16:00-16:10,443.3742,443.3742,kWh,模板行 00:10→次日00:10,payload days[*].plan_kwh / adjusted_kwh
表1,4-2,2025-03-20,18:00-18:10,668.6583,668.6583,kWh,模板行 00:10→次日00:10,payload days[*].plan_kwh / adjusted_kwh
表1,4-2,2025-03-20,20:00-20:10,673.3100,673.3100,kWh,模板行 00:10→次日00:10,payload days[*].plan_kwh / adjusted_kwh
表1,4-2,2025-03-20,全天购电量,66498.2041,66498.2041,kWh,模板行 00:10→次日00:10,payload
表1,4-2,2025-03-20,全天购电费/元（模板行口径）,41976.4695,0.0000,元,模板行 00:10→次日00:10,"payload（4-2 为 PMAT·x 全额、无 min；4-3 为 p·min(x,q)）"
表1,4-2,2025-03-20,全天购电费/元（自然日口径）,42121.2231,0.0000,元,自然日 00:00–24:00,summary daily
表2,4-2,2025-03-20,0:00-4:00,7855.8217,174.0655,kWh,自然日（充电量/放电量）,payload storage_blocks
表2,4-2,2025-03-20,4:00-8:00,2023.4361,4665.7023,kWh,自然日（充电量/放电量）,payload storage_blocks
表2,4-2,2025-03-20,8:00-12:00,3758.4954,3265.5568,kWh,自然日（充电量/放电量）,payload storage_blocks
表2,4-2,2025-03-20,12:00-16:00,6405.1282,294.0908,kWh,自然日（充电量/放电量）,payload storage_blocks
表2,4-2,2025-03-20,16:00-20:00,132.5176,6355.2062,kWh,自然日（充电量/放电量）,payload storage_blocks
表2,4-2,2025-03-20,20:00-24:00,487.1553,2516.9765,kWh,自然日（充电量/放电量）,payload storage_blocks
表2,4-2,2025-03-20,0:00 储电量,2037.0030,,kWh,自然日 00:00–24:00,payload/summary
表2,4-2,2025-03-20,24:00 储电量,1442.6373,,kWh,自然日 00:00–24:00,payload/summary
表3,4-2,2025-03-20,（当日无紧急购电）,0.0000,0.0000,kWh,自然日 00:00–24:00,payload
表3,4-2,2025-03-20,当日紧急购电费/元,0.0000,,元,自然日 00:00–24:00,summary daily
—,4-2,2025-03-20,当日总费用/元,42121.2231,,元,自然日 00:00–24:00,summary daily
表1,4-2,2025-06-21,10:00-10:10,0.0000,0.0000,kWh,模板行 00:10→次日00:10,payload days[*].plan_kwh / adjusted_kwh
表1,4-2,2025-06-21,12:00-12:10,0.0000,0.0000,kWh,模板行 00:10→次日00:10,payload days[*].plan_kwh / adjusted_kwh
表1,4-2,2025-06-21,14:00-14:10,0.0000,0.0000,kWh,模板行 00:10→次日00:10,payload days[*].plan_kwh / adjusted_kwh
表1,4-2,2025-06-21,16:00-16:10,301.1593,301.1593,kWh,模板行 00:10→次日00:10,payload days[*].plan_kwh / adjusted_kwh
表1,4-2,2025-06-21,18:00-18:10,466.3118,466.3118,kWh,模板行 00:10→次日00:10,payload days[*].plan_kwh / adjusted_kwh
表1,4-2,2025-06-21,20:00-20:10,0.0000,0.0000,kWh,模板行 00:10→次日00:10,payload days[*].plan_kwh / adjusted_kwh
表1,4-2,2025-06-21,全天购电量,42982.9100,42982.9100,kWh,模板行 00:10→次日00:10,payload
表1,4-2,2025-06-21,全天购电费/元（模板行口径）,22635.7374,0.0000,元,模板行 00:10→次日00:10,"payload（4-2 为 PMAT·x 全额、无 min；4-3 为 p·min(x,q)）"
表1,4-2,2025-06-21,全天购电费/元（自然日口径）,22501.6682,0.0000,元,自然日 00:00–24:00,summary daily
表2,4-2,2025-06-21,0:00-4:00,1343.4021,4.6222,kWh,自然日（充电量/放电量）,payload storage_blocks
表2,4-2,2025-06-21,4:00-8:00,3424.3829,1719.9540,kWh,自然日（充电量/放电量）,payload storage_blocks
表2,4-2,2025-06-21,8:00-12:00,4085.8948,0.0000,kWh,自然日（充电量/放电量）,payload storage_blocks
表2,4-2,2025-06-21,12:00-16:00,0.0000,0.0000,kWh,自然日（充电量/放电量）,payload storage_blocks
表2,4-2,2025-06-21,16:00-20:00,0.0000,3701.7838,kWh,自然日（充电量/放电量）,payload storage_blocks
表2,4-2,2025-06-21,20:00-24:00,1746.4639,3017.4999,kWh,自然日（充电量/放电量）,payload storage_blocks
表2,4-2,2025-06-21,0:00 储电量,4747.8839,,kWh,自然日 00:00–24:00,payload/summary
表2,4-2,2025-06-21,24:00 储电量,4905.9467,,kWh,自然日 00:00–24:00,payload/summary
表3,4-2,2025-06-21,（当日无紧急购电）,0.0000,0.0000,kWh,自然日 00:00–24:00,payload
表3,4-2,2025-06-21,当日紧急购电费/元,0.0000,,元,自然日 00:00–24:00,summary daily
—,4-2,2025-06-21,当日总费用/元,22501.6682,,元,自然日 00:00–24:00,summary daily
表1,4-2,2025-09-23,10:00-10:10,0.0000,0.0000,kWh,模板行 00:10→次日00:10,payload days[*].plan_kwh / adjusted_kwh
表1,4-2,2025-09-23,12:00-12:10,289.3883,289.3883,kWh,模板行 00:10→次日00:10,payload days[*].plan_kwh / adjusted_kwh
表1,4-2,2025-09-23,14:00-14:10,0.0000,0.0000,kWh,模板行 00:10→次日00:10,payload days[*].plan_kwh / adjusted_kwh
表1,4-2,2025-09-23,16:00-16:10,377.9544,377.9544,kWh,模板行 00:10→次日00:10,payload days[*].plan_kwh / adjusted_kwh
表1,4-2,2025-09-23,18:00-18:10,692.3688,692.3688,kWh,模板行 00:10→次日00:10,payload days[*].plan_kwh / adjusted_kwh
表1,4-2,2025-09-23,20:00-20:10,584.5535,584.5535,kWh,模板行 00:10→次日00:10,payload days[*].plan_kwh / adjusted_kwh
表1,4-2,2025-09-23,全天购电量,61128.5246,61128.5246,kWh,模板行 00:10→次日00:10,payload
表1,4-2,2025-09-23,全天购电费/元（模板行口径）,39910.1052,0.0000,元,模板行 00:10→次日00:10,"payload（4-2 为 PMAT·x 全额、无 min；4-3 为 p·min(x,q)）"
表1,4-2,2025-09-23,全天购电费/元（自然日口径）,39897.6277,0.0000,元,自然日 00:00–24:00,summary daily
表2,4-2,2025-09-23,0:00-4:00,7955.3009,189.9737,kWh,自然日（充电量/放电量）,payload storage_blocks
表2,4-2,2025-09-23,4:00-8:00,1856.9523,5894.4021,kWh,自然日（充电量/放电量）,payload storage_blocks
表2,4-2,2025-09-23,8:00-12:00,2698.9314,1883.0800,kWh,自然日（充电量/放电量）,payload storage_blocks
表2,4-2,2025-09-23,12:00-16:00,5999.3565,495.7630,kWh,自然日（充电量/放电量）,payload storage_blocks
表2,4-2,2025-09-23,16:00-20:00,0.0000,6546.4612,kWh,自然日（充电量/放电量）,payload storage_blocks
表2,4-2,2025-09-23,20:00-24:00,115.2434,77.4232,kWh,自然日（充电量/放电量）,payload storage_blocks
表2,4-2,2025-09-23,0:00 储电量,1217.9353,,kWh,自然日 00:00–24:00,payload/summary
表2,4-2,2025-09-23,24:00 储电量,1217.6933,,kWh,自然日 00:00–24:00,payload/summary
表3,4-2,2025-09-23,8:50-10:00,504.8603,,kWh,自然日 00:00–24:00,payload emergency_segments
表3,4-2,2025-09-23,19:40-22:10,3953.8563,,kWh,自然日 00:00–24:00,payload emergency_segments
表3,4-2,2025-09-23,22:30-22:50,67.7861,,kWh,自然日 00:00–24:00,payload emergency_segments
表3,4-2,2025-09-23,23:20-23:50,72.7168,,kWh,自然日 00:00–24:00,payload emergency_segments
表3,4-2,2025-09-23,分段合计,4599.2194,4599.2194,kWh,自然日 00:00–24:00,payload（分段之和 vs 逐日合计）
表3,4-2,2025-09-23,当日紧急购电费/元,27953.4470,,元,自然日 00:00–24:00,summary daily
—,4-2,2025-09-23,当日总费用/元,67851.0747,,元,自然日 00:00–24:00,summary daily
表1,4-2,2025-12-21,10:00-10:10,0.0000,0.0000,kWh,模板行 00:10→次日00:10,payload days[*].plan_kwh / adjusted_kwh
表1,4-2,2025-12-21,12:00-12:10,1028.1203,1028.1203,kWh,模板行 00:10→次日00:10,payload days[*].plan_kwh / adjusted_kwh
表1,4-2,2025-12-21,14:00-14:10,0.0000,0.0000,kWh,模板行 00:10→次日00:10,payload days[*].plan_kwh / adjusted_kwh
表1,4-2,2025-12-21,16:00-16:10,843.4374,843.4374,kWh,模板行 00:10→次日00:10,payload days[*].plan_kwh / adjusted_kwh
表1,4-2,2025-12-21,18:00-18:10,697.3690,697.3690,kWh,模板行 00:10→次日00:10,payload days[*].plan_kwh / adjusted_kwh
表1,4-2,2025-12-21,20:00-20:10,0.0000,0.0000,kWh,模板行 00:10→次日00:10,payload days[*].plan_kwh / adjusted_kwh
表1,4-2,2025-12-21,全天购电量,93611.4325,93611.4325,kWh,模板行 00:10→次日00:10,payload
表1,4-2,2025-12-21,全天购电费/元（模板行口径）,72095.7104,0.0000,元,模板行 00:10→次日00:10,"payload（4-2 为 PMAT·x 全额、无 min；4-3 为 p·min(x,q)）"
表1,4-2,2025-12-21,全天购电费/元（自然日口径）,72108.7214,0.0000,元,自然日 00:00–24:00,summary daily
表2,4-2,2025-12-21,0:00-4:00,6053.9055,88.4628,kWh,自然日（充电量/放电量）,payload storage_blocks
表2,4-2,2025-12-21,4:00-8:00,1243.3806,123.1191,kWh,自然日（充电量/放电量）,payload storage_blocks
表2,4-2,2025-12-21,8:00-12:00,4889.5417,7862.6229,kWh,自然日（充电量/放电量）,payload storage_blocks
表2,4-2,2025-12-21,12:00-16:00,7558.2759,2220.1094,kWh,自然日（充电量/放电量）,payload storage_blocks
表2,4-2,2025-12-21,16:00-20:00,33.1171,4592.5646,kWh,自然日（充电量/放电量）,payload storage_blocks
表2,4-2,2025-12-21,20:00-24:00,357.0213,3730.9905,kWh,自然日（充电量/放电量）,payload storage_blocks
表2,4-2,2025-12-21,0:00 储电量,4467.5335,,kWh,自然日 00:00–24:00,payload/summary
表2,4-2,2025-12-21,24:00 储电量,1902.7300,,kWh,自然日 00:00–24:00,payload/summary
表3,4-2,2025-12-21,（当日无紧急购电）,0.0000,0.0000,kWh,自然日 00:00–24:00,payload
表3,4-2,2025-12-21,当日紧急购电费/元,0.0000,,元,自然日 00:00–24:00,summary daily
—,4-2,2025-12-21,当日总费用/元,72108.7214,,元,自然日 00:00–24:00,summary daily
表1,4-3,2025-03-20,10:00-10:10,0.0000,0.0000,kWh,模板行 00:10→次日00:10,payload days[*].plan_kwh / adjusted_kwh
表1,4-3,2025-03-20,12:00-12:10,503.4913,531.0635,kWh,模板行 00:10→次日00:10,payload days[*].plan_kwh / adjusted_kwh
表1,4-3,2025-03-20,14:00-14:10,0.0000,0.0000,kWh,模板行 00:10→次日00:10,payload days[*].plan_kwh / adjusted_kwh
表1,4-3,2025-03-20,16:00-16:10,496.7605,496.7605,kWh,模板行 00:10→次日00:10,payload days[*].plan_kwh / adjusted_kwh
表1,4-3,2025-03-20,18:00-18:10,-0.0000,650.5127,kWh,模板行 00:10→次日00:10,payload days[*].plan_kwh / adjusted_kwh
表1,4-3,2025-03-20,20:00-20:10,680.4626,680.4626,kWh,模板行 00:10→次日00:10,payload days[*].plan_kwh / adjusted_kwh
表1,4-3,2025-03-20,全天购电量,65234.8084,66511.8568,kWh,模板行 00:10→次日00:10,payload
表1,4-3,2025-03-20,全天购电费/元（模板行口径）,40435.2029,1979.6756,元,模板行 00:10→次日00:10,"payload（4-2 为 PMAT·x 全额、无 min；4-3 为 p·min(x,q)）"
表1,4-3,2025-03-20,全天购电费/元（自然日口径）,40715.9565,1979.6756,元,自然日 00:00–24:00,summary daily
表2,4-3,2025-03-20,0:00-4:00,571.4427,453.2239,kWh,自然日（充电量/放电量）,payload storage_blocks
表2,4-3,2025-03-20,4:00-8:00,359.5019,5283.5724,kWh,自然日（充电量/放电量）,payload storage_blocks
表2,4-3,2025-03-20,8:00-12:00,4046.8325,3260.1663,kWh,自然日（充电量/放电量）,payload storage_blocks
表2,4-3,2025-03-20,12:00-16:00,6147.9058,254.7228,kWh,自然日（充电量/放电量）,payload storage_blocks
表2,4-3,2025-03-20,16:00-20:00,157.7837,6340.5118,kWh,自然日（充电量/放电量）,payload storage_blocks
表2,4-3,2025-03-20,20:00-24:00,9856.2036,1638.4518,kWh,自然日（充电量/放电量）,payload storage_blocks
表2,4-3,2025-03-20,0:00 储电量,10358.7749,,kWh,自然日 00:00–24:00,payload/summary
表2,4-3,2025-03-20,24:00 储电量,10239.3126,,kWh,自然日 00:00–24:00,payload/summary
表3,4-3,2025-03-20,10:00-10:10,5.3905,,kWh,自然日 00:00–24:00,payload emergency_segments
表3,4-3,2025-03-20,分段合计,5.3905,5.3905,kWh,自然日 00:00–24:00,payload（分段之和 vs 逐日合计）
表3,4-3,2025-03-20,当日紧急购电费/元,27.3057,,元,自然日 00:00–24:00,summary daily
—,4-3,2025-03-20,当日总费用/元,42722.9378,,元,自然日 00:00–24:00,summary daily
表1,4-3,2025-06-21,10:00-10:10,0.0000,0.0000,kWh,模板行 00:10→次日00:10,payload days[*].plan_kwh / adjusted_kwh
表1,4-3,2025-06-21,12:00-12:10,0.0000,0.0000,kWh,模板行 00:10→次日00:10,payload days[*].plan_kwh / adjusted_kwh
表1,4-3,2025-06-21,14:00-14:10,0.0000,0.0000,kWh,模板行 00:10→次日00:10,payload days[*].plan_kwh / adjusted_kwh
表1,4-3,2025-06-21,16:00-16:10,100.4849,100.4849,kWh,模板行 00:10→次日00:10,payload days[*].plan_kwh / adjusted_kwh
表1,4-3,2025-06-21,18:00-18:10,371.1088,371.1088,kWh,模板行 00:10→次日00:10,payload days[*].plan_kwh / adjusted_kwh
表1,4-3,2025-06-21,20:00-20:10,0.0000,0.0000,kWh,模板行 00:10→次日00:10,payload days[*].plan_kwh / adjusted_kwh
表1,4-3,2025-06-21,全天购电量,36362.3693,37170.5314,kWh,模板行 00:10→次日00:10,payload
表1,4-3,2025-06-21,全天购电费/元（模板行口径）,17583.9762,1356.2167,元,模板行 00:10→次日00:10,"payload（4-2 为 PMAT·x 全额、无 min；4-3 为 p·min(x,q)）"
表1,4-3,2025-06-21,全天购电费/元（自然日口径）,17092.5961,1356.2167,元,自然日 00:00–24:00,summary daily
表2,4-3,2025-06-21,0:00-4:00,292.0832,459.8231,kWh,自然日（充电量/放电量）,payload storage_blocks
表2,4-3,2025-06-21,4:00-8:00,1078.2671,1728.8052,kWh,自然日（充电量/放电量）,payload storage_blocks
表2,4-3,2025-06-21,8:00-12:00,10134.2658,0.0000,kWh,自然日（充电量/放电量）,payload storage_blocks
表2,4-3,2025-06-21,12:00-16:00,86.7012,0.0000,kWh,自然日（充电量/放电量）,payload storage_blocks
表2,4-3,2025-06-21,16:00-20:00,0.0000,5331.1153,kWh,自然日（充电量/放电量）,payload storage_blocks
表2,4-3,2025-06-21,20:00-24:00,4076.4088,2410.1913,kWh,自然日（充电量/放电量）,payload storage_blocks
表2,4-3,2025-06-21,0:00 储电量,2799.6237,,kWh,自然日 00:00–24:00,payload/summary
表2,4-3,2025-06-21,24:00 储电量,5867.3161,,kWh,自然日 00:00–24:00,payload/summary
表3,4-3,2025-06-21,（当日无紧急购电）,0.0000,0.0000,kWh,自然日 00:00–24:00,payload
表3,4-3,2025-06-21,当日紧急购电费/元,0.0000,,元,自然日 00:00–24:00,summary daily
—,4-3,2025-06-21,当日总费用/元,18448.8128,,元,自然日 00:00–24:00,summary daily
表1,4-3,2025-09-23,10:00-10:10,0.0000,0.0000,kWh,模板行 00:10→次日00:10,payload days[*].plan_kwh / adjusted_kwh
表1,4-3,2025-09-23,12:00-12:10,402.1413,348.3604,kWh,模板行 00:10→次日00:10,payload days[*].plan_kwh / adjusted_kwh
表1,4-3,2025-09-23,14:00-14:10,0.0000,0.0000,kWh,模板行 00:10→次日00:10,payload days[*].plan_kwh / adjusted_kwh
表1,4-3,2025-09-23,16:00-16:10,428.9485,428.9485,kWh,模板行 00:10→次日00:10,payload days[*].plan_kwh / adjusted_kwh
表1,4-3,2025-09-23,18:00-18:10,-0.0000,760.4559,kWh,模板行 00:10→次日00:10,payload days[*].plan_kwh / adjusted_kwh
表1,4-3,2025-09-23,20:00-20:10,703.6996,703.6996,kWh,模板行 00:10→次日00:10,payload days[*].plan_kwh / adjusted_kwh
表1,4-3,2025-09-23,全天购电量,61214.0087,63934.1266,kWh,模板行 00:10→次日00:10,payload
表1,4-3,2025-09-23,全天购电费/元（模板行口径）,39855.4213,4914.3191,元,模板行 00:10→次日00:10,"payload（4-2 为 PMAT·x 全额、无 min；4-3 为 p·min(x,q)）"
表1,4-3,2025-09-23,全天购电费/元（自然日口径）,39842.1866,4914.3191,元,自然日 00:00–24:00,summary daily
表2,4-3,2025-09-23,0:00-4:00,2606.1121,8.7105,kWh,自然日（充电量/放电量）,payload storage_blocks
表2,4-3,2025-09-23,4:00-8:00,2101.4643,4975.2743,kWh,自然日（充电量/放电量）,payload storage_blocks
表2,4-3,2025-09-23,8:00-12:00,3348.8836,2387.9403,kWh,自然日（充电量/放电量）,payload storage_blocks
表2,4-3,2025-09-23,12:00-16:00,5787.9075,403.6249,kWh,自然日（充电量/放电量）,payload storage_blocks
表2,4-3,2025-09-23,16:00-20:00,7.8109,6624.4672,kWh,自然日（充电量/放电量）,payload storage_blocks
表2,4-3,2025-09-23,20:00-24:00,4590.8236,1873.0878,kWh,自然日（充电量/放电量）,payload storage_blocks
表2,4-3,2025-09-23,0:00 储电量,6814.2673,,kWh,自然日 00:00–24:00,payload/summary
表2,4-3,2025-09-23,24:00 储电量,5331.7412,,kWh,自然日 00:00–24:00,payload/summary
表3,4-3,2025-09-23,20:40-22:00,443.8791,,kWh,自然日 00:00–24:00,payload emergency_segments
表3,4-3,2025-09-23,分段合计,443.8791,443.8791,kWh,自然日 00:00–24:00,payload（分段之和 vs 逐日合计）
表3,4-3,2025-09-23,当日紧急购电费/元,2343.6964,,元,自然日 00:00–24:00,summary daily
—,4-3,2025-09-23,当日总费用/元,47100.2022,,元,自然日 00:00–24:00,summary daily
表1,4-3,2025-12-21,10:00-10:10,0.0000,0.0000,kWh,模板行 00:10→次日00:10,payload days[*].plan_kwh / adjusted_kwh
表1,4-3,2025-12-21,12:00-12:10,949.5771,949.5771,kWh,模板行 00:10→次日00:10,payload days[*].plan_kwh / adjusted_kwh
表1,4-3,2025-12-21,14:00-14:10,0.0000,0.0000,kWh,模板行 00:10→次日00:10,payload days[*].plan_kwh / adjusted_kwh
表1,4-3,2025-12-21,16:00-16:10,833.8757,833.8757,kWh,模板行 00:10→次日00:10,payload days[*].plan_kwh / adjusted_kwh
表1,4-3,2025-12-21,18:00-18:10,703.9495,703.9495,kWh,模板行 00:10→次日00:10,payload days[*].plan_kwh / adjusted_kwh
表1,4-3,2025-12-21,20:00-20:10,0.0000,0.0000,kWh,模板行 00:10→次日00:10,payload days[*].plan_kwh / adjusted_kwh
表1,4-3,2025-12-21,全天购电量,94612.3898,94119.4415,kWh,模板行 00:10→次日00:10,payload
表1,4-3,2025-12-21,全天购电费/元（模板行口径）,70734.4128,146.2417,元,模板行 00:10→次日00:10,"payload（4-2 为 PMAT·x 全额、无 min；4-3 为 p·min(x,q)）"
表1,4-3,2025-12-21,全天购电费/元（自然日口径）,70759.0252,144.8785,元,自然日 00:00–24:00,summary daily
表2,4-3,2025-12-21,0:00-4:00,883.8212,277.3661,kWh,自然日（充电量/放电量）,payload storage_blocks
表2,4-3,2025-12-21,4:00-8:00,355.2898,274.6595,kWh,自然日（充电量/放电量）,payload storage_blocks
表2,4-3,2025-12-21,8:00-12:00,4260.4121,8048.0582,kWh,自然日（充电量/放电量）,payload storage_blocks
表2,4-3,2025-12-21,12:00-16:00,8750.3467,2539.9465,kWh,自然日（充电量/放电量）,payload storage_blocks
表2,4-3,2025-12-21,16:00-20:00,271.5933,4777.9103,kWh,自然日（充电量/放电量）,payload storage_blocks
表2,4-3,2025-12-21,20:00-24:00,9633.9776,3726.7303,kWh,自然日（充电量/放电量）,payload storage_blocks
表2,4-3,2025-12-21,0:00 储电量,10111.8783,,kWh,自然日 00:00–24:00,payload/summary
表2,4-3,2025-12-21,24:00 储电量,10024.3628,,kWh,自然日 00:00–24:00,payload/summary
表3,4-3,2025-12-21,（当日无紧急购电）,0.0000,0.0000,kWh,自然日 00:00–24:00,payload
表3,4-3,2025-12-21,当日紧急购电费/元,0.0000,,元,自然日 00:00–24:00,summary daily
—,4-3,2025-12-21,当日总费用/元,70903.9037,,元,自然日 00:00–24:00,summary daily
