date,time_start,hour,price_yuan_per_kwh,emergency_kwh,price_band
2025-02-11,00:00,0,0.4276,18.928,谷(<0.5)
2025-02-11,21:20,21,0.9371,9.7791,峰(0.9-1.25)
2025-02-11,21:30,21,0.9371,55.4883,峰(0.9-1.25)
2025-02-11,21:40,21,0.9871,28.4873,峰(0.9-1.25)
2025-02-11,21:50,21,0.7764,11.767,平(0.5-0.9)
2025-02-14,21:40,21,0.9871,0.4012,峰(0.9-1.25)
2025-02-15,08:20,8,1.0956,23.6288,峰(0.9-1.25)
2025-02-15,20:50,20,1.2226,159.9641,峰(0.9-1.25)
2025-02-15,21:00,21,0.9332,6.6142,峰(0.9-1.25)
2025-02-15,21:10,21,0.9068,11.8645,峰(0.9-1.25)
2025-02-15,21:20,21,0.9371,32.7226,峰(0.9-1.25)
2025-02-15,21:30,21,0.9371,18.3833,峰(0.9-1.25)
2025-02-15,21:40,21,0.9871,46.851,峰(0.9-1.25)
2025-02-15,21:50,21,0.7764,10.1816,平(0.5-0.9)
2025-02-15,23:00,23,0.4237,1.0203,谷(<0.5)
2025-02-15,23:10,23,0.4248,38.9255,谷(<0.5)
2025-02-15,23:20,23,0.424,41.8591,谷(<0.5)
2025-02-15,23:30,23,0.422,7.3463,谷(<0.5)
2025-02-15,23:40,23,0.424,3.4263,谷(<0.5)
2025-02-15,23:50,23,0.4271,0.1159,谷(<0.5)
2025-02-16,00:00,0,0.4276,10.4216,谷(<0.5)
2025-02-16,06:00,6,0.9099,20.9225,峰(0.9-1.25)
2025-02-16,06:10,6,0.9368,5.5993,峰(0.9-1.25)
2025-02-16,21:50,21,0.7764,50.8809,平(0.5-0.9)
2025-02-16,23:50,23,0.4271,30.6291,谷(<0.5)
2025-02-17,00:00,0,0.4276,2.2767,谷(<0.5)
2025-02-17,21:40,21,0.9871,34.1744,峰(0.9-1.25)
2025-02-17,21:50,21,0.7764,27.0103,平(0.5-0.9)
2025-02-18,00:00,0,0.4276,11.5999,谷(<0.5)
2025-02-19,20:40,20,1.3952,214.6064,尖(≥1.25)
2025-02-19,20:50,20,1.2226,42.5799,峰(0.9-1.25)
2025-02-19,21:00,21,0.9332,8.575,峰(0.9-1.25)
2025-02-19,21:10,21,0.9068,40.6923,峰(0.9-1.25)
2025-02-19,21:20,21,0.9371,46.8916,峰(0.9-1.25)
2025-02-19,21:30,21,0.9371,25.48,峰(0.9-1.25)
2025-02-19,21:40,21,0.9871,30.0645,峰(0.9-1.25)
2025-02-19,21:50,21,0.7764,23.3268,平(0.5-0.9)
2025-02-19,22:00,22,0.4209,20.0308,谷(<0.5)
2025-02-19,23:40,23,0.424,41.6834,谷(<0.5)
2025-02-19,23:50,23,0.4271,88.3018,谷(<0.5)
2025-02-20,00:00,0,0.4276,45.0342,谷(<0.5)
2025-02-22,07:40,7,0.6899,103.1844,平(0.5-0.9)
2025-02-22,07:50,7,0.86,160.4986,平(0.5-0.9)
2025-02-22,08:00,8,1.1617,129.5533,峰(0.9-1.25)
2025-02-22,08:10,8,1.1683,103.8382,峰(0.9-1.25)
2025-02-22,08:20,8,1.0956,40.2568,峰(0.9-1.25)
2025-02-22,20:50,20,1.2226,82.9601,峰(0.9-1.25)
2025-02-23,06:10,6,0.9368,15.0113,峰(0.9-1.25)
2025-02-23,10:30,10,0.9549,30.9622,峰(0.9-1.25)
2025-02-23,10:40,10,0.9839,2.7593,峰(0.9-1.25)
2025-02-23,21:40,21,0.9871,18.9787,峰(0.9-1.25)
2025-02-23,21:50,21,0.7764,35.7823,平(0.5-0.9)
2025-02-24,06:10,6,0.9368,23.6699,峰(0.9-1.25)
2025-02-25,06:00,6,0.9099,11.2183,峰(0.9-1.25)
2025-02-28,08:10,8,1.1683,27.571,峰(0.9-1.25)
2025-03-01,21:10,21,0.9068,29.8838,峰(0.9-1.25)
2025-03-01,21:20,21,0.9371,20.9568,峰(0.9-1.25)
2025-03-01,21:40,21,0.9871,3.257,峰(0.9-1.25)
2025-03-01,21:50,21,0.7764,12.1456,平(0.5-0.9)
2025-03-01,22:00,22,0.4209,1.615,谷(<0.5)
2025-03-02,19:50,19,1.3473,163.0857,尖(≥1.25)
2025-03-02,20:00,20,1.3482,706.63,尖(≥1.25)
2025-03-02,20:10,20,1.3513,710.7208,尖(≥1.25)
2025-03-02,20:20,20,1.34,715.1547,尖(≥1.25)
2025-03-02,20:30,20,1.3489,711.1933,尖(≥1.25)
2025-03-02,20:40,20,1.3952,715.1423,尖(≥1.25)
2025-03-02,20:50,20,1.2226,30.0032,峰(0.9-1.25)
2025-03-02,21:00,21,0.9332,68.1875,峰(0.9-1.25)
2025-03-02,21:10,21,0.9068,30.2005,峰(0.9-1.25)
2025-03-02,21:20,21,0.9371,7.6787,峰(0.9-1.25)
2025-03-02,21:30,21,0.9371,45.2058,峰(0.9-1.25)
2025-03-02,21:40,21,0.9871,63.6734,峰(0.9-1.25)
2025-03-03,09:30,9,0.97,317.873,峰(0.9-1.25)
2025-03-03,09:40,9,0.9422,301.9352,峰(0.9-1.25)
2025-03-03,09:50,9,0.9569,273.548,峰(0.9-1.25)
2025-03-03,10:00,10,0.9977,268.6433,峰(0.9-1.25)
2025-03-03,10:10,10,0.9919,203.6429,峰(0.9-1.25)
2025-03-03,10:20,10,0.9588,131.2871,峰(0.9-1.25)
2025-03-03,10:30,10,0.9549,77.1896,峰(0.9-1.25)
2025-03-03,10:40,10,0.9839,18.9454,峰(0.9-1.25)
2025-03-03,19:40,19,1.349,648.4241,尖(≥1.25)
2025-03-03,19:50,19,1.3473,708.505,尖(≥1.25)
2025-03-03,20:00,20,1.3482,675.275,尖(≥1.25)
2025-03-03,20:10,20,1.3513,692.882,尖(≥1.25)
2025-03-03,20:20,20,1.34,716.962,尖(≥1.25)
2025-03-03,20:30,20,1.3489,728.2817,尖(≥1.25)
2025-03-03,20:40,20,1.3952,752.3021,尖(≥1.25)
2025-03-03,20:50,20,1.2226,81.4611,峰(0.9-1.25)
2025-03-03,21:00,21,0.9332,51.1583,峰(0.9-1.25)
2025-03-03,21:20,21,0.9371,5.5752,峰(0.9-1.25)
2025-03-03,21:30,21,0.9371,42.4267,峰(0.9-1.25)
2025-03-03,21:40,21,0.9871,69.6077,峰(0.9-1.25)
2025-03-03,21:50,21,0.7764,2.3834,平(0.5-0.9)
2025-03-04,10:00,10,0.9977,27.1311,峰(0.9-1.25)
2025-03-04,10:30,10,0.9549,13.1794,峰(0.9-1.25)
2025-03-04,20:10,20,1.3513,17.0731,尖(≥1.25)
2025-03-04,20:20,20,1.34,726.5984,尖(≥1.25)
2025-03-04,20:30,20,1.3489,739.3567,尖(≥1.25)
2025-03-04,20:40,20,1.3952,732.9489,尖(≥1.25)
2025-03-04,20:50,20,1.2226,19.9285,峰(0.9-1.25)
2025-03-04,21:00,21,0.9332,15.0375,峰(0.9-1.25)
2025-03-04,21:20,21,0.9371,9.1472,峰(0.9-1.25)
2025-03-04,21:30,21,0.9371,22.1925,峰(0.9-1.25)
2025-03-04,21:40,21,0.9871,32.7924,峰(0.9-1.25)
2025-03-04,21:50,21,0.7764,23.9826,平(0.5-0.9)
2025-03-04,23:50,23,0.4271,48.2967,谷(<0.5)
2025-03-05,00:00,0,0.4276,29.15,谷(<0.5)
2025-03-06,20:40,20,1.3952,608.6678,尖(≥1.25)
2025-03-06,20:50,20,1.2226,18.498,峰(0.9-1.25)
2025-03-08,07:50,7,0.86,10.2274,平(0.5-0.9)
2025-03-08,08:00,8,1.1617,9.5746,峰(0.9-1.25)
2025-03-10,09:40,9,0.9422,41.0607,峰(0.9-1.25)
2025-03-10,09:50,9,0.9569,162.3418,峰(0.9-1.25)
2025-03-10,10:00,10,0.9977,107.9308,峰(0.9-1.25)
2025-03-10,10:10,10,0.9919,46.7812,峰(0.9-1.25)
2025-03-10,10:20,10,0.9588,1.9111,峰(0.9-1.25)
2025-03-10,20:40,20,1.3952,262.7265,尖(≥1.25)
2025-03-12,20:40,20,1.3952,78.6195,尖(≥1.25)
2025-03-13,20:10,20,1.3513,167.278,尖(≥1.25)
2025-03-13,20:20,20,1.34,731.6255,尖(≥1.25)
2025-03-13,20:30,20,1.3489,699.2283,尖(≥1.25)
2025-03-13,20:40,20,1.3952,721.3135,尖(≥1.25)
2025-03-13,20:50,20,1.2226,20.8945,峰(0.9-1.25)
2025-03-15,07:20,7,0.7972,82.2999,平(0.5-0.9)
2025-03-15,07:30,7,0.7644,174.1604,平(0.5-0.9)
2025-03-15,07:40,7,0.6899,110.3503,平(0.5-0.9)
2025-03-15,07:50,7,0.86,34.3751,平(0.5-0.9)
2025-03-16,06:00,6,0.9099,1.64,峰(0.9-1.25)
2025-03-18,09:20,9,0.9922,35.2275,峰(0.9-1.25)
2025-03-18,09:30,9,0.97,93.3546,峰(0.9-1.25)
2025-03-18,09:40,9,0.9422,52.8566,峰(0.9-1.25)
2025-03-18,09:50,9,0.9569,59.4986,峰(0.9-1.25)
2025-03-18,10:00,10,0.9977,60.0796,峰(0.9-1.25)
2025-03-19,09:20,9,0.9922,64.496,峰(0.9-1.25)
2025-03-19,09:30,9,0.97,124.1954,峰(0.9-1.25)
2025-03-19,09:40,9,0.9422,66.3215,峰(0.9-1.25)
2025-03-20,21:50,21,0.7764,9.7979,平(0.5-0.9)
2025-03-21,07:10,7,0.8092,140.8894,平(0.5-0.9)
2025-03-21,07:20,7,0.7972,161.8786,平(0.5-0.9)
2025-03-21,07:30,7,0.7644,123.6137,平(0.5-0.9)
2025-03-21,07:40,7,0.6899,16.0397,平(0.5-0.9)
2025-03-22,07:10,7,0.8092,56.5938,平(0.5-0.9)
2025-03-22,07:20,7,0.7972,143.8149,平(0.5-0.9)
2025-03-22,07:30,7,0.7644,87.2096,平(0.5-0.9)
2025-03-22,07:40,7,0.6899,48.8285,平(0.5-0.9)
2025-03-23,09:30,9,0.97,84.3049,峰(0.9-1.25)
2025-03-23,09:40,9,0.9422,125.9189,峰(0.9-1.25)
2025-03-23,09:50,9,0.9569,81.5858,峰(0.9-1.25)
2025-03-23,10:00,10,0.9977,38.5038,峰(0.9-1.25)
2025-03-25,09:10,9,1.0147,124.8541,峰(0.9-1.25)
2025-03-25,09:20,9,0.9922,122.3834,峰(0.9-1.25)
2025-03-25,09:30,9,0.97,101.1742,峰(0.9-1.25)
2025-03-25,09:40,9,0.9422,111.2245,峰(0.9-1.25)
2025-03-25,09:50,9,0.9569,110.1048,峰(0.9-1.25)
2025-03-25,10:00,10,0.9977,86.0687,峰(0.9-1.25)
2025-03-25,10:10,10,0.9919,60.1907,峰(0.9-1.25)
2025-03-25,10:20,10,0.9588,49.8098,峰(0.9-1.25)
2025-03-25,10:30,10,0.9549,44.7746,峰(0.9-1.25)
2025-03-25,10:40,10,0.9839,18.8407,峰(0.9-1.25)
2025-03-25,20:40,20,1.3952,393.0846,尖(≥1.25)
2025-03-25,21:20,21,0.9371,16.9388,峰(0.9-1.25)
2025-03-25,21:40,21,0.9871,17.3868,峰(0.9-1.25)
2025-03-26,09:20,9,0.9922,40.9664,峰(0.9-1.25)
2025-03-26,09:30,9,0.97,2.95,峰(0.9-1.25)
2025-03-27,09:20,9,0.9922,20.6094,峰(0.9-1.25)
2025-03-27,09:30,9,0.97,81.8221,峰(0.9-1.25)
2025-03-27,09:40,9,0.9422,32.6699,峰(0.9-1.25)
2025-03-28,07:20,7,0.7972,133.262,平(0.5-0.9)
2025-03-28,07:30,7,0.7644,123.7737,平(0.5-0.9)
2025-03-28,07:40,7,0.6899,103.5792,平(0.5-0.9)
2025-03-28,07:50,7,0.86,64.7577,平(0.5-0.9)
2025-03-29,21:20,21,0.9371,14.7163,峰(0.9-1.25)
2025-03-29,21:30,21,0.9371,0.6808,峰(0.9-1.25)
2025-03-29,21:40,21,0.9871,35.1887,峰(0.9-1.25)
2025-03-31,20:40,20,1.3952,52.8073,尖(≥1.25)
2025-03-31,21:00,21,0.9332,21.4317,峰(0.9-1.25)
2025-04-01,20:20,20,1.34,731.3989,尖(≥1.25)
2025-04-01,20:30,20,1.3489,721.9717,尖(≥1.25)
2025-04-01,20:40,20,1.3952,723.194,尖(≥1.25)
2025-04-01,20:50,20,1.2226,41.5442,峰(0.9-1.25)
2025-04-01,21:50,21,0.7764,35.187,平(0.5-0.9)
2025-04-02,08:50,8,1.043,257.9297,峰(0.9-1.25)
2025-04-02,09:00,9,1.036,250.7508,峰(0.9-1.25)
2025-04-02,09:10,9,1.0147,211.1744,峰(0.9-1.25)
2025-04-02,09:20,9,0.9922,181.6378,峰(0.9-1.25)
2025-04-02,09:30,9,0.97,160.9942,峰(0.9-1.25)
2025-04-02,09:40,9,0.9422,144.538,峰(0.9-1.25)
2025-04-02,09:50,9,0.9569,172.0385,峰(0.9-1.25)
2025-04-02,10:00,10,0.9977,192.0154,峰(0.9-1.25)
2025-04-02,10:10,10,0.9919,102.9144,峰(0.9-1.25)
2025-04-02,10:20,10,0.9588,9.3016,峰(0.9-1.25)
2025-04-02,20:00,20,1.3482,402.9762,尖(≥1.25)
2025-04-02,20:10,20,1.3513,725.1649,尖(≥1.25)
2025-04-02,20:20,20,1.34,754.1564,尖(≥1.25)
2025-04-02,20:30,20,1.3489,770.465,尖(≥1.25)
2025-04-02,20:40,20,1.3952,742.5506,尖(≥1.25)
2025-04-02,20:50,20,1.2226,18.595,峰(0.9-1.25)
2025-04-02,21:40,21,0.9871,2.2002,峰(0.9-1.25)
2025-04-02,21:50,21,0.7764,22.6838,平(0.5-0.9)
2025-04-03,09:10,9,1.0147,30.6268,峰(0.9-1.25)
2025-04-03,09:20,9,0.9922,114.5861,峰(0.9-1.25)
2025-04-03,09:30,9,0.97,30.8796,峰(0.9-1.25)
2025-04-08,20:40,20,1.3952,72.7449,尖(≥1.25)
2025-04-08,20:50,20,1.2226,28.6341,峰(0.9-1.25)
2025-04-08,21:20,21,0.9371,30.4342,峰(0.9-1.25)
2025-04-08,21:30,21,0.9371,15.0931,峰(0.9-1.25)
2025-04-08,21:40,21,0.9871,23.1975,峰(0.9-1.25)
2025-04-08,23:30,23,0.422,0.0498,谷(<0.5)
2025-04-08,23:40,23,0.424,24.36,谷(<0.5)
2025-04-08,23:50,23,0.4271,44.9452,谷(<0.5)
2025-04-09,00:00,0,0.4276,23.0635,谷(<0.5)
2025-04-09,20:00,20,1.3482,84.6258,尖(≥1.25)
2025-04-09,20:10,20,1.3513,749.6552,尖(≥1.25)
2025-04-09,20:20,20,1.34,747.7255,尖(≥1.25)
2025-04-09,20:30,20,1.3489,725.465,尖(≥1.25)
2025-04-09,20:40,20,1.3952,729.5801,尖(≥1.25)
2025-04-09,20:50,20,1.2226,43.0284,峰(0.9-1.25)
2025-04-09,22:00,22,0.4209,0.7601,谷(<0.5)
2025-04-09,22:30,22,0.4198,15.3659,谷(<0.5)
2025-04-09,22:40,22,0.4186,32.1272,谷(<0.5)
2025-04-09,23:50,23,0.4271,12.7257,谷(<0.5)
2025-04-13,20:30,20,1.3489,108.4325,尖(≥1.25)
2025-04-13,20:40,20,1.3952,739.0423,尖(≥1.25)
2025-04-13,20:50,20,1.2226,33.3719,峰(0.9-1.25)
2025-04-13,21:10,21,0.9068,28.7906,峰(0.9-1.25)
2025-04-13,21:20,21,0.9371,41.4494,峰(0.9-1.25)
2025-04-13,21:40,21,0.9871,26.7518,峰(0.9-1.25)
2025-04-27,20:40,20,1.3952,366.2651,尖(≥1.25)
2025-04-27,21:30,21,0.9371,2.4927,峰(0.9-1.25)
2025-04-27,21:40,21,0.9871,47.5983,峰(0.9-1.25)
2025-04-28,19:20,19,1.3445,159.2318,尖(≥1.25)
2025-04-28,19:30,19,1.3483,677.4983,尖(≥1.25)
2025-04-28,19:40,19,1.349,710.3624,尖(≥1.25)
2025-04-28,19:50,19,1.3473,722.812,尖(≥1.25)
2025-04-28,20:00,20,1.3482,706.2933,尖(≥1.25)
2025-04-28,20:10,20,1.3513,712.7117,尖(≥1.25)
2025-04-28,20:20,20,1.34,712.0677,尖(≥1.25)
2025-04-28,20:30,20,1.3489,701.7783,尖(≥1.25)
2025-04-28,20:40,20,1.3952,717.1423,尖(≥1.25)
2025-04-28,20:50,20,1.2226,34.038,峰(0.9-1.25)
2025-04-28,21:00,21,0.9332,44.2108,峰(0.9-1.25)
2025-04-28,21:40,21,0.9871,56.2855,峰(0.9-1.25)
2025-04-28,21:50,21,0.7764,4.8718,平(0.5-0.9)
2025-04-29,20:40,20,1.3952,215.3541,尖(≥1.25)
2025-05-01,20:30,20,1.3489,531.6985,尖(≥1.25)
2025-05-01,20:40,20,1.3952,847.7435,尖(≥1.25)
2025-05-01,20:50,20,1.2226,142.922,峰(0.9-1.25)
2025-05-01,21:00,21,0.9332,129.3767,峰(0.9-1.25)
2025-05-01,21:10,21,0.9068,57.9418,峰(0.9-1.25)
2025-05-01,21:20,21,0.9371,44.1289,峰(0.9-1.25)
2025-05-01,21:30,21,0.9371,55.8067,峰(0.9-1.25)
2025-05-01,21:40,21,0.9871,39.9081,峰(0.9-1.25)
2025-05-01,21:50,21,0.7764,46.5329,平(0.5-0.9)
2025-05-01,22:00,22,0.4209,56.4175,谷(<0.5)
2025-05-01,22:10,22,0.3859,14.6744,谷(<0.5)
2025-05-01,22:20,22,0.4368,76.9208,谷(<0.5)
2025-05-01,22:30,22,0.4198,85.1583,谷(<0.5)
2025-05-01,22:40,22,0.4186,76.0446,谷(<0.5)
2025-05-01,22:50,22,0.4241,92.5469,谷(<0.5)
2025-05-01,23:00,23,0.4237,61.9425,谷(<0.5)
2025-05-01,23:10,23,0.4248,32.2247,谷(<0.5)
2025-05-01,23:20,23,0.424,35.642,谷(<0.5)
2025-05-01,23:30,23,0.422,97.3921,谷(<0.5)
2025-05-01,23:40,23,0.424,68.0808,谷(<0.5)
2025-05-01,23:50,23,0.4271,25.8334,谷(<0.5)
2025-05-02,00:00,0,0.4276,61.2867,谷(<0.5)
2025-05-02,06:50,6,0.8442,122.1093,平(0.5-0.9)
2025-05-02,07:00,7,0.8334,169.9062,平(0.5-0.9)
2025-05-02,07:10,7,0.8092,106.1318,平(0.5-0.9)
2025-05-02,07:20,7,0.7972,35.9351,平(0.5-0.9)
2025-05-02,07:30,7,0.7644,4.0283,平(0.5-0.9)
2025-05-02,20:20,20,1.34,442.1091,尖(≥1.25)
2025-05-02,20:30,20,1.3489,544.9417,尖(≥1.25)
2025-05-02,20:40,20,1.3952,542.3843,尖(≥1.25)
2025-05-02,20:50,20,1.2226,554.9343,峰(0.9-1.25)
2025-05-02,21:00,21,0.9332,165.3075,峰(0.9-1.25)
2025-05-02,21:10,21,0.9068,90.9141,峰(0.9-1.25)
2025-05-02,21:20,21,0.9371,37.7575,峰(0.9-1.25)
2025-05-02,21:30,21,0.9371,9.9375,峰(0.9-1.25)
2025-05-02,21:40,21,0.9871,229.1553,峰(0.9-1.25)
2025-05-02,21:50,21,0.7764,91.3471,平(0.5-0.9)
2025-05-02,22:00,22,0.4209,28.6558,谷(<0.5)
2025-05-02,22:10,22,0.3859,29.104,谷(<0.5)
2025-05-02,22:20,22,0.4368,94.4814,谷(<0.5)
2025-05-02,22:30,22,0.4198,77.6588,谷(<0.5)
2025-05-02,22:40,22,0.4186,43.8743,谷(<0.5)
2025-05-02,22:50,22,0.4241,33.3294,谷(<0.5)
2025-05-02,23:00,23,0.4237,24.085,谷(<0.5)
2025-05-02,23:10,23,0.4248,45.3626,谷(<0.5)
2025-05-02,23:20,23,0.424,32.8879,谷(<0.5)
2025-05-02,23:30,23,0.422,3.8692,谷(<0.5)
2025-05-02,23:40,23,0.424,58.72,谷(<0.5)
2025-05-02,23:50,23,0.4271,83.8398,谷(<0.5)
2025-05-03,00:00,0,0.4276,37.4858,谷(<0.5)
2025-05-03,06:50,6,0.8442,67.0476,平(0.5-0.9)
2025-05-03,07:00,7,0.8334,97.3283,平(0.5-0.9)
2025-05-03,07:10,7,0.8092,109.2604,平(0.5-0.9)
2025-05-03,07:20,7,0.7972,53.4284,平(0.5-0.9)
2025-05-03,20:30,20,1.3489,396.1478,尖(≥1.25)
2025-05-03,20:40,20,1.3952,500.2358,尖(≥1.25)
2025-05-03,20:50,20,1.2226,493.9734,峰(0.9-1.25)
2025-05-03,21:00,21,0.9332,67.6147,峰(0.9-1.25)
2025-05-03,21:10,21,0.9068,82.1322,峰(0.9-1.25)
2025-05-03,21:20,21,0.9371,93.9562,峰(0.9-1.25)
2025-05-03,21:30,21,0.9371,111.3917,峰(0.9-1.25)
2025-05-03,21:40,21,0.9871,120.0609,峰(0.9-1.25)
2025-05-03,21:50,21,0.7764,98.8338,平(0.5-0.9)
2025-05-04,20:40,20,1.3952,536.5264,尖(≥1.25)
2025-05-04,20:50,20,1.2226,75.2886,峰(0.9-1.25)
2025-05-04,21:00,21,0.9332,43.73,峰(0.9-1.25)
2025-05-04,21:10,21,0.9068,39.1737,峰(0.9-1.25)
2025-05-04,21:20,21,0.9371,72.3729,峰(0.9-1.25)
2025-05-04,21:30,21,0.9371,84.5308,峰(0.9-1.25)
2025-05-04,21:40,21,0.9871,51.2209,峰(0.9-1.25)
2025-05-04,21:50,21,0.7764,17.6386,平(0.5-0.9)
2025-05-04,22:00,22,0.4209,36.5758,谷(<0.5)
2025-05-05,20:10,20,1.3513,252.1243,尖(≥1.25)
2025-05-05,20:20,20,1.34,175.3347,尖(≥1.25)
2025-05-05,20:30,20,1.3489,760.1883,尖(≥1.25)
2025-05-05,20:40,20,1.3952,741.2401,尖(≥1.25)
2025-05-05,20:50,20,1.2226,18.2182,峰(0.9-1.25)
2025-05-06,08:10,8,1.1683,131.7085,峰(0.9-1.25)
2025-05-06,08:20,8,1.0956,376.2606,峰(0.9-1.25)
2025-05-06,08:30,8,1.0849,377.2537,峰(0.9-1.25)
2025-05-06,08:40,8,1.061,234.3013,峰(0.9-1.25)
2025-05-06,08:50,8,1.043,104.7397,峰(0.9-1.25)
2025-05-06,09:00,9,1.036,71.9179,峰(0.9-1.25)
2025-05-06,09:10,9,1.0147,63.0504,峰(0.9-1.25)
2025-05-06,09:20,9,0.9922,37.2946,峰(0.9-1.25)
2025-05-06,09:30,9,0.97,29.0367,峰(0.9-1.25)
2025-05-06,09:40,9,0.9422,83.0342,峰(0.9-1.25)
2025-05-06,09:50,9,0.9569,34.6168,峰(0.9-1.25)
2025-05-06,20:50,20,1.2226,19.9762,峰(0.9-1.25)
2025-05-06,21:40,21,0.9871,4.2525,峰(0.9-1.25)
2025-05-06,22:00,22,0.4209,87.7038,谷(<0.5)
2025-05-07,20:40,20,1.3952,655.66,尖(≥1.25)
2025-05-07,20:50,20,1.2226,19.5899,峰(0.9-1.25)
2025-05-07,21:30,21,0.9371,1.954,峰(0.9-1.25)
2025-05-08,20:10,20,1.3513,35.9993,尖(≥1.25)
2025-05-08,20:30,20,1.3489,745.6004,尖(≥1.25)
2025-05-08,20:40,20,1.3952,768.1315,尖(≥1.25)
2025-05-11,19:20,19,1.3445,13.6191,尖(≥1.25)
2025-05-11,19:30,19,1.3483,27.5617,尖(≥1.25)
2025-05-11,20:30,20,1.3489,242.4748,尖(≥1.25)
2025-05-11,20:40,20,1.3952,796.1463,尖(≥1.25)
2025-05-19,20:30,20,1.3489,32.3083,尖(≥1.25)
2025-05-29,20:40,20,1.3952,120.0777,尖(≥1.25)
2025-05-31,06:30,6,0.8759,85.758,平(0.5-0.9)
2025-05-31,06:40,6,0.8601,100.7996,平(0.5-0.9)
2025-05-31,06:50,6,0.8442,79.4798,平(0.5-0.9)
2025-05-31,07:00,7,0.8334,102.095,平(0.5-0.9)
2025-05-31,07:10,7,0.8092,58.0383,平(0.5-0.9)
2025-05-31,07:20,7,0.7972,1.3774,平(0.5-0.9)
2025-06-01,09:00,9,1.036,85.4098,峰(0.9-1.25)
2025-06-01,09:10,9,1.0147,225.6719,峰(0.9-1.25)
2025-06-01,09:20,9,0.9922,221.1112,峰(0.9-1.25)
2025-06-01,09:30,9,0.97,214.7829,峰(0.9-1.25)
2025-06-01,09:40,9,0.9422,223.0188,峰(0.9-1.25)
2025-06-01,09:50,9,0.9569,198.628,峰(0.9-1.25)
2025-06-01,10:00,10,0.9977,147.7733,峰(0.9-1.25)
2025-06-01,10:10,10,0.9919,127.4209,峰(0.9-1.25)
2025-06-01,10:20,10,0.9588,120.3401,峰(0.9-1.25)
2025-06-01,10:30,10,0.9549,105.6421,峰(0.9-1.25)
2025-06-01,10:40,10,0.9839,91.1075,峰(0.9-1.25)
2025-06-01,10:50,10,0.799,131.9008,平(0.5-0.9)
2025-06-01,11:00,11,0.5025,188.5296,平(0.5-0.9)
2025-06-01,11:10,11,0.4662,117.1562,谷(<0.5)
2025-06-01,11:20,11,0.5007,111.7986,平(0.5-0.9)
2025-06-01,11:30,11,0.4827,69.9308,谷(<0.5)
2025-06-01,11:40,11,0.4785,0.0552,谷(<0.5)
2025-06-01,12:00,12,0.4432,20.3379,谷(<0.5)
2025-06-01,15:20,15,0.7217,12.2479,平(0.5-0.9)
2025-06-01,15:30,15,0.7308,179.2263,平(0.5-0.9)
2025-06-01,15:40,15,0.7534,124.6683,平(0.5-0.9)
2025-06-01,15:50,15,0.7823,141.8163,平(0.5-0.9)
2025-06-01,16:00,16,0.8055,184.7975,平(0.5-0.9)
2025-06-01,16:10,16,0.8271,171.8784,平(0.5-0.9)
2025-06-01,16:20,16,0.8519,165.2818,平(0.5-0.9)
2025-06-01,16:30,16,0.8791,196.4206,平(0.5-0.9)
2025-06-01,16:40,16,0.9024,194.2578,峰(0.9-1.25)
2025-06-01,16:50,16,0.9163,197.4209,峰(0.9-1.25)
2025-06-01,17:00,17,0.9264,145.3179,峰(0.9-1.25)
2025-06-01,17:10,17,0.9462,129.1613,峰(0.9-1.25)
2025-06-01,17:20,17,0.9742,134.0933,峰(0.9-1.25)
2025-06-01,17:30,17,0.9862,153.04,峰(0.9-1.25)
2025-06-01,17:40,17,0.976,111.4379,峰(0.9-1.25)
2025-06-01,17:50,17,1.0742,87.0377,峰(0.9-1.25)
2025-06-01,18:00,18,1.2313,122.7237,峰(0.9-1.25)
2025-06-01,18:10,18,1.2561,43.9356,尖(≥1.25)
2025-06-01,18:20,18,1.2447,47.9929,峰(0.9-1.25)
2025-06-01,18:30,18,1.2545,110.3962,尖(≥1.25)
2025-06-01,18:40,18,1.2522,58.0113,尖(≥1.25)
2025-06-01,18:50,18,1.2881,86.9868,尖(≥1.25)
2025-06-01,19:00,19,1.3466,860.1367,尖(≥1.25)
2025-06-01,19:10,19,1.3523,884.7278,尖(≥1.25)
2025-06-01,19:20,19,1.3445,886.4385,尖(≥1.25)
2025-06-01,19:30,19,1.3483,892.335,尖(≥1.25)
2025-06-01,19:40,19,1.349,818.4478,尖(≥1.25)
2025-06-01,19:50,19,1.3473,835.6404,尖(≥1.25)
2025-06-01,20:00,20,1.3482,906.845,尖(≥1.25)
2025-06-01,20:10,20,1.3513,877.8817,尖(≥1.25)
2025-06-01,20:20,20,1.34,427.4361,尖(≥1.25)
2025-06-01,20:30,20,1.3489,795.1783,尖(≥1.25)
2025-06-01,20:40,20,1.3952,831.6715,尖(≥1.25)
2025-06-01,20:50,20,1.2226,48.1333,峰(0.9-1.25)
2025-06-01,21:00,21,0.9332,71.505,峰(0.9-1.25)
2025-06-01,21:10,21,0.9068,73.577,峰(0.9-1.25)
2025-06-01,21:20,21,0.9371,84.1048,峰(0.9-1.25)
2025-06-01,21:30,21,0.9371,85.8275,峰(0.9-1.25)
2025-06-01,21:40,21,0.9871,96.2435,峰(0.9-1.25)
2025-06-01,21:50,21,0.7764,85.6253,平(0.5-0.9)
2025-06-01,22:00,22,0.4209,51.4183,谷(<0.5)
2025-06-01,22:20,22,0.4368,58.0545,谷(<0.5)
2025-06-01,22:30,22,0.4198,85.365,谷(<0.5)
2025-06-01,22:40,22,0.4186,29.9059,谷(<0.5)
2025-06-01,22:50,22,0.4241,3.7363,谷(<0.5)
2025-06-01,23:00,23,0.4237,17.5017,谷(<0.5)
2025-06-01,23:10,23,0.4248,73.5709,谷(<0.5)
2025-06-01,23:20,23,0.424,110.4708,谷(<0.5)
2025-06-01,23:30,23,0.422,113.9142,谷(<0.5)
2025-06-01,23:40,23,0.424,85.2774,谷(<0.5)
2025-06-01,23:50,23,0.4271,75.7797,谷(<0.5)
2025-06-02,00:00,0,0.4276,86.0958,谷(<0.5)
2025-06-02,08:20,8,1.0956,106.5547,峰(0.9-1.25)
2025-06-02,08:30,8,1.0849,370.7425,峰(0.9-1.25)
2025-06-02,08:40,8,1.061,349.4437,峰(0.9-1.25)
2025-06-02,08:50,8,1.043,288.1766,峰(0.9-1.25)
2025-06-02,09:00,9,1.036,209.5196,峰(0.9-1.25)
2025-06-02,09:10,9,1.0147,206.7207,峰(0.9-1.25)
2025-06-02,09:20,9,0.9922,150.168,峰(0.9-1.25)
2025-06-02,09:30,9,0.97,28.1992,峰(0.9-1.25)
2025-06-02,17:10,17,0.9462,79.1424,峰(0.9-1.25)
2025-06-02,17:20,17,0.9742,155.0777,峰(0.9-1.25)
2025-06-02,17:30,17,0.9862,174.7912,峰(0.9-1.25)
2025-06-02,17:40,17,0.976,136.9027,峰(0.9-1.25)
2025-06-02,17:50,17,1.0742,103.4738,峰(0.9-1.25)
2025-06-02,18:00,18,1.2313,144.8935,峰(0.9-1.25)
2025-06-02,18:10,18,1.2561,116.6098,尖(≥1.25)
2025-06-02,18:20,18,1.2447,100.6616,峰(0.9-1.25)
2025-06-02,18:30,18,1.2545,126.3181,尖(≥1.25)
2025-06-02,18:40,18,1.2522,87.6105,尖(≥1.25)
2025-06-02,18:50,18,1.2881,68.9865,尖(≥1.25)
2025-06-02,19:00,19,1.3466,794.065,尖(≥1.25)
2025-06-02,19:10,19,1.3523,819.8878,尖(≥1.25)
2025-06-02,19:20,19,1.3445,886.8582,尖(≥1.25)
2025-06-02,19:30,19,1.3483,907.4425,尖(≥1.25)
2025-06-02,19:40,19,1.349,825.3818,尖(≥1.25)
2025-06-02,19:50,19,1.3473,842.3303,尖(≥1.25)
2025-06-02,20:00,20,1.3482,901.5467,尖(≥1.25)
2025-06-02,20:10,20,1.3513,893.0183,尖(≥1.25)
2025-06-02,20:20,20,1.34,371.9732,尖(≥1.25)
2025-06-02,20:30,20,1.3489,797.6308,尖(≥1.25)
2025-06-02,20:40,20,1.3952,829.0818,尖(≥1.25)
2025-06-02,20:50,20,1.2226,82.0116,峰(0.9-1.25)
2025-06-02,21:00,21,0.9332,42.225,峰(0.9-1.25)
2025-06-02,21:10,21,0.9068,83.437,峰(0.9-1.25)
2025-06-02,21:20,21,0.9371,93.442,峰(0.9-1.25)
2025-06-02,21:30,21,0.9371,119.07,峰(0.9-1.25)
2025-06-02,21:40,21,0.9871,57.6618,峰(0.9-1.25)
2025-06-02,21:50,21,0.7764,40.9434,平(0.5-0.9)
2025-06-02,22:00,22,0.4209,76.5992,谷(<0.5)
2025-06-02,22:20,22,0.4368,47.5776,谷(<0.5)
2025-06-02,22:30,22,0.4198,79.2642,谷(<0.5)
2025-06-02,22:40,22,0.4186,61.4103,谷(<0.5)
2025-06-02,22:50,22,0.4241,68.5253,谷(<0.5)
2025-06-02,23:00,23,0.4237,45.7142,谷(<0.5)
2025-06-02,23:10,23,0.4248,134.2662,谷(<0.5)
2025-06-02,23:20,23,0.424,120.8281,谷(<0.5)
2025-06-02,23:30,23,0.422,40.5525,谷(<0.5)
2025-06-02,23:40,23,0.424,49.0741,谷(<0.5)
2025-06-02,23:50,23,0.4271,72.8143,谷(<0.5)
2025-06-03,00:00,0,0.4276,87.2683,谷(<0.5)
2025-06-03,08:20,8,1.0956,69.4883,峰(0.9-1.25)
2025-06-03,08:30,8,1.0849,414.5996,峰(0.9-1.25)
2025-06-03,08:40,8,1.061,382.501,峰(0.9-1.25)
2025-06-03,08:50,8,1.043,322.0515,峰(0.9-1.25)
2025-06-03,09:00,9,1.036,243.9613,峰(0.9-1.25)
2025-06-03,09:10,9,1.0147,196.0845,峰(0.9-1.25)
2025-06-03,09:20,9,0.9922,172.0571,峰(0.9-1.25)
2025-06-03,09:30,9,0.97,169.2163,峰(0.9-1.25)
2025-06-03,09:40,9,0.9422,185.4169,峰(0.9-1.25)
2025-06-03,09:50,9,0.9569,153.7929,峰(0.9-1.25)
2025-06-03,10:00,10,0.9977,92.7533,峰(0.9-1.25)
2025-06-03,10:10,10,0.9919,80.7539,峰(0.9-1.25)
2025-06-03,10:20,10,0.9588,35.5338,峰(0.9-1.25)
2025-06-03,18:30,18,1.2545,62.8173,尖(≥1.25)
2025-06-03,18:40,18,1.2522,109.8944,尖(≥1.25)
2025-06-03,18:50,18,1.2881,83.8683,尖(≥1.25)
2025-06-03,19:00,19,1.3466,840.7033,尖(≥1.25)
2025-06-03,19:10,19,1.3523,849.0387,尖(≥1.25)
2025-06-03,19:20,19,1.3445,818.2203,尖(≥1.25)
2025-06-03,19:30,19,1.3483,824.9683,尖(≥1.25)
2025-06-03,19:40,19,1.349,884.9849,尖(≥1.25)
2025-06-03,19:50,19,1.3473,914.6182,尖(≥1.25)
2025-06-03,20:00,20,1.3482,844.2667,尖(≥1.25)
2025-06-03,20:10,20,1.3513,789.775,尖(≥1.25)
2025-06-03,20:20,20,1.34,304.392,尖(≥1.25)
2025-06-03,20:30,20,1.3489,805.17,尖(≥1.25)
2025-06-03,20:40,20,1.3952,834.0307,尖(≥1.25)
2025-06-03,20:50,20,1.2226,23.0738,峰(0.9-1.25)
2025-06-03,21:00,21,0.9332,34.4642,峰(0.9-1.25)
2025-06-03,21:10,21,0.9068,80.4371,峰(0.9-1.25)
2025-06-03,21:20,21,0.9371,72.062,峰(0.9-1.25)
2025-06-03,21:30,21,0.9371,99.705,峰(0.9-1.25)
2025-06-03,21:40,21,0.9871,93.6157,峰(0.9-1.25)
2025-06-03,21:50,21,0.7764,74.89,平(0.5-0.9)
2025-06-03,22:00,22,0.4209,23.6617,谷(<0.5)
2025-06-04,08:20,8,1.0956,307.6786,峰(0.9-1.25)
2025-06-04,08:30,8,1.0849,308.8329,峰(0.9-1.25)
2025-06-04,08:40,8,1.061,281.648,峰(0.9-1.25)
2025-06-04,08:50,8,1.043,232.1311,峰(0.9-1.25)
2025-06-04,09:00,9,1.036,166.3938,峰(0.9-1.25)
2025-06-04,09:10,9,1.0147,144.1117,峰(0.9-1.25)
2025-06-04,09:20,9,0.9922,92.4305,峰(0.9-1.25)
2025-06-04,09:30,9,0.97,18.6217,峰(0.9-1.25)
2025-06-04,09:40,9,0.9422,11.7318,峰(0.9-1.25)
2025-06-04,09:50,9,0.9569,32.1242,峰(0.9-1.25)
2025-06-04,10:00,10,0.9977,32.0875,峰(0.9-1.25)
2025-06-04,17:10,17,0.9462,70.5617,峰(0.9-1.25)
2025-06-04,17:20,17,0.9742,84.0149,峰(0.9-1.25)
2025-06-04,17:30,17,0.9862,125.119,峰(0.9-1.25)
2025-06-04,17:40,17,0.976,138.7029,峰(0.9-1.25)
2025-06-04,17:50,17,1.0742,112.6409,峰(0.9-1.25)
2025-06-04,18:00,18,1.2313,88.411,峰(0.9-1.25)
2025-06-04,18:10,18,1.2561,122.0323,尖(≥1.25)
2025-06-04,18:20,18,1.2447,99.5393,峰(0.9-1.25)
2025-06-04,18:30,18,1.2545,73.2729,尖(≥1.25)
2025-06-04,18:40,18,1.2522,69.3266,尖(≥1.25)
2025-06-04,18:50,18,1.2881,94.7753,尖(≥1.25)
2025-06-04,19:00,19,1.3466,800.7708,尖(≥1.25)
2025-06-04,19:10,19,1.3523,844.5603,尖(≥1.25)
2025-06-04,19:20,19,1.3445,819.3373,尖(≥1.25)
2025-06-04,19:30,19,1.3483,713.73,尖(≥1.25)
2025-06-04,19:40,19,1.349,822.8164,尖(≥1.25)
2025-06-04,19:50,19,1.3473,848.9652,尖(≥1.25)
2025-06-04,20:00,20,1.3482,732.6475,尖(≥1.25)
2025-06-04,20:10,20,1.3513,782.0295,尖(≥1.25)
2025-06-04,20:20,20,1.34,326.4858,尖(≥1.25)
2025-06-04,20:30,20,1.3489,835.2167,尖(≥1.25)
2025-06-04,20:40,20,1.3952,859.0485,尖(≥1.25)
2025-06-04,20:50,20,1.2226,40.5704,峰(0.9-1.25)
2025-06-04,21:00,21,0.9332,18.6467,峰(0.9-1.25)
2025-06-04,21:10,21,0.9068,34.3696,峰(0.9-1.25)
2025-06-04,21:20,21,0.9371,86.3211,峰(0.9-1.25)
2025-06-04,21:30,21,0.9371,100.2883,峰(0.9-1.25)
2025-06-04,21:40,21,0.9871,49.958,峰(0.9-1.25)
2025-06-05,09:20,9,0.9922,40.7285,峰(0.9-1.25)
2025-06-05,09:30,9,0.97,47.1525,峰(0.9-1.25)
2025-06-05,09:40,9,0.9422,25.5337,峰(0.9-1.25)
2025-06-05,09:50,9,0.9569,45.1876,峰(0.9-1.25)
2025-06-05,10:00,10,0.9977,34.135,峰(0.9-1.25)
2025-06-05,19:00,19,1.3466,25.0408,尖(≥1.25)
2025-06-05,19:10,19,1.3523,29.2921,尖(≥1.25)
2025-06-05,20:10,20,1.3513,8.7741,尖(≥1.25)
2025-06-05,20:30,20,1.3489,162.8824,尖(≥1.25)
2025-06-05,20:40,20,1.3952,862.1837,尖(≥1.25)
2025-06-05,20:50,20,1.2226,77.0392,峰(0.9-1.25)
2025-06-06,06:50,6,0.8442,52.1959,平(0.5-0.9)
2025-06-06,07:00,7,0.8334,166.8096,平(0.5-0.9)
2025-06-06,07:10,7,0.8092,126.8679,平(0.5-0.9)
2025-06-06,07:20,7,0.7972,73.3521,平(0.5-0.9)
2025-06-06,07:30,7,0.7644,42.24,平(0.5-0.9)
2025-06-06,07:40,7,0.6899,21.0488,平(0.5-0.9)
2025-06-06,20:20,20,1.34,251.7045,尖(≥1.25)
2025-06-06,20:30,20,1.3489,662.1683,尖(≥1.25)
2025-06-06,20:40,20,1.3952,609.2892,尖(≥1.25)
2025-06-07,07:20,7,0.7972,82.5706,平(0.5-0.9)
2025-06-07,07:30,7,0.7644,94.8354,平(0.5-0.9)
2025-06-07,07:40,7,0.6899,41.0567,平(0.5-0.9)
2025-06-07,20:40,20,1.3952,624.2396,尖(≥1.25)
2025-06-07,20:50,20,1.2226,29.9955,峰(0.9-1.25)
2025-06-11,09:40,9,0.9422,121.2853,峰(0.9-1.25)
2025-06-11,09:50,9,0.9569,225.7568,峰(0.9-1.25)
2025-06-11,10:00,10,0.9977,235.2042,峰(0.9-1.25)
2025-06-11,10:10,10,0.9919,222.9822,峰(0.9-1.25)
2025-06-11,10:20,10,0.9588,197.1631,峰(0.9-1.25)
2025-06-11,10:30,10,0.9549,161.09,峰(0.9-1.25)
2025-06-11,10:40,10,0.9839,95.7119,峰(0.9-1.25)
2025-06-11,10:50,10,0.799,4.6553,平(0.5-0.9)
2025-06-11,20:10,20,1.3513,440.6909,尖(≥1.25)
2025-06-11,20:20,20,1.34,128.4604,尖(≥1.25)
2025-06-11,20:30,20,1.3489,762.7169,尖(≥1.25)
2025-06-11,20:40,20,1.3952,800.0896,尖(≥1.25)
2025-06-11,20:50,20,1.2226,20.0185,峰(0.9-1.25)
2025-06-12,20:40,20,1.3952,59.8788,尖(≥1.25)
2025-06-12,20:50,20,1.2226,35.3222,峰(0.9-1.25)
2025-06-12,21:40,21,0.9871,21.9516,峰(0.9-1.25)
2025-06-12,21:50,21,0.7764,12.1074,平(0.5-0.9)
2025-06-17,19:30,19,1.3483,0.8715,尖(≥1.25)
2025-06-19,19:30,19,1.3483,16.6115,尖(≥1.25)
2025-06-24,09:50,9,0.9569,37.4757,峰(0.9-1.25)
2025-06-24,10:00,10,0.9977,296.4787,峰(0.9-1.25)
2025-06-24,10:10,10,0.9919,273.9385,峰(0.9-1.25)
2025-06-24,10:20,10,0.9588,236.779,峰(0.9-1.25)
2025-06-24,10:30,10,0.9549,210.6,峰(0.9-1.25)
2025-06-24,10:40,10,0.9839,176.3445,峰(0.9-1.25)
2025-06-24,10:50,10,0.799,126.4007,平(0.5-0.9)
2025-06-25,19:00,19,1.3466,9.024,尖(≥1.25)
2025-06-26,19:10,19,1.3523,1.5027,尖(≥1.25)
2025-06-26,19:50,19,1.3473,19.74,尖(≥1.25)
2025-06-29,09:20,9,0.9922,4.5579,峰(0.9-1.25)
2025-06-29,09:30,9,0.97,235.6454,峰(0.9-1.25)
2025-06-29,09:40,9,0.9422,208.1854,峰(0.9-1.25)
2025-06-29,09:50,9,0.9569,105.4927,峰(0.9-1.25)
2025-06-29,10:00,10,0.9977,26.9504,峰(0.9-1.25)
2025-06-29,10:10,10,0.9919,16.1283,峰(0.9-1.25)
2025-06-29,20:40,20,1.3952,10.8165,尖(≥1.25)
2025-06-30,10:20,10,0.9588,41.9943,峰(0.9-1.25)
2025-06-30,10:30,10,0.9549,90.2558,峰(0.9-1.25)
2025-06-30,10:40,10,0.9839,68.6556,峰(0.9-1.25)
2025-06-30,19:00,19,1.3466,24.5581,尖(≥1.25)
2025-06-30,19:40,19,1.349,15.9674,尖(≥1.25)
2025-07-01,08:40,8,1.061,218.6567,峰(0.9-1.25)
2025-07-01,08:50,8,1.043,373.5454,峰(0.9-1.25)
2025-07-01,09:00,9,1.036,353.6967,峰(0.9-1.25)
2025-07-01,09:10,9,1.0147,284.2217,峰(0.9-1.25)
2025-07-01,09:20,9,0.9922,180.2485,峰(0.9-1.25)
2025-07-01,09:30,9,0.97,99.7508,峰(0.9-1.25)
2025-07-01,09:40,9,0.9422,104.0871,峰(0.9-1.25)
2025-07-01,09:50,9,0.9569,151.2856,峰(0.9-1.25)
2025-07-01,10:00,10,0.9977,161.6383,峰(0.9-1.25)
2025-07-01,10:10,10,0.9919,79.6183,峰(0.9-1.25)
2025-07-01,19:00,19,1.3466,47.3794,尖(≥1.25)
2025-07-01,19:10,19,1.3523,44.7585,尖(≥1.25)
2025-07-01,19:20,19,1.3445,60.7031,尖(≥1.25)
2025-07-01,19:30,19,1.3483,54.4102,尖(≥1.25)
2025-07-01,19:40,19,1.349,77.4649,尖(≥1.25)
2025-07-01,19:50,19,1.3473,77.7618,尖(≥1.25)
2025-07-01,20:00,20,1.3482,111.146,尖(≥1.25)
2025-07-01,20:10,20,1.3513,78.7946,尖(≥1.25)
2025-07-01,20:30,20,1.3489,505.3823,尖(≥1.25)
2025-07-01,20:40,20,1.3952,884.9216,尖(≥1.25)
2025-07-01,20:50,20,1.2226,102.287,峰(0.9-1.25)
2025-07-01,21:00,21,0.9332,76.6723,峰(0.9-1.25)
2025-07-01,21:10,21,0.9068,87.9059,峰(0.9-1.25)
2025-07-01,21:20,21,0.9371,62.5978,峰(0.9-1.25)
2025-07-01,21:30,21,0.9371,64.2606,峰(0.9-1.25)
2025-07-01,21:40,21,0.9871,147.8704,峰(0.9-1.25)
2025-07-01,21:50,21,0.7764,163.231,平(0.5-0.9)
2025-07-01,22:20,22,0.4368,40.4996,谷(<0.5)
2025-07-01,22:30,22,0.4198,137.6923,谷(<0.5)
2025-07-01,22:40,22,0.4186,132.1397,谷(<0.5)
2025-07-01,22:50,22,0.4241,87.1723,谷(<0.5)
2025-07-01,23:00,23,0.4237,31.1559,谷(<0.5)
2025-07-01,23:10,23,0.4248,88.3107,谷(<0.5)
2025-07-01,23:20,23,0.424,139.1454,谷(<0.5)
2025-07-01,23:30,23,0.422,124.6767,谷(<0.5)
2025-07-01,23:40,23,0.424,114.2508,谷(<0.5)
2025-07-01,23:50,23,0.4271,133.5354,谷(<0.5)
2025-07-02,00:00,0,0.4276,149.3481,谷(<0.5)
2025-07-02,09:10,9,1.0147,33.3443,峰(0.9-1.25)
2025-07-02,09:20,9,0.9922,57.8035,峰(0.9-1.25)
2025-07-02,09:30,9,0.97,79.215,峰(0.9-1.25)
2025-07-02,09:40,9,0.9422,62.9164,峰(0.9-1.25)
2025-07-02,09:50,9,0.9569,0.7971,峰(0.9-1.25)
2025-07-02,19:00,19,1.3466,54.5427,尖(≥1.25)
2025-07-02,19:10,19,1.3523,105.4282,尖(≥1.25)
2025-07-02,19:20,19,1.3445,116.6216,尖(≥1.25)
2025-07-02,19:30,19,1.3483,77.9862,尖(≥1.25)
2025-07-02,19:40,19,1.349,11.6567,尖(≥1.25)
2025-07-02,19:50,19,1.3473,52.1152,尖(≥1.25)
2025-07-02,20:00,20,1.3482,153.8319,尖(≥1.25)
2025-07-02,20:10,20,1.3513,110.3366,尖(≥1.25)
2025-07-02,20:30,20,1.3489,860.3824,尖(≥1.25)
2025-07-02,20:40,20,1.3952,903.3456,尖(≥1.25)
2025-07-02,20:50,20,1.2226,129.8793,峰(0.9-1.25)
2025-07-02,21:00,21,0.9332,96.4648,峰(0.9-1.25)
2025-07-02,21:10,21,0.9068,76.143,峰(0.9-1.25)
2025-07-02,21:20,21,0.9371,33.8485,峰(0.9-1.25)
2025-07-02,21:30,21,0.9371,35.2279,峰(0.9-1.25)
2025-07-02,21:40,21,0.9871,93.7251,峰(0.9-1.25)
2025-07-02,21:50,21,0.7764,116.7469,平(0.5-0.9)
2025-07-02,22:00,22,0.4209,9.1365,谷(<0.5)
2025-07-02,22:10,22,0.3859,106.1404,谷(<0.5)
2025-07-02,22:20,22,0.4368,189.4325,谷(<0.5)
2025-07-02,22:30,22,0.4198,37.074,谷(<0.5)
2025-07-02,22:40,22,0.4186,105.4498,谷(<0.5)
2025-07-02,22:50,22,0.4241,143.7866,谷(<0.5)
2025-07-02,23:00,23,0.4237,68.9775,谷(<0.5)
2025-07-02,23:10,23,0.4248,76.6449,谷(<0.5)
2025-07-02,23:20,23,0.424,95.9366,谷(<0.5)
2025-07-02,23:30,23,0.422,153.3883,谷(<0.5)
2025-07-02,23:40,23,0.424,84.0095,谷(<0.5)
2025-07-02,23:50,23,0.4271,67.1082,谷(<0.5)
2025-07-03,00:00,0,0.4276,125.3417,谷(<0.5)
2025-07-03,08:30,8,1.0849,136.4059,峰(0.9-1.25)
2025-07-03,08:40,8,1.061,265.7947,峰(0.9-1.25)
2025-07-03,08:50,8,1.043,219.647,峰(0.9-1.25)
2025-07-03,09:00,9,1.036,262.0542,峰(0.9-1.25)
2025-07-03,09:10,9,1.0147,246.3209,峰(0.9-1.25)
2025-07-03,09:20,9,0.9922,210.8041,峰(0.9-1.25)
2025-07-03,09:30,9,0.97,186.7329,峰(0.9-1.25)
2025-07-03,09:40,9,0.9422,152.1831,峰(0.9-1.25)
2025-07-03,09:50,9,0.9569,97.3462,峰(0.9-1.25)
2025-07-03,10:00,10,0.9977,53.7108,峰(0.9-1.25)
2025-07-03,10:10,10,0.9919,62.2489,峰(0.9-1.25)
2025-07-03,10:20,10,0.9588,54.4485,峰(0.9-1.25)
2025-07-03,10:30,10,0.9549,6.9358,峰(0.9-1.25)
2025-07-03,19:00,19,1.3466,46.1766,尖(≥1.25)
2025-07-03,19:50,19,1.3473,307.2487,尖(≥1.25)
2025-07-03,20:00,20,1.3482,794.5308,尖(≥1.25)
2025-07-03,20:10,20,1.3513,811.4284,尖(≥1.25)
2025-07-03,20:20,20,1.34,209.6599,尖(≥1.25)
2025-07-03,20:30,20,1.3489,873.056,尖(≥1.25)
2025-07-03,20:40,20,1.3952,901.0391,尖(≥1.25)
2025-07-03,20:50,20,1.2226,110.3934,峰(0.9-1.25)
2025-07-03,21:00,21,0.9332,63.9479,峰(0.9-1.25)
2025-07-03,21:10,21,0.9068,142.6877,峰(0.9-1.25)
2025-07-03,21:20,21,0.9371,142.204,峰(0.9-1.25)
2025-07-03,21:30,21,0.9371,93.2429,峰(0.9-1.25)
2025-07-03,21:40,21,0.9871,105.8983,峰(0.9-1.25)
2025-07-03,22:00,22,0.4209,24.8475,谷(<0.5)
2025-07-03,23:40,23,0.424,22.4697,谷(<0.5)
2025-07-03,23:50,23,0.4271,2.0535,谷(<0.5)
2025-07-06,09:20,9,0.9922,165.8764,峰(0.9-1.25)
2025-07-06,09:30,9,0.97,137.5321,峰(0.9-1.25)
2025-07-06,09:40,9,0.9422,5.469,峰(0.9-1.25)
2025-07-06,10:00,10,0.9977,99.7175,峰(0.9-1.25)
2025-07-06,10:10,10,0.9919,96.0671,峰(0.9-1.25)
2025-07-06,19:00,19,1.3466,37.2493,尖(≥1.25)
2025-07-06,19:40,19,1.349,58.8974,尖(≥1.25)
2025-07-06,19:50,19,1.3473,832.7917,尖(≥1.25)
2025-07-06,20:00,20,1.3482,724.7169,尖(≥1.25)
2025-07-06,20:10,20,1.3513,823.9633,尖(≥1.25)
2025-07-06,20:20,20,1.34,270.5794,尖(≥1.25)
2025-07-06,20:30,20,1.3489,837.3948,尖(≥1.25)
2025-07-06,20:40,20,1.3952,804.7502,尖(≥1.25)
2025-07-06,20:50,20,1.2226,44.6459,峰(0.9-1.25)
2025-07-06,21:00,21,0.9332,23.7368,峰(0.9-1.25)
2025-07-07,19:50,19,1.3473,6.0544,尖(≥1.25)
2025-07-09,19:30,19,1.3483,15.2067,尖(≥1.25)
2025-07-13,19:20,19,1.3445,20.0545,尖(≥1.25)
2025-07-13,20:00,20,1.3482,20.2083,尖(≥1.25)
2025-07-17,20:40,20,1.3952,569.5264,尖(≥1.25)
2025-07-21,20:00,20,1.3482,311.7606,尖(≥1.25)
2025-07-21,20:10,20,1.3513,697.3084,尖(≥1.25)
2025-07-21,20:20,20,1.34,122.2285,尖(≥1.25)
2025-07-21,20:30,20,1.3489,708.7635,尖(≥1.25)
2025-07-21,20:40,20,1.3952,802.3201,尖(≥1.25)
2025-07-23,20:10,20,1.3513,521.2753,尖(≥1.25)
2025-07-23,20:20,20,1.34,50.5468,尖(≥1.25)
2025-07-23,20:30,20,1.3489,760.874,尖(≥1.25)
2025-07-23,20:40,20,1.3952,755.4213,尖(≥1.25)
2025-07-23,20:50,20,1.2226,22.509,峰(0.9-1.25)
2025-07-24,20:40,20,1.3952,382.367,尖(≥1.25)
2025-07-27,08:40,8,1.061,10.256,峰(0.9-1.25)
2025-07-27,08:50,8,1.043,349.1038,峰(0.9-1.25)
2025-07-27,09:00,9,1.036,294.3496,峰(0.9-1.25)
2025-07-27,09:10,9,1.0147,265.8663,峰(0.9-1.25)
2025-07-27,09:20,9,0.9922,167.8757,峰(0.9-1.25)
2025-07-27,09:30,9,0.97,21.6737,峰(0.9-1.25)
2025-07-28,09:30,9,0.97,44.0018,峰(0.9-1.25)
2025-07-28,09:40,9,0.9422,98.7956,峰(0.9-1.25)
2025-07-28,09:50,9,0.9569,20.2879,峰(0.9-1.25)
2025-07-28,10:00,10,0.9977,36.5208,峰(0.9-1.25)
2025-07-28,10:10,10,0.9919,10.7056,峰(0.9-1.25)
2025-07-28,10:20,10,0.9588,19.561,峰(0.9-1.25)
2025-07-28,10:30,10,0.9549,48.1983,峰(0.9-1.25)
2025-07-28,19:50,19,1.3473,440.6442,尖(≥1.25)
2025-07-28,20:00,20,1.3482,693.5479,尖(≥1.25)
2025-07-28,20:10,20,1.3513,724.7842,尖(≥1.25)
2025-07-28,20:20,20,1.34,79.0064,尖(≥1.25)
2025-07-28,20:30,20,1.3489,761.0385,尖(≥1.25)
2025-07-28,20:40,20,1.3952,730.1068,尖(≥1.25)
2025-07-29,19:00,19,1.3466,9.5037,尖(≥1.25)
2025-07-29,20:40,20,1.3952,34.6843,尖(≥1.25)
2025-07-29,20:50,20,1.2226,67.0831,峰(0.9-1.25)
2025-07-31,20:10,20,1.3513,21.6753,尖(≥1.25)
2025-08-03,19:40,19,1.349,33.0323,尖(≥1.25)
2025-08-03,19:50,19,1.3473,33.6808,尖(≥1.25)
2025-08-03,20:00,20,1.3482,53.1525,尖(≥1.25)
2025-08-03,22:40,22,0.4186,21.5897,谷(<0.5)
2025-08-03,22:50,22,0.4241,17.9464,谷(<0.5)
2025-08-03,23:00,23,0.4237,7.0792,谷(<0.5)
2025-08-07,20:10,20,1.3513,7.9251,尖(≥1.25)
2025-08-10,20:10,20,1.3513,64.3623,尖(≥1.25)
2025-08-10,20:20,20,1.34,400.5522,尖(≥1.25)
2025-08-10,20:30,20,1.3489,842.8783,尖(≥1.25)
2025-08-10,20:40,20,1.3952,849.4488,尖(≥1.25)
2025-08-10,20:50,20,1.2226,9.022,峰(0.9-1.25)
2025-08-11,19:30,19,1.3483,28.8425,尖(≥1.25)
2025-08-11,20:40,20,1.3952,727.1931,尖(≥1.25)
2025-08-11,20:50,20,1.2226,7.8622,峰(0.9-1.25)
2025-08-12,19:20,19,1.3445,25.2286,尖(≥1.25)
2025-08-12,19:50,19,1.3473,7.5596,尖(≥1.25)
2025-08-12,20:00,20,1.3482,16.5675,尖(≥1.25)
2025-08-12,20:30,20,1.3489,223.7844,尖(≥1.25)
2025-08-12,20:40,20,1.3952,807.1041,尖(≥1.25)
2025-08-12,20:50,20,1.2226,1.0202,峰(0.9-1.25)
2025-08-12,21:00,21,0.9332,37.1083,峰(0.9-1.25)
2025-08-13,19:20,19,1.3445,38.1179,尖(≥1.25)
2025-08-13,20:40,20,1.3952,23.2523,尖(≥1.25)
2025-08-13,21:30,21,0.9371,20.4224,峰(0.9-1.25)
2025-08-13,21:40,21,0.9871,36.056,峰(0.9-1.25)
2025-08-13,21:50,21,0.7764,6.8576,平(0.5-0.9)
2025-08-13,22:00,22,0.4209,9.2075,谷(<0.5)
2025-08-14,19:00,19,1.3466,42.87,尖(≥1.25)
2025-08-14,20:40,20,1.3952,25.8726,尖(≥1.25)
2025-08-14,21:00,21,0.9332,1.9777,峰(0.9-1.25)
2025-08-14,21:10,21,0.9068,56.0815,峰(0.9-1.25)
2025-08-14,21:20,21,0.9371,67.4909,峰(0.9-1.25)
2025-08-14,21:50,21,0.7764,3.2861,平(0.5-0.9)
2025-08-15,06:40,6,0.8601,193.47,平(0.5-0.9)
2025-08-15,06:50,6,0.8442,202.0269,平(0.5-0.9)
2025-08-15,07:00,7,0.8334,169.7808,平(0.5-0.9)
2025-08-15,07:10,7,0.8092,116.0776,平(0.5-0.9)
2025-08-15,07:20,7,0.7972,45.4064,平(0.5-0.9)
2025-08-16,06:50,6,0.8442,56.8067,平(0.5-0.9)
2025-08-16,07:00,7,0.8334,139.5263,平(0.5-0.9)
2025-08-16,07:10,7,0.8092,130.5462,平(0.5-0.9)
2025-08-16,07:20,7,0.7972,42.7184,平(0.5-0.9)
2025-08-17,19:20,19,1.3445,10.7312,尖(≥1.25)
2025-08-17,19:40,19,1.349,1.8595,尖(≥1.25)
2025-08-17,20:40,20,1.3952,624.3732,尖(≥1.25)
2025-08-18,19:10,19,1.3523,20.3871,尖(≥1.25)
2025-08-18,20:30,20,1.3489,22.7,尖(≥1.25)
2025-08-18,21:50,21,0.7764,8.6691,平(0.5-0.9)
2025-08-18,22:00,22,0.4209,2.5033,谷(<0.5)
2025-08-20,08:30,8,1.0849,13.8426,峰(0.9-1.25)
2025-08-20,08:40,8,1.061,309.454,峰(0.9-1.25)
2025-08-20,08:50,8,1.043,288.1415,峰(0.9-1.25)
2025-08-20,09:00,9,1.036,282.3388,峰(0.9-1.25)
2025-08-20,09:10,9,1.0147,244.5371,峰(0.9-1.25)
2025-08-20,09:20,9,0.9922,151.9169,峰(0.9-1.25)
2025-08-20,09:30,9,0.97,43.745,峰(0.9-1.25)
2025-08-20,20:00,20,1.3482,356.1874,尖(≥1.25)
2025-08-20,20:10,20,1.3513,833.7105,尖(≥1.25)
2025-08-20,20:20,20,1.34,432.9636,尖(≥1.25)
2025-08-20,20:30,20,1.3489,749.67,尖(≥1.25)
2025-08-20,20:40,20,1.3952,753.2363,尖(≥1.25)
2025-08-20,20:50,20,1.2226,60.5796,峰(0.9-1.25)
2025-08-20,21:00,21,0.9332,37.1676,峰(0.9-1.25)
2025-08-21,20:30,20,1.3489,297.8559,尖(≥1.25)
2025-08-21,20:40,20,1.3952,794.2485,尖(≥1.25)
2025-08-21,20:50,20,1.2226,61.5419,峰(0.9-1.25)
2025-08-21,21:00,21,0.9332,4.3558,峰(0.9-1.25)
2025-08-21,21:30,21,0.9371,19.3632,峰(0.9-1.25)
2025-08-21,21:40,21,0.9871,17.8823,峰(0.9-1.25)
2025-08-21,21:50,21,0.7764,12.5861,平(0.5-0.9)
2025-08-22,06:50,6,0.8442,32.102,平(0.5-0.9)
2025-08-22,07:00,7,0.8334,97.1083,平(0.5-0.9)
2025-08-22,07:10,7,0.8092,63.2751,平(0.5-0.9)
2025-08-22,07:20,7,0.7972,2.1035,平(0.5-0.9)
2025-08-22,20:40,20,1.3952,557.8756,尖(≥1.25)
2025-08-22,20:50,20,1.2226,61.757,峰(0.9-1.25)
2025-08-22,21:10,21,0.9068,15.1576,峰(0.9-1.25)
2025-08-22,21:20,21,0.9371,86.8835,峰(0.9-1.25)
2025-08-22,21:30,21,0.9371,26.7625,峰(0.9-1.25)
2025-08-22,21:40,21,0.9871,24.8766,峰(0.9-1.25)
2025-08-22,22:20,22,0.4368,13.622,谷(<0.5)
2025-08-22,22:30,22,0.4198,70.3058,谷(<0.5)
2025-08-22,22:40,22,0.4186,14.0621,谷(<0.5)
2025-08-23,07:20,7,0.7972,6.5526,平(0.5-0.9)
2025-08-23,20:40,20,1.3952,40.3947,尖(≥1.25)
2025-08-23,20:50,20,1.2226,36.6848,峰(0.9-1.25)
2025-08-23,21:40,21,0.9871,92.4961,峰(0.9-1.25)
2025-08-23,21:50,21,0.7764,80.5317,平(0.5-0.9)
2025-08-23,23:50,23,0.4271,17.347,谷(<0.5)
2025-08-24,20:30,20,1.3489,599.2244,尖(≥1.25)
2025-08-24,20:40,20,1.3952,759.4785,尖(≥1.25)
2025-08-24,20:50,20,1.2226,16.8144,峰(0.9-1.25)
2025-08-24,21:20,21,0.9371,27.2119,峰(0.9-1.25)
2025-08-24,21:30,21,0.9371,66.5192,峰(0.9-1.25)
2025-08-24,21:40,21,0.9871,35.01,峰(0.9-1.25)
2025-08-25,19:30,19,1.3483,9.2767,尖(≥1.25)
2025-08-25,20:10,20,1.3513,597.2188,尖(≥1.25)
2025-08-25,20:20,20,1.34,565.4301,尖(≥1.25)
2025-08-25,20:30,20,1.3489,764.7825,尖(≥1.25)
2025-08-25,20:40,20,1.3952,779.5469,尖(≥1.25)
2025-08-25,20:50,20,1.2226,18.6439,峰(0.9-1.25)
2025-08-28,20:00,20,1.3482,31.8033,尖(≥1.25)
2025-08-28,20:10,20,1.3513,260.4175,尖(≥1.25)
2025-08-28,20:20,20,1.34,399.0207,尖(≥1.25)
2025-08-28,20:30,20,1.3489,706.27,尖(≥1.25)
2025-08-28,20:40,20,1.3952,742.3929,尖(≥1.25)
2025-08-28,21:40,21,0.9871,45.5824,峰(0.9-1.25)
2025-08-28,21:50,21,0.7764,55.9281,平(0.5-0.9)
2025-08-29,07:20,7,0.7972,130.5958,平(0.5-0.9)
2025-08-29,07:30,7,0.7644,117.93,平(0.5-0.9)
2025-08-29,07:40,7,0.6899,24.9923,平(0.5-0.9)
2025-08-30,20:40,20,1.3952,3.7838,尖(≥1.25)
2025-08-30,20:50,20,1.2226,48.3302,峰(0.9-1.25)
2025-08-30,21:50,21,0.7764,9.6238,平(0.5-0.9)
2025-08-30,23:30,23,0.422,52.6063,谷(<0.5)
2025-08-30,23:40,23,0.424,38.1508,谷(<0.5)
2025-08-30,23:50,23,0.4271,9.4839,谷(<0.5)
2025-08-31,00:00,0,0.4276,29.6658,谷(<0.5)
2025-08-31,20:40,20,1.3952,5.2918,尖(≥1.25)
2025-09-08,20:00,20,1.3482,622.7946,尖(≥1.25)
2025-09-08,20:10,20,1.3513,662.6596,尖(≥1.25)
2025-09-08,20:20,20,1.34,41.8781,尖(≥1.25)
2025-09-08,20:30,20,1.3489,719.4592,尖(≥1.25)
2025-09-08,20:40,20,1.3952,650.0457,尖(≥1.25)
2025-09-09,20:40,20,1.3952,563.4367,尖(≥1.25)
2025-09-09,21:20,21,0.9371,19.8929,峰(0.9-1.25)
2025-09-09,21:30,21,0.9371,43.7716,峰(0.9-1.25)
2025-09-10,19:50,19,1.3473,133.2166,尖(≥1.25)
2025-09-10,20:00,20,1.3482,741.3633,尖(≥1.25)
2025-09-10,20:10,20,1.3513,789.5157,尖(≥1.25)
2025-09-10,20:20,20,1.34,560.9658,尖(≥1.25)
2025-09-10,20:30,20,1.3489,821.74,尖(≥1.25)
2025-09-10,20:40,20,1.3952,780.4388,尖(≥1.25)
2025-09-10,20:50,20,1.2226,16.7023,峰(0.9-1.25)
2025-09-10,21:00,21,0.9332,23.9054,峰(0.9-1.25)
2025-09-10,21:40,21,0.9871,90.5643,峰(0.9-1.25)
2025-09-10,21:50,21,0.7764,23.9614,平(0.5-0.9)
2025-09-10,22:00,22,0.4209,1.17,谷(<0.5)
2025-09-10,23:10,23,0.4248,8.1347,谷(<0.5)
2025-09-12,07:10,7,0.8092,22.3261,平(0.5-0.9)
2025-09-12,07:20,7,0.7972,114.957,平(0.5-0.9)
2025-09-12,07:30,7,0.7644,100.33,平(0.5-0.9)
2025-09-12,07:40,7,0.6899,57.9339,平(0.5-0.9)
2025-09-12,21:20,21,0.9371,25.5649,峰(0.9-1.25)
2025-09-12,21:30,21,0.9371,6.975,峰(0.9-1.25)
2025-09-12,21:40,21,0.9871,95.3605,峰(0.9-1.25)
2025-09-12,21:50,21,0.7764,13.7045,平(0.5-0.9)
2025-09-12,22:00,22,0.4209,59.1933,谷(<0.5)
2025-09-12,22:50,22,0.4241,29.5628,谷(<0.5)
2025-09-12,23:20,23,0.424,31.1754,谷(<0.5)
2025-09-12,23:30,23,0.422,19.4733,谷(<0.5)
2025-09-13,07:20,7,0.7972,32.9166,平(0.5-0.9)
2025-09-13,07:30,7,0.7644,38.8675,平(0.5-0.9)
2025-09-13,20:40,20,1.3952,1.2588,尖(≥1.25)
2025-09-13,20:50,20,1.2226,69.353,峰(0.9-1.25)
2025-09-13,21:00,21,0.9332,55.6408,峰(0.9-1.25)
2025-09-13,21:40,21,0.9871,67.1079,峰(0.9-1.25)
2025-09-13,21:50,21,0.7764,20.5376,平(0.5-0.9)
2025-09-13,22:00,22,0.4209,57.8033,谷(<0.5)
2025-09-14,20:30,20,1.3489,367.9145,尖(≥1.25)
2025-09-14,20:40,20,1.3952,784.4745,尖(≥1.25)
2025-09-14,20:50,20,1.2226,60.4476,峰(0.9-1.25)
2025-09-14,21:00,21,0.9332,70.7158,峰(0.9-1.25)
2025-09-14,21:10,21,0.9068,1.9859,峰(0.9-1.25)
2025-09-14,23:30,23,0.422,19.4029,谷(<0.5)
2025-09-14,23:40,23,0.424,18.7705,谷(<0.5)
2025-09-14,23:50,23,0.4271,34.3196,谷(<0.5)
2025-09-15,00:00,0,0.4276,65.5533,谷(<0.5)
2025-09-15,08:50,8,1.043,184.2935,峰(0.9-1.25)
2025-09-15,09:00,9,1.036,127.9708,峰(0.9-1.25)
2025-09-15,09:10,9,1.0147,43.6744,峰(0.9-1.25)
2025-09-15,09:20,9,0.9922,2.367,峰(0.9-1.25)
2025-09-15,19:50,19,1.3473,1.1718,尖(≥1.25)
2025-09-15,20:30,20,1.3489,186.1655,尖(≥1.25)
2025-09-15,20:40,20,1.3952,794.9425,尖(≥1.25)
2025-09-15,20:50,20,1.2226,91.4622,峰(0.9-1.25)
2025-09-15,21:00,21,0.9332,21.2125,峰(0.9-1.25)
2025-09-15,21:10,21,0.9068,26.235,峰(0.9-1.25)
2025-09-15,21:20,21,0.9371,28.0778,峰(0.9-1.25)
2025-09-15,21:30,21,0.9371,33.5883,峰(0.9-1.25)
2025-09-15,21:40,21,0.9871,43.5342,峰(0.9-1.25)
2025-09-15,21:50,21,0.7764,18.1366,平(0.5-0.9)
2025-09-16,08:30,8,1.0849,55.5359,峰(0.9-1.25)
2025-09-16,08:40,8,1.061,187.8104,峰(0.9-1.25)
2025-09-16,08:50,8,1.043,120.2833,峰(0.9-1.25)
2025-09-16,09:00,9,1.036,64.5233,峰(0.9-1.25)
2025-09-16,09:10,9,1.0147,57.736,峰(0.9-1.25)
2025-09-16,09:20,9,0.9922,29.4557,峰(0.9-1.25)
2025-09-16,19:20,19,1.3445,8.2383,尖(≥1.25)
2025-09-16,20:00,20,1.3482,636.3443,尖(≥1.25)
2025-09-16,20:10,20,1.3513,782.7837,尖(≥1.25)
2025-09-16,20:20,20,1.34,783.3407,尖(≥1.25)
2025-09-16,20:30,20,1.3489,808.7033,尖(≥1.25)
2025-09-16,20:40,20,1.3952,832.6575,尖(≥1.25)
2025-09-16,20:50,20,1.2226,111.7008,峰(0.9-1.25)
2025-09-16,21:10,21,0.9068,50.9326,峰(0.9-1.25)
2025-09-16,21:20,21,0.9371,54.0595,峰(0.9-1.25)
2025-09-16,21:30,21,0.9371,4.365,峰(0.9-1.25)
2025-09-16,21:40,21,0.9871,80.9393,峰(0.9-1.25)
2025-09-16,21:50,21,0.7764,93.0002,平(0.5-0.9)
2025-09-16,22:00,22,0.4209,54.4017,谷(<0.5)
2025-09-16,22:30,22,0.4198,20.553,谷(<0.5)
2025-09-16,22:40,22,0.4186,67.9955,谷(<0.5)
2025-09-16,22:50,22,0.4241,69.4519,谷(<0.5)
2025-09-16,23:00,23,0.4237,81.2242,谷(<0.5)
2025-09-16,23:10,23,0.4248,48.6031,谷(<0.5)
2025-09-16,23:20,23,0.424,54.0754,谷(<0.5)
2025-09-16,23:30,23,0.422,80.1767,谷(<0.5)
2025-09-16,23:40,23,0.424,55.5903,谷(<0.5)
2025-09-16,23:50,23,0.4271,91.5131,谷(<0.5)
2025-09-17,00:00,0,0.4276,80.5583,谷(<0.5)
2025-09-17,06:00,6,0.9099,7.6292,峰(0.9-1.25)
2025-09-17,21:40,21,0.9871,106.9231,峰(0.9-1.25)
2025-09-17,21:50,21,0.7764,53.9472,平(0.5-0.9)
2025-09-17,22:00,22,0.4209,38.2917,谷(<0.5)
2025-09-17,23:50,23,0.4271,69.1461,谷(<0.5)
2025-09-18,00:00,0,0.4276,54.4142,谷(<0.5)
2025-09-18,09:10,9,1.0147,132.7186,峰(0.9-1.25)
2025-09-18,09:20,9,0.9922,124.1337,峰(0.9-1.25)
2025-09-18,09:30,9,0.97,94.9258,峰(0.9-1.25)
2025-09-18,20:30,20,1.3489,709.7641,尖(≥1.25)
2025-09-18,20:40,20,1.3952,802.2503,尖(≥1.25)
2025-09-18,20:50,20,1.2226,100.085,峰(0.9-1.25)
2025-09-18,21:00,21,0.9332,10.845,峰(0.9-1.25)
2025-09-18,21:10,21,0.9068,19.53,峰(0.9-1.25)
2025-09-18,21:20,21,0.9371,31.3205,峰(0.9-1.25)
2025-09-18,21:30,21,0.9371,59.19,峰(0.9-1.25)
2025-09-18,21:40,21,0.9871,167.9741,峰(0.9-1.25)
2025-09-18,21:50,21,0.7764,79.3857,平(0.5-0.9)
2025-09-19,20:40,20,1.3952,204.7788,尖(≥1.25)
2025-09-19,20:50,20,1.2226,1.5618,峰(0.9-1.25)
2025-09-19,21:30,21,0.9371,73.0489,峰(0.9-1.25)
2025-09-19,21:40,21,0.9871,3.7583,峰(0.9-1.25)
2025-09-20,07:20,7,0.7972,156.8341,平(0.5-0.9)
2025-09-20,07:30,7,0.7644,125.8242,平(0.5-0.9)
2025-09-20,07:40,7,0.6899,79.8636,平(0.5-0.9)
2025-09-20,07:50,7,0.86,10.4487,平(0.5-0.9)
2025-09-20,20:40,20,1.3952,51.5339,尖(≥1.25)
2025-09-20,20:50,20,1.2226,60.5257,峰(0.9-1.25)
2025-09-20,21:00,21,0.9332,11.22,峰(0.9-1.25)
2025-09-22,08:30,8,1.0849,164.4049,峰(0.9-1.25)
2025-09-22,08:40,8,1.061,229.8131,峰(0.9-1.25)
2025-09-22,08:50,8,1.043,162.2828,峰(0.9-1.25)
2025-09-22,09:00,9,1.036,123.4729,峰(0.9-1.25)
2025-09-22,09:10,9,1.0147,64.9901,峰(0.9-1.25)
2025-09-22,09:20,9,0.9922,26.685,峰(0.9-1.25)
2025-09-22,19:50,19,1.3473,8.6492,尖(≥1.25)
2025-09-22,20:00,20,1.3482,10.9067,尖(≥1.25)
2025-09-22,20:30,20,1.3489,353.7033,尖(≥1.25)
2025-09-22,20:40,20,1.3952,792.5992,尖(≥1.25)
2025-09-22,20:50,20,1.2226,49.7086,峰(0.9-1.25)
2025-09-22,21:10,21,0.9068,57.4893,峰(0.9-1.25)
2025-09-22,21:20,21,0.9371,96.8299,峰(0.9-1.25)
2025-09-22,21:30,21,0.9371,110.5021,峰(0.9-1.25)
2025-09-22,21:40,21,0.9871,78.9867,峰(0.9-1.25)
2025-09-22,21:50,21,0.7764,48.8207,平(0.5-0.9)
2025-09-22,22:00,22,0.4209,33.3023,谷(<0.5)
2025-09-22,23:10,23,0.4248,42.445,谷(<0.5)
2025-09-22,23:20,23,0.424,48.8014,谷(<0.5)
2025-09-22,23:30,23,0.422,56.875,谷(<0.5)
2025-09-22,23:40,23,0.424,53.653,谷(<0.5)
2025-09-23,08:50,8,1.043,162.3242,峰(0.9-1.25)
2025-09-23,09:00,9,1.036,103.2867,峰(0.9-1.25)
2025-09-23,09:10,9,1.0147,88.5305,峰(0.9-1.25)
2025-09-23,09:20,9,0.9922,75.3937,峰(0.9-1.25)
2025-09-23,09:30,9,0.97,46.3596,峰(0.9-1.25)
2025-09-23,09:40,9,0.9422,34.0807,峰(0.9-1.25)
2025-09-23,09:50,9,0.9569,13.9784,峰(0.9-1.25)
2025-09-23,20:00,20,1.3482,497.9538,尖(≥1.25)
2025-09-23,20:10,20,1.3513,827.1781,尖(≥1.25)
2025-09-23,20:20,20,1.34,319.0818,尖(≥1.25)
2025-09-23,20:30,20,1.3489,839.7083,尖(≥1.25)
2025-09-23,20:40,20,1.3952,784.8953,尖(≥1.25)
2025-09-23,20:50,20,1.2226,117.4672,峰(0.9-1.25)
2025-09-23,21:00,21,0.9332,94.7802,峰(0.9-1.25)
2025-09-23,21:10,21,0.9068,66.4454,峰(0.9-1.25)
2025-09-23,21:20,21,0.9371,54.0367,峰(0.9-1.25)
2025-09-23,21:30,21,0.9371,120.5254,峰(0.9-1.25)
2025-09-23,21:40,21,0.9871,114.7392,峰(0.9-1.25)
2025-09-23,21:50,21,0.7764,20.2331,平(0.5-0.9)
2025-09-23,22:00,22,0.4209,27.985,谷(<0.5)
2025-09-23,23:40,23,0.424,43.1374,谷(<0.5)
2025-09-23,23:50,23,0.4271,19.5035,谷(<0.5)
2025-09-24,09:00,9,1.036,45.5073,峰(0.9-1.25)
2025-09-24,09:10,9,1.0147,194.1992,峰(0.9-1.25)
2025-09-24,09:20,9,0.9922,121.3498,峰(0.9-1.25)
2025-09-24,09:30,9,0.97,49.7617,峰(0.9-1.25)
2025-09-24,09:40,9,0.9422,8.1378,峰(0.9-1.25)
2025-09-24,21:30,21,0.9371,5.5761,峰(0.9-1.25)
2025-09-24,21:40,21,0.9871,4.6526,峰(0.9-1.25)
2025-09-25,19:00,19,1.3466,15.3717,尖(≥1.25)
2025-09-25,20:40,20,1.3952,284.0122,尖(≥1.25)
2025-09-25,20:50,20,1.2226,8.5568,峰(0.9-1.25)
2025-09-25,21:10,21,0.9068,10.2102,峰(0.9-1.25)
2025-09-25,21:20,21,0.9371,31.5824,峰(0.9-1.25)
2025-09-25,23:10,23,0.4248,13.9764,谷(<0.5)
2025-09-25,23:20,23,0.424,29.6531,谷(<0.5)
2025-09-25,23:30,23,0.422,15.774,谷(<0.5)
2025-09-25,23:50,23,0.4271,23.3393,谷(<0.5)
2025-09-26,00:00,0,0.4276,10.5281,谷(<0.5)
2025-09-28,09:00,9,1.036,71.953,峰(0.9-1.25)
2025-09-28,09:10,9,1.0147,172.8775,峰(0.9-1.25)
2025-09-28,09:20,9,0.9922,124.9612,峰(0.9-1.25)
2025-09-28,09:30,9,0.97,68.0033,峰(0.9-1.25)
2025-09-28,09:40,9,0.9422,57.5917,峰(0.9-1.25)
2025-09-28,09:50,9,0.9569,49.8973,峰(0.9-1.25)
2025-09-28,19:30,19,1.3483,5.8683,尖(≥1.25)
2025-09-28,20:20,20,1.34,118.8015,尖(≥1.25)
2025-09-28,20:30,20,1.3489,764.5717,尖(≥1.25)
2025-09-28,20:40,20,1.3952,804.5452,尖(≥1.25)
2025-09-28,20:50,20,1.2226,0.1558,峰(0.9-1.25)
2025-09-29,06:10,6,0.9368,20.3946,峰(0.9-1.25)
2025-09-29,08:50,8,1.043,134.1334,峰(0.9-1.25)
2025-09-29,09:00,9,1.036,209.3704,峰(0.9-1.25)
2025-09-29,09:10,9,1.0147,136.497,峰(0.9-1.25)
2025-09-29,09:20,9,0.9922,73.7391,峰(0.9-1.25)
2025-09-29,09:30,9,0.97,61.5983,峰(0.9-1.25)
2025-09-29,09:40,9,0.9422,81.4453,峰(0.9-1.25)
2025-09-29,09:50,9,0.9569,22.0235,峰(0.9-1.25)
2025-09-29,20:30,20,1.3489,532.2005,尖(≥1.25)
2025-09-29,20:40,20,1.3952,838.9537,尖(≥1.25)
2025-09-29,20:50,20,1.2226,29.85,峰(0.9-1.25)
2025-09-30,08:50,8,1.043,112.5661,峰(0.9-1.25)
2025-09-30,09:00,9,1.036,252.6079,峰(0.9-1.25)
2025-09-30,09:10,9,1.0147,262.2078,峰(0.9-1.25)
2025-09-30,09:20,9,0.9922,223.5972,峰(0.9-1.25)
2025-09-30,09:30,9,0.97,123.0138,峰(0.9-1.25)
2025-09-30,09:40,9,0.9422,43.3133,峰(0.9-1.25)
2025-09-30,10:10,10,0.9919,3.8029,峰(0.9-1.25)
2025-09-30,20:10,20,1.3513,16.632,尖(≥1.25)
2025-09-30,20:20,20,1.34,217.6318,尖(≥1.25)
2025-09-30,20:30,20,1.3489,761.6392,尖(≥1.25)
2025-09-30,20:40,20,1.3952,827.0441,尖(≥1.25)
2025-09-30,20:50,20,1.2226,48.8281,峰(0.9-1.25)
2025-10-11,20:50,20,1.2226,176.2148,峰(0.9-1.25)
2025-10-11,21:20,21,0.9371,39.5579,峰(0.9-1.25)
2025-10-11,21:30,21,0.9371,51.3808,峰(0.9-1.25)
2025-10-11,23:40,23,0.424,2.5382,谷(<0.5)
2025-10-11,23:50,23,0.4271,59.9936,谷(<0.5)
2025-10-12,00:00,0,0.4276,15.1125,谷(<0.5)
2025-10-12,21:20,21,0.9371,10.3661,峰(0.9-1.25)
2025-10-12,21:50,21,0.7764,11.2764,平(0.5-0.9)
2025-10-12,22:00,22,0.4209,2.1408,谷(<0.5)
2025-10-12,23:40,23,0.424,8.7364,谷(<0.5)
2025-10-12,23:50,23,0.4271,34.9877,谷(<0.5)
2025-10-13,00:00,0,0.4276,12.0533,谷(<0.5)
2025-10-13,22:00,22,0.4209,4.9937,谷(<0.5)
2025-10-14,09:30,9,0.97,64.1171,峰(0.9-1.25)
2025-10-14,09:40,9,0.9422,51.274,峰(0.9-1.25)
2025-10-15,09:30,9,0.97,10.9769,峰(0.9-1.25)
2025-10-15,19:50,19,1.3473,84.5951,尖(≥1.25)
2025-10-15,20:00,20,1.3482,716.775,尖(≥1.25)
2025-10-15,20:10,20,1.3513,717.5911,尖(≥1.25)
2025-10-15,20:20,20,1.34,720.7441,尖(≥1.25)
2025-10-15,20:30,20,1.3489,718.0567,尖(≥1.25)
2025-10-15,20:40,20,1.3952,706.5197,尖(≥1.25)
2025-10-15,20:50,20,1.2226,37.9892,峰(0.9-1.25)
2025-10-15,21:00,21,0.9332,21.1825,峰(0.9-1.25)
2025-10-15,21:10,21,0.9068,70.048,峰(0.9-1.25)
2025-10-15,21:20,21,0.9371,69.1105,峰(0.9-1.25)
2025-10-15,21:40,21,0.9871,59.6156,峰(0.9-1.25)
2025-10-15,21:50,21,0.7764,83.9348,平(0.5-0.9)
2025-10-15,22:00,22,0.4209,21.0607,谷(<0.5)
2025-10-15,22:20,22,0.4368,19.1516,谷(<0.5)
2025-10-16,08:50,8,1.043,76.9907,峰(0.9-1.25)
2025-10-16,09:00,9,1.036,282.6292,峰(0.9-1.25)
2025-10-16,09:10,9,1.0147,200.2238,峰(0.9-1.25)
2025-10-16,09:20,9,0.9922,108.8137,峰(0.9-1.25)
2025-10-16,09:30,9,0.97,48.1075,峰(0.9-1.25)
2025-10-16,09:40,9,0.9422,11.4582,峰(0.9-1.25)
2025-10-16,19:30,19,1.3483,253.0992,尖(≥1.25)
2025-10-16,19:40,19,1.349,740.6306,尖(≥1.25)
2025-10-16,19:50,19,1.3473,739.9095,尖(≥1.25)
2025-10-16,20:00,20,1.3482,745.225,尖(≥1.25)
2025-10-16,20:10,20,1.3513,728.2763,尖(≥1.25)
2025-10-16,20:20,20,1.34,706.5027,尖(≥1.25)
2025-10-16,20:30,20,1.3489,705.0017,尖(≥1.25)
2025-10-16,20:40,20,1.3952,730.8847,尖(≥1.25)
2025-10-16,20:50,20,1.2226,41.7787,峰(0.9-1.25)
2025-10-16,21:10,21,0.9068,42.2774,峰(0.9-1.25)
2025-10-16,21:20,21,0.9371,58.5831,峰(0.9-1.25)
2025-10-16,21:40,21,0.9871,60.8989,峰(0.9-1.25)
2025-10-16,21:50,21,0.7764,96.7635,平(0.5-0.9)
2025-10-16,22:00,22,0.4209,35.5725,谷(<0.5)
2025-10-17,20:50,20,1.2226,224.3806,峰(0.9-1.25)
2025-10-17,21:10,21,0.9068,5.5824,峰(0.9-1.25)
2025-10-17,21:20,21,0.9371,5.7255,峰(0.9-1.25)
2025-10-17,21:30,21,0.9371,29.9575,峰(0.9-1.25)
2025-10-17,21:40,21,0.9871,68.1225,峰(0.9-1.25)
2025-10-17,21:50,21,0.7764,18.6854,平(0.5-0.9)
2025-10-17,22:00,22,0.4209,5.39,谷(<0.5)
2025-10-17,23:10,23,0.4248,32.8215,谷(<0.5)
2025-10-17,23:20,23,0.424,37.4195,谷(<0.5)
2025-10-17,23:30,23,0.422,3.0499,谷(<0.5)
2025-10-17,23:40,23,0.424,67.9938,谷(<0.5)
2025-10-17,23:50,23,0.4271,65.6719,谷(<0.5)
2025-10-18,23:30,23,0.422,11.0954,谷(<0.5)
2025-10-18,23:40,23,0.424,40.0604,谷(<0.5)
2025-10-18,23:50,23,0.4271,6.6423,谷(<0.5)
2025-10-19,00:00,0,0.4276,18.59,谷(<0.5)
2025-10-19,09:10,9,1.0147,8.0992,峰(0.9-1.25)
2025-10-19,09:20,9,0.9922,89.3305,峰(0.9-1.25)
2025-10-19,09:30,9,0.97,98.6075,峰(0.9-1.25)
2025-10-19,09:40,9,0.9422,28.3614,峰(0.9-1.25)
2025-10-19,20:20,20,1.34,307.8114,尖(≥1.25)
2025-10-19,20:30,20,1.3489,712.8183,尖(≥1.25)
2025-10-19,20:40,20,1.3952,723.1959,尖(≥1.25)
2025-10-19,20:50,20,1.2226,9.4696,峰(0.9-1.25)
2025-10-19,21:00,21,0.9332,13.2058,峰(0.9-1.25)
2025-10-19,21:30,21,0.9371,34.2197,峰(0.9-1.25)
2025-10-19,21:40,21,0.9871,3.8488,峰(0.9-1.25)
2025-10-20,09:10,9,1.0147,262.9748,峰(0.9-1.25)
2025-10-20,09:20,9,0.9922,237.1892,峰(0.9-1.25)
2025-10-20,09:30,9,0.97,213.8254,峰(0.9-1.25)
2025-10-20,09:40,9,0.9422,185.9326,峰(0.9-1.25)
2025-10-20,09:50,9,0.9569,132.3489,峰(0.9-1.25)
2025-10-20,10:00,10,0.9977,62.5062,峰(0.9-1.25)
2025-10-20,10:10,10,0.9919,8.6381,峰(0.9-1.25)
2025-10-20,20:40,20,1.3952,7.9416,尖(≥1.25)
2025-10-20,20:50,20,1.2226,13.5649,峰(0.9-1.25)
2025-10-20,21:00,21,0.9332,8.2225,峰(0.9-1.25)
2025-10-20,21:10,21,0.9068,14.9547,峰(0.9-1.25)
2025-10-20,21:20,21,0.9371,34.7212,峰(0.9-1.25)
2025-10-20,21:30,21,0.9371,29.5683,峰(0.9-1.25)
2025-10-21,00:00,0,0.4276,50.2108,谷(<0.5)
2025-10-22,09:40,9,0.9422,227.6758,峰(0.9-1.25)
2025-10-22,09:50,9,0.9569,176.1329,峰(0.9-1.25)
2025-10-22,10:00,10,0.9977,99.3467,峰(0.9-1.25)
2025-10-22,10:10,10,0.9919,83.8951,峰(0.9-1.25)
2025-10-22,10:20,10,0.9588,49.5941,峰(0.9-1.25)
2025-10-22,20:30,20,1.3489,522.1328,尖(≥1.25)
2025-10-22,20:40,20,1.3952,727.0746,尖(≥1.25)
2025-10-22,20:50,20,1.2226,73.512,峰(0.9-1.25)
2025-10-22,21:00,21,0.9332,36.115,峰(0.9-1.25)
2025-10-22,21:10,21,0.9068,7.7728,峰(0.9-1.25)
2025-10-22,21:20,21,0.9371,10.5819,峰(0.9-1.25)
2025-10-22,21:30,21,0.9371,21.5801,峰(0.9-1.25)
2025-10-22,21:40,21,0.9871,41.7857,峰(0.9-1.25)
2025-10-22,21:50,21,0.7764,63.6255,平(0.5-0.9)
2025-10-22,22:00,22,0.4209,27.2592,谷(<0.5)
2025-10-22,23:10,23,0.4248,40.0453,谷(<0.5)
2025-10-22,23:20,23,0.424,35.3348,谷(<0.5)
2025-10-22,23:30,23,0.422,6.9275,谷(<0.5)
2025-10-22,23:40,23,0.424,7.7478,谷(<0.5)
2025-10-22,23:50,23,0.4271,9.2062,谷(<0.5)
2025-10-23,00:00,0,0.4276,33.5092,谷(<0.5)
2025-10-23,20:30,20,1.3489,247.2977,尖(≥1.25)
2025-10-23,20:40,20,1.3952,688.8587,尖(≥1.25)
2025-10-23,21:00,21,0.9332,2.5946,峰(0.9-1.25)
2025-10-23,21:10,21,0.9068,40.422,峰(0.9-1.25)
2025-10-23,21:20,21,0.9371,17.2103,峰(0.9-1.25)
2025-10-23,21:50,21,0.7764,25.723,平(0.5-0.9)
2025-10-23,22:20,22,0.4368,52.6194,谷(<0.5)
2025-10-23,22:30,22,0.4198,8.5558,谷(<0.5)
2025-10-23,22:50,22,0.4241,2.123,谷(<0.5)
2025-10-23,23:00,23,0.4237,17.6725,谷(<0.5)
2025-10-23,23:10,23,0.4248,26.5654,谷(<0.5)
2025-10-23,23:20,23,0.424,8.6221,谷(<0.5)
2025-10-24,00:00,0,0.4276,30.0365,谷(<0.5)
2025-10-24,07:40,7,0.6899,25.7868,平(0.5-0.9)
2025-10-24,07:50,7,0.86,154.3079,平(0.5-0.9)
2025-10-24,08:00,8,1.1617,84.285,峰(0.9-1.25)
2025-10-24,08:10,8,1.1683,20.4071,峰(0.9-1.25)
2025-10-24,20:50,20,1.2226,222.2688,峰(0.9-1.25)
2025-10-24,21:00,21,0.9332,27.9145,峰(0.9-1.25)
2025-10-24,21:10,21,0.9068,74.6777,峰(0.9-1.25)
2025-10-24,21:20,21,0.9371,53.5962,峰(0.9-1.25)
2025-10-24,21:40,21,0.9871,26.5913,峰(0.9-1.25)
2025-10-24,22:20,22,0.4368,3.598,谷(<0.5)
2025-10-24,22:30,22,0.4198,16.3192,谷(<0.5)
2025-10-24,23:00,23,0.4237,21.4317,谷(<0.5)
2025-10-27,06:10,6,0.9368,19.7449,峰(0.9-1.25)
2025-10-29,09:30,9,0.97,26.632,峰(0.9-1.25)
2025-10-29,09:40,9,0.9422,231.2715,峰(0.9-1.25)
2025-10-29,09:50,9,0.9569,188.6,峰(0.9-1.25)
2025-10-29,10:00,10,0.9977,125.9875,峰(0.9-1.25)
2025-10-29,10:10,10,0.9919,108.6918,峰(0.9-1.25)
2025-10-29,10:20,10,0.9588,73.4042,峰(0.9-1.25)
2025-10-29,10:30,10,0.9549,10.6708,峰(0.9-1.25)
2025-10-29,20:10,20,1.3513,255.6959,尖(≥1.25)
2025-10-29,20:20,20,1.34,723.3252,尖(≥1.25)
2025-10-29,20:30,20,1.3489,725.235,尖(≥1.25)
2025-10-29,20:40,20,1.3952,736.6842,尖(≥1.25)
2025-10-29,20:50,20,1.2226,95.9979,峰(0.9-1.25)
2025-10-29,21:00,21,0.9332,9.6567,峰(0.9-1.25)
2025-10-29,21:20,21,0.9371,20.8327,峰(0.9-1.25)
2025-10-29,21:30,21,0.9371,29.5259,峰(0.9-1.25)
2025-10-29,21:40,21,0.9871,7.789,峰(0.9-1.25)
2025-10-29,22:20,22,0.4368,14.1505,谷(<0.5)
2025-10-29,22:30,22,0.4198,12.3825,谷(<0.5)
2025-10-29,22:40,22,0.4186,13.4915,谷(<0.5)
2025-10-29,22:50,22,0.4241,1.8136,谷(<0.5)
2025-10-30,00:00,0,0.4276,2.5885,谷(<0.5)
2025-10-30,21:40,21,0.9871,21.8668,峰(0.9-1.25)
2025-10-30,23:40,23,0.424,30.8205,谷(<0.5)
2025-10-30,23:50,23,0.4271,12.712,谷(<0.5)
2025-10-31,00:00,0,0.4276,3.8708,谷(<0.5)
2025-10-31,08:00,8,1.1617,43.5476,峰(0.9-1.25)
2025-10-31,08:10,8,1.1683,31.9875,峰(0.9-1.25)
2025-10-31,08:20,8,1.0956,14.7481,峰(0.9-1.25)
2025-10-31,20:50,20,1.2226,159.3293,峰(0.9-1.25)
2025-10-31,21:30,21,0.9371,9.6036,峰(0.9-1.25)
2025-10-31,21:40,21,0.9871,29.9658,峰(0.9-1.25)
2025-10-31,21:50,21,0.7764,24.2845,平(0.5-0.9)
2025-10-31,22:00,22,0.4209,2.905,谷(<0.5)
2025-10-31,22:20,22,0.4368,14.4442,谷(<0.5)
2025-11-02,09:50,9,0.9569,133.312,峰(0.9-1.25)
2025-11-02,10:00,10,0.9977,63.6583,峰(0.9-1.25)
2025-11-02,10:10,10,0.9919,5.9518,峰(0.9-1.25)
2025-11-02,20:20,20,1.34,216.858,尖(≥1.25)
2025-11-02,20:30,20,1.3489,735.34,尖(≥1.25)
2025-11-02,20:40,20,1.3952,726.0518,尖(≥1.25)
2025-11-02,20:50,20,1.2226,28.7221,峰(0.9-1.25)
2025-11-02,21:00,21,0.9332,3.2548,峰(0.9-1.25)
2025-11-02,21:10,21,0.9068,7.2104,峰(0.9-1.25)
2025-11-02,21:40,21,0.9871,0.1581,峰(0.9-1.25)
2025-11-02,21:50,21,0.7764,38.0142,平(0.5-0.9)
2025-11-02,22:00,22,0.4209,14.8369,谷(<0.5)
2025-11-03,20:10,20,1.3513,63.4716,尖(≥1.25)
2025-11-03,20:20,20,1.34,697.291,尖(≥1.25)
2025-11-03,20:30,20,1.3489,707.0667,尖(≥1.25)
2025-11-03,20:40,20,1.3952,721.9311,尖(≥1.25)
2025-11-03,20:50,20,1.2226,24.93,峰(0.9-1.25)
2025-11-03,21:10,21,0.9068,19.8364,峰(0.9-1.25)
2025-11-03,21:20,21,0.9371,26.0446,峰(0.9-1.25)
2025-11-03,22:00,22,0.4209,5.211,谷(<0.5)
2025-11-03,23:50,23,0.4271,19.1031,谷(<0.5)
2025-11-04,00:00,0,0.4276,15.3844,谷(<0.5)
2025-11-04,06:10,6,0.9368,0.1181,峰(0.9-1.25)
2025-11-04,20:40,20,1.3952,157.3564,尖(≥1.25)
2025-11-04,21:10,21,0.9068,9.9442,峰(0.9-1.25)
2025-11-04,21:20,21,0.9371,48.2277,峰(0.9-1.25)
2025-11-06,10:20,10,0.9588,74.4917,峰(0.9-1.25)
2025-11-06,10:30,10,0.9549,95.0046,峰(0.9-1.25)
2025-11-06,10:40,10,0.9839,26.2588,峰(0.9-1.25)
2025-11-06,20:40,20,1.3952,167.3255,尖(≥1.25)
2025-11-06,20:50,20,1.2226,15.7291,峰(0.9-1.25)
2025-11-06,21:00,21,0.9332,19.3269,峰(0.9-1.25)
2025-11-06,21:10,21,0.9068,8.7188,峰(0.9-1.25)
2025-11-06,21:20,21,0.9371,7.8685,峰(0.9-1.25)
2025-11-06,21:30,21,0.9371,48.5642,峰(0.9-1.25)
2025-11-06,21:40,21,0.9871,87.0663,峰(0.9-1.25)
2025-11-06,21:50,21,0.7764,41.3526,平(0.5-0.9)
2025-11-06,23:20,23,0.424,23.6385,谷(<0.5)
2025-11-06,23:30,23,0.422,29.5894,谷(<0.5)
2025-11-06,23:40,23,0.424,15.1921,谷(<0.5)
2025-11-10,20:30,20,1.3489,396.3356,尖(≥1.25)
2025-11-10,20:40,20,1.3952,686.6439,尖(≥1.25)
2025-11-10,20:50,20,1.2226,17.2283,峰(0.9-1.25)
2025-11-10,21:00,21,0.9332,27.205,峰(0.9-1.25)
2025-11-10,21:40,21,0.9871,42.7219,峰(0.9-1.25)
2025-11-10,21:50,21,0.7764,62.0493,平(0.5-0.9)
2025-11-10,22:00,22,0.4209,8.3802,谷(<0.5)
2025-11-18,21:50,21,0.7764,3.4834,平(0.5-0.9)
2025-11-18,23:00,23,0.4237,8.9331,谷(<0.5)
2025-11-20,20:40,20,1.3952,218.6184,尖(≥1.25)
2025-11-20,20:50,20,1.2226,42.7293,峰(0.9-1.25)
2025-11-20,21:20,21,0.9371,33.5344,峰(0.9-1.25)
2025-11-20,21:30,21,0.9371,6.065,峰(0.9-1.25)
2025-11-20,21:40,21,0.9871,11.8619,峰(0.9-1.25)
2025-11-23,10:30,10,0.9549,11.2161,峰(0.9-1.25)
2025-11-23,10:40,10,0.9839,146.5072,峰(0.9-1.25)
2025-11-24,06:10,6,0.9368,18.8397,峰(0.9-1.25)
2025-11-24,23:20,23,0.424,32.537,谷(<0.5)
2025-11-24,23:40,23,0.424,25.7521,谷(<0.5)
2025-11-24,23:50,23,0.4271,21.5148,谷(<0.5)
2025-11-25,00:00,0,0.4276,5.6615,谷(<0.5)
2025-11-26,06:10,6,0.9368,12.9427,峰(0.9-1.25)
2025-11-30,20:30,20,1.3489,621.9914,尖(≥1.25)
2025-11-30,20:40,20,1.3952,741.9686,尖(≥1.25)
2025-11-30,21:50,21,0.7764,14.5937,平(0.5-0.9)
2025-11-30,23:30,23,0.422,5.3114,谷(<0.5)
2025-11-30,23:40,23,0.424,8.5715,谷(<0.5)
2025-12-01,00:00,0,0.4276,6.5922,谷(<0.5)
2025-12-01,06:10,6,0.9368,59.1122,峰(0.9-1.25)
2025-12-01,08:00,8,1.1617,48.6138,峰(0.9-1.25)
2025-12-01,08:10,8,1.1683,0.0325,峰(0.9-1.25)
2025-12-01,09:00,9,1.036,197.5367,峰(0.9-1.25)
2025-12-01,09:10,9,1.0147,557.7195,峰(0.9-1.25)
2025-12-01,09:20,9,0.9922,508.1134,峰(0.9-1.25)
2025-12-01,09:30,9,0.97,453.955,峰(0.9-1.25)
2025-12-01,09:40,9,0.9422,416.0643,峰(0.9-1.25)
2025-12-01,09:50,9,0.9569,397.8747,峰(0.9-1.25)
2025-12-01,10:00,10,0.9977,385.5042,峰(0.9-1.25)
2025-12-01,10:10,10,0.9919,360.9744,峰(0.9-1.25)
2025-12-01,10:20,10,0.9588,339.5172,峰(0.9-1.25)
2025-12-01,10:30,10,0.9549,315.4608,峰(0.9-1.25)
2025-12-01,10:40,10,0.9839,260.6601,峰(0.9-1.25)
2025-12-01,20:10,20,1.3513,310.5233,尖(≥1.25)
2025-12-01,20:20,20,1.34,753.6859,尖(≥1.25)
2025-12-01,20:30,20,1.3489,738.26,尖(≥1.25)
2025-12-01,20:40,20,1.3952,692.6545,尖(≥1.25)
2025-12-01,21:40,21,0.9871,12.4007,峰(0.9-1.25)
2025-12-01,21:50,21,0.7764,24.1046,平(0.5-0.9)
2025-12-01,23:20,23,0.424,1.362,谷(<0.5)
2025-12-01,23:50,23,0.4271,17.9048,谷(<0.5)
2025-12-02,00:00,0,0.4276,69.0717,谷(<0.5)
2025-12-02,06:10,6,0.9368,61.5278,峰(0.9-1.25)
2025-12-02,08:00,8,1.1617,93.7927,峰(0.9-1.25)
2025-12-02,08:10,8,1.1683,67.6955,峰(0.9-1.25)
2025-12-02,08:20,8,1.0956,1.1528,峰(0.9-1.25)
2025-12-02,09:10,9,1.0147,486.2872,峰(0.9-1.25)
2025-12-02,09:20,9,0.9922,570.2421,峰(0.9-1.25)
2025-12-02,09:30,9,0.97,565.2492,峰(0.9-1.25)
2025-12-02,09:40,9,0.9422,508.5388,峰(0.9-1.25)
2025-12-02,09:50,9,0.9569,423.694,峰(0.9-1.25)
2025-12-02,10:00,10,0.9977,378.185,峰(0.9-1.25)
2025-12-02,10:10,10,0.9919,421.6959,峰(0.9-1.25)
2025-12-02,10:20,10,0.9588,449.6264,峰(0.9-1.25)
2025-12-02,10:30,10,0.9549,396.7421,峰(0.9-1.25)
2025-12-02,10:40,10,0.9839,295.3827,峰(0.9-1.25)
2025-12-02,10:50,10,0.799,128.7233,平(0.5-0.9)
2025-12-02,20:00,20,1.3482,598.6528,尖(≥1.25)
2025-12-02,20:10,20,1.3513,737.7465,尖(≥1.25)
2025-12-02,20:20,20,1.34,703.4561,尖(≥1.25)
2025-12-02,20:30,20,1.3489,690.9183,尖(≥1.25)
2025-12-02,20:40,20,1.3952,720.212,尖(≥1.25)
2025-12-02,20:50,20,1.2226,40.3154,峰(0.9-1.25)
2025-12-02,21:30,21,0.9371,28.873,峰(0.9-1.25)
2025-12-02,21:40,21,0.9871,47.9534,峰(0.9-1.25)
2025-12-02,21:50,21,0.7764,28.0973,平(0.5-0.9)
2025-12-02,22:00,22,0.4209,2.654,谷(<0.5)
2025-12-02,23:40,23,0.424,21.8728,谷(<0.5)
2025-12-02,23:50,23,0.4271,2.1339,谷(<0.5)
2025-12-03,08:00,8,1.1617,77.0182,峰(0.9-1.25)
2025-12-03,08:10,8,1.1683,20.5372,峰(0.9-1.25)
2025-12-03,09:20,9,0.9922,453.7439,峰(0.9-1.25)
2025-12-03,09:30,9,0.97,459.5096,峰(0.9-1.25)
2025-12-03,09:40,9,0.9422,108.9225,峰(0.9-1.25)
2025-12-03,09:50,9,0.9569,393.4947,峰(0.9-1.25)
2025-12-03,10:00,10,0.9977,355.0121,峰(0.9-1.25)
2025-12-03,10:10,10,0.9919,280.9035,峰(0.9-1.25)
2025-12-03,10:20,10,0.9588,233.3264,峰(0.9-1.25)
2025-12-03,10:30,10,0.9549,110.3251,峰(0.9-1.25)
2025-12-03,10:40,10,0.9839,157.2583,峰(0.9-1.25)
2025-12-03,20:00,20,1.3482,160.9778,尖(≥1.25)
2025-12-03,20:10,20,1.3513,718.9592,尖(≥1.25)
2025-12-03,20:20,20,1.34,740.1279,尖(≥1.25)
2025-12-03,20:30,20,1.3489,743.9267,尖(≥1.25)
2025-12-03,20:40,20,1.3952,711.5517,尖(≥1.25)
2025-12-03,20:50,20,1.2226,46.3832,峰(0.9-1.25)
2025-12-03,21:40,21,0.9871,44.8945,峰(0.9-1.25)
2025-12-03,21:50,21,0.7764,44.1127,平(0.5-0.9)
2025-12-03,22:00,22,0.4209,1.6626,谷(<0.5)
2025-12-04,06:10,6,0.9368,17.8068,峰(0.9-1.25)
2025-12-04,08:00,8,1.1617,22.919,峰(0.9-1.25)
2025-12-04,08:10,8,1.1683,52.231,峰(0.9-1.25)
2025-12-04,08:20,8,1.0956,52.8028,峰(0.9-1.25)
2025-12-04,09:10,9,1.0147,430.4895,峰(0.9-1.25)
2025-12-04,09:20,9,0.9922,541.5541,峰(0.9-1.25)
2025-12-04,09:30,9,0.97,518.9967,峰(0.9-1.25)
2025-12-04,09:40,9,0.9422,335.8906,峰(0.9-1.25)
2025-12-04,09:50,9,0.9569,424.6923,峰(0.9-1.25)
2025-12-04,10:00,10,0.9977,427.6462,峰(0.9-1.25)
2025-12-04,10:10,10,0.9919,387.0216,峰(0.9-1.25)
2025-12-04,10:20,10,0.9588,309.6198,峰(0.9-1.25)
2025-12-04,10:30,10,0.9549,240.6263,峰(0.9-1.25)
2025-12-04,10:40,10,0.9839,216.5255,峰(0.9-1.25)
2025-12-04,20:40,20,1.3952,386.1217,尖(≥1.25)
2025-12-04,20:50,20,1.2226,76.6143,峰(0.9-1.25)
2025-12-07,20:40,20,1.3952,174.2653,尖(≥1.25)
2025-12-07,20:50,20,1.2226,31.0948,峰(0.9-1.25)
2025-12-09,08:00,8,1.1617,15.2066,峰(0.9-1.25)
2025-12-09,08:10,8,1.1683,12.9369,峰(0.9-1.25)
2025-12-09,20:50,20,1.2226,17.0897,峰(0.9-1.25)
2025-12-09,21:00,21,0.9332,6.036,峰(0.9-1.25)
2025-12-09,21:10,21,0.9068,10.273,峰(0.9-1.25)
2025-12-09,21:20,21,0.9371,13.9846,峰(0.9-1.25)
2025-12-21,20:40,20,1.3952,3.56,尖(≥1.25)
2025-12-21,20:50,20,1.2226,9.3383,峰(0.9-1.25)
2025-12-22,20:40,20,1.3952,93.0183,尖(≥1.25)
2025-12-22,20:50,20,1.2226,14.8935,峰(0.9-1.25)
2025-12-22,21:00,21,0.9332,15.3804,峰(0.9-1.25)
2025-12-22,21:10,21,0.9068,9.6821,峰(0.9-1.25)
2025-12-22,21:20,21,0.9371,25.3462,峰(0.9-1.25)
2025-12-22,21:30,21,0.9371,19.0696,峰(0.9-1.25)
2025-12-22,21:40,21,0.9871,14.7819,峰(0.9-1.25)
2025-12-28,08:00,8,1.1617,13.6069,峰(0.9-1.25)
2025-12-28,08:10,8,1.1683,18.4021,峰(0.9-1.25)
2025-12-31,10:40,10,0.9839,197.5346,峰(0.9-1.25)
2025-12-31,10:50,10,0.799,40.7191,平(0.5-0.9)
2025-12-31,20:40,20,1.3952,101.6391,尖(≥1.25)
2025-12-31,20:50,20,1.2226,31.9733,峰(0.9-1.25)
2025-12-31,21:00,21,0.9332,5.5085,峰(0.9-1.25)
2025-12-31,21:10,21,0.9068,20.9291,峰(0.9-1.25)
2025-12-31,21:20,21,0.9371,46.2916,峰(0.9-1.25)
2025-12-31,21:30,21,0.9371,21.9306,峰(0.9-1.25)
2025-12-31,21:50,21,0.7764,2.3041,平(0.5-0.9)
2025-12-31,22:00,22,0.4209,27.1754,谷(<0.5)
2025-12-31,22:10,22,0.3859,37.3388,谷(<0.5)
2025-12-31,22:20,22,0.4368,29.7617,谷(<0.5)
