date,plan_total_kwh,plan_cost_yuan_template,final_contract_total_kwh,adjust_cost_yuan_template,emergency_kwh,emergency_cost_yuan,total_cost_yuan,curtail_kwh,adjust_up_kwh,adjust_down_kwh,soc_start_kwh,soc_end_kwh,plan_cost_yuan_natural,adjust_cost_yuan_natural
2025-02-01,41850.706089897576,20896.572740548483,40558.453112974355,452.40496619039976,0.0,0.0,21277.93118977094,2486.809150196399,0.0,1292.2529769232235,9284.910908021775,9223.089057817628,20825.526223580542,452.4049661903997
2025-02-02,86592.28041322273,52386.457995982855,83831.84484249548,984.3201853099484,2.9523733186102614,18.047858096664527,53393.78325550245,989.0849503309901,0.0,2760.4355707272434,9223.089057817628,9290.676359043571,52391.41521209584,984.3201853099486
2025-02-03,86622.56017343038,52928.234944840675,85085.3290137826,1229.5427158822044,97.33099479839598,668.3455588209929,54829.10804287725,595.8239648089955,289.6984111855242,1826.9295708332966,9290.676359043571,9154.676923080167,52931.21976817405,1229.5427158822042
2025-02-04,87199.10102756007,53340.128692783095,86558.926375327,2968.4202613216894,123.10257883077286,676.4476458713899,56983.998040712795,997.3149223393683,1173.187095492257,1813.3617477253256,9154.676923080167,9043.799548291256,53339.13013351971,2968.4202613216894
2025-02-05,84635.34815802265,52946.18255163095,85464.17077098275,1028.658441055445,84.13509250809233,427.36342536382466,54408.83405755119,227.39690220688635,828.8226129600946,0.0,9043.799548291256,9053.069040353526,52952.812191131925,1028.658441055445
2025-02-06,86508.74021272373,52337.367782954825,85049.91085690305,2855.845378302086,50.0910586407914,291.64865871503685,55542.61682364984,429.3918501739956,1018.3298215570493,2477.1591773777373,9053.069040353526,8996.014497232674,52395.12278663272,2855.8453783020864
2025-02-07,39504.41073641835,19670.395597375995,38691.15399215235,346.95050155338856,383.942239801259,2166.0398012955284,22188.57357499467,3449.161643224648,46.70236959670798,859.9591138627134,8996.014497232674,9028.458666144805,19675.583272145755,346.95050155338856
2025-02-08,36404.13727829812,18578.12714661885,36990.98373004943,1022.7128055466821,144.3919791383371,969.7623817638682,20507.114435538675,1663.1175576672927,586.846451751316,0.0,9028.458666144805,9149.456698906411,18514.639248228126,1022.7128055466821
2025-02-09,81339.07751528965,50522.1448480311,84089.10894083408,3181.872346339699,69.15589069678705,332.24563103679066,54031.73753855795,281.6768538332659,2750.031425544422,0.0,9149.456698906411,8962.498369031618,50517.61956118146,3181.8723463396987
2025-02-10,80439.96237706405,48605.09491707953,78700.01716941463,1381.0597407253408,131.97197215563602,603.8535683757636,50594.256545755954,419.93343984656246,432.42387267813314,2172.369080327542,8962.498369031618,8883.870294307608,48609.343236654844,1381.0597407253408
2025-02-11,80203.9872687197,48785.46972493022,79674.28259579015,1563.6639640864898,290.5987893705493,1700.4643141421093,52055.68679687034,179.45748826006968,626.0836219044428,1155.7882948339932,8883.870294307608,8966.313943532385,48791.55851864174,1563.6639640864898
2025-02-12,79855.41148777997,48575.4425651856,79749.1241319153,2381.9089368427794,196.3795666272158,1177.0285023065835,52133.271532316925,246.90887564854324,1052.8396860313765,1159.1270418960535,8966.313943532385,8987.52264730764,48574.33409316756,2381.9089368427794
2025-02-13,77753.46565664637,47274.38062919105,76819.77002857164,769.1055547032054,116.18569608526983,624.3362504840579,48727.01686346412,1452.3561734223572,263.6771363085112,1197.3727643832467,8987.52264730764,9028.572938963247,47333.57505827686,769.1055547032053
2025-02-14,35799.66152857635,18259.571872337598,36377.510072305515,856.5448159883333,96.32871938729915,534.7414629022709,19656.339205349897,2939.7903597258883,577.8485437291652,0.0,9028.572938963247,9046.24060119269,18265.05292645929,856.5448159883333
2025-02-15,35173.20067816411,18050.247861855925,35785.53158727526,1017.1478764581906,44.30914093865175,197.79627920636034,19207.457824114394,2855.694527387399,612.3309091111471,0.0,9046.24060119269,8926.189596774302,17992.513668449843,1017.1478764581905
2025-02-16,78518.01311493221,48072.675922372786,79365.30178756107,2501.0743273256076,373.04769292859334,1733.2379433956753,52291.054962091446,8.321572103255903,1317.1092767926407,469.8206041637871,8926.189596774302,8949.84822605225,48056.742691370164,2501.074327325607
2025-02-17,78687.2480883123,46097.08681195689,75258.95398296142,2256.734964444924,80.21321656184264,463.92589933994793,48820.73115131067,227.8092335177298,625.4008497878546,4053.6949551387397,8949.84822605225,8949.364532518557,46100.0702875258,2256.7349644449237
2025-02-18,74781.14480849294,45880.36047113317,76482.43953539409,3058.188275399568,0.0,0.0,48948.27927750498,98.73310932723105,1809.2183050148656,107.92357811371392,8949.364532518557,9203.72572069611,45890.091002105415,3058.188275399568
2025-02-19,74250.03847747804,45643.860820907066,76878.68685085092,3190.842052701064,165.25305704566972,808.058941761522,49642.17587146654,160.2831371891749,2628.648373372875,0.0,9203.72572069611,8806.188637810143,45643.27487700396,3190.842052701064
2025-02-20,76258.21858508495,46739.879681241444,76504.60536724496,541.049620226295,11.058256846220274,51.796875067695765,47390.84343846076,945.0309953369986,289.2559830813217,42.86920092132368,8806.188637810143,9110.24221529757,46797.99694316677,541.0496202262949
2025-02-21,34667.32032195518,17713.981250473727,34964.11947933672,505.64317381758735,0.0,0.0,18223.863552135062,5580.676455587318,296.79915738153153,0.0,9110.24221529757,9191.788552383165,17718.220378317474,505.64317381758735
2025-02-22,33904.52719581726,17375.24107549881,35133.25163423276,1665.6173354200403,0.0,0.0,18980.971208535815,3368.4857024127114,1228.724438415499,0.0,9191.788552383165,9310.401559390608,17315.353873115775,1665.6173354200405
2025-02-23,74194.71171456714,45442.18102513632,75672.15716368989,2107.457229200015,0.0,0.0,47541.241850733786,115.4101421465527,1537.4843315162088,60.03888239345872,9310.401559390608,9011.112568106271,45433.78462153377,2107.4572292000153
2025-02-24,73419.10217244548,45039.26790627989,73438.10663938304,539.5086092109351,21.81741311444364,102.192763028054,45675.73856519641,1035.5642040155508,244.96364040135495,225.9591734637903,9011.112568106271,9107.15698594159,45034.03719295742,539.5086092109351
2025-02-25,73851.52243026374,44029.00842631197,71451.894366803,947.7818016294157,24.519661629378106,111.55220058285569,45104.79661776965,1711.9973358488955,180.43411142848367,2580.0621748892386,9107.15698594159,9075.92491951151,44045.46261555738,947.7818016294157
2025-02-26,70782.58633070567,43309.510224713275,73529.89070435616,2803.641829230834,0.0,0.0,46107.64179188809,166.15694632685,2747.304373650493,0.0,9075.92491951151,9397.115644719262,43303.99996265726,2803.6418292308335
2025-02-27,70622.57852817231,43268.87281241719,71094.73122583723,950.4810735940986,674.5905573726111,3259.447537115497,47540.93908967831,728.2528145399696,562.4460157546575,90.2933180897295,9397.115644719262,9161.995925204139,43331.01047896871,950.4810735940985
2025-02-28,33869.00797113583,17458.427042613213,33965.81072319615,100.17632796962837,0.0,0.0,17554.92940722619,6709.7889357350205,96.80275206032601,0.0,9161.995925204139,9332.880092301484,17454.753079256563,100.17632796962837
2025-03-01,34047.83153548157,17059.403006418463,33512.2402034023,413.3056664475893,301.92352529492064,1683.8948643993633,19097.65116163645,6835.688287988492,70.34587545110838,605.5238572857306,9332.880092301484,9059.03482450108,17000.539005071805,413.2172921652836
2025-03-02,74342.37573451828,45532.91372984039,76834.13989500632,3941.68085807224,392.0173581079986,2374.869141523996,51847.01912364038,753.3944814456202,2491.7641604880323,0.41335024464797243,9059.03482450108,9017.780051362284,45530.38074976183,3941.7692323545457
2025-03-03,75053.65000328422,45626.89696898934,76617.56705107584,3786.1779107923694,377.9972620932217,2006.2878270350102,51416.55663438344,686.9375243817288,2022.5879106537993,458.67086286218114,9017.780051362284,9021.530355420055,45624.09089655606,3786.177910792369
2025-03-04,71877.54735761568,43680.99197780774,72969.08391963164,2628.208118273685,130.8521664056312,623.1273077130837,46947.47270483054,68.42718401371485,1569.9712858948967,478.43472387893803,9021.530355420055,8880.401288600278,43696.13727884377,2628.208118273685
2025-03-05,73547.37012783278,42426.769928003356,70566.40804865002,3581.4283451785377,112.52318085148431,764.8140740043405,46765.373353514384,529.39004502127,1198.3275858181498,4179.289665000909,8880.401288600278,9036.079808377128,42419.13093433151,3581.4283451785377
2025-03-06,70416.94637414184,42288.78707367484,69841.83005758669,1525.477093247715,93.78290488006886,545.3767655201517,44425.56185853236,168.3184495680913,624.4465269851321,1199.562843540285,9036.079808377128,8837.285145838952,42354.7079997645,1525.4770932477147
2025-03-07,33178.35531924499,16615.17164390215,32797.68086795352,285.66702871221355,204.5877137042453,1006.5651284717914,17897.65528293148,8304.328140743226,52.02452352503758,432.6989748165073,8837.285145838952,9030.829356321043,16605.423125747475,285.66702871221355
2025-03-08,31800.22528563371,16254.597352642719,32285.760318031847,640.2053235045785,0.0,0.0,16842.56637697212,9236.546757695054,485.5350323981404,0.0,9030.829356321043,9249.304215014366,16202.361053467543,640.2053235045785
2025-03-09,69275.90411375859,40690.080618547174,67818.59482448816,2116.0294059109237,0.0,0.0,42803.3326557297,596.7691373547297,1137.4923337374282,2594.8016230078533,9249.304215014366,9046.070466380315,40687.303249818775,2116.0294059109237
2025-03-10,67746.90003583711,40912.30387171358,72007.73825082243,5075.281107469758,0.0,0.0,45985.94374027418,0.0,4260.838214985326,0.0,9046.070466380315,9012.562835389836,40910.66263280442,5075.281107469758
2025-03-11,65120.03284478513,39497.69804834661,68710.023183281,4194.496033973406,0.0,0.0,43698.65579688056,646.5513943691285,3589.990338495866,0.0,9012.562835389836,9176.44764955707,39504.159762907155,4194.496033973406
2025-03-12,68706.50088589414,40351.88738464432,66507.8606214319,1355.6653109807905,7.194998906542196,50.19231237203836,41742.43498997133,321.71851513563047,439.2331716931272,2637.873436155385,9176.44764955707,8963.69227364134,40336.5773666185,1355.6653109807908
2025-03-13,67869.1300488508,41050.773534872256,71670.55293471791,3980.922448170456,112.62980503947824,749.9985171558541,45848.62064892464,38.94762254400109,3801.4228858671136,0.0,8963.69227364134,8952.94946369665,41117.69968359833,3980.922448170456
2025-03-14,31422.54807745207,15923.89099380584,31741.545393741428,568.4232625061051,0.0,0.0,16486.657074812,11608.048626610327,318.99731628935723,0.0,8952.94946369665,9318.842011940473,15918.233812305894,568.4232625061051
2025-03-15,30671.453840123628,15623.533215996646,31051.833718090667,477.54493785274235,7.363254425751165,28.584153680766022,16075.671413111735,6679.811577539191,380.37987796704397,0.0,9318.842011940473,8959.692832191722,15569.542321578227,477.54493785274235
2025-03-16,66839.16484298474,40533.29799750158,68596.66426819954,2140.389345983748,0.0,0.0,42667.40186337947,581.2422132327468,1757.499425214805,0.0,8959.692832191722,9633.115474994856,40527.01251739572,2140.389345983748
2025-03-17,64781.5600965495,37793.037744119036,62776.135255175104,1468.1060341361213,0.0,0.0,39260.10345696186,865.2915342727774,534.2287483325906,2539.6535897070053,9633.115474994856,9701.54794665836,37791.997422825734,1468.1060341361213
2025-03-18,67360.48779745861,39979.47002896406,65822.46331400296,764.7378383055517,0.0,0.0,40753.55559332544,923.489277057511,179.6377756007725,1717.6622590564211,9701.54794665836,9470.603114003177,39988.81775501989,764.7378383055517
2025-03-19,62167.706492320925,37795.68787206049,64451.545394834946,2320.2120006418536,0.0,0.0,40101.99233020161,742.737176126697,2283.838902514022,0.0,9470.603114003177,9630.096574637111,37781.780329559755,2320.2120006418536
2025-03-20,64679.04934644836,39374.598657621864,66175.18857073072,2216.618321404423,5.3905157794897605,26.890587965984672,41686.94676164953,82.15851051069546,1496.1392242823488,0.0,9630.096574637111,9462.99110897945,39443.43785227912,2216.6183214044236
2025-03-21,29972.952222030584,15241.590380270622,30411.963531557285,606.9563949702799,0.0,0.0,15848.024333253099,14669.242413829339,459.5808931774423,20.56958365074138,9462.99110897945,9327.302976888117,15241.067938282818,606.9563949702799
2025-03-22,30316.769942684223,15571.693278042592,30596.822628215145,387.12580900131536,0.0,0.0,15898.961437424268,10376.76685300998,280.05268553092714,0.0,9327.302976888117,9840.286623795393,15511.835628422952,387.1258090013154
2025-03-23,63828.67660430374,38543.45277389644,64612.027727289336,1745.7339066637837,0.0,0.0,40278.39927347727,2108.2378784344164,1150.7604786553065,367.40935566971893,9840.286623795393,9607.737664521741,38532.66536681348,1745.7339066637837
2025-03-24,62532.194675190425,37613.99852226587,63399.94168736336,1800.7175637236173,0.0,0.0,39417.57374832821,1071.0855463950545,1320.8916399036184,453.1446277306826,9607.737664521741,9829.16290957842,37616.85618460459,1800.7175637236173
2025-03-25,64932.14232210425,38930.75789664682,64858.16011924535,876.8519793323458,198.610335416595,968.4523568756842,40780.97352120983,272.4959938193436,433.2604809140769,507.24268377297824,9829.16290957842,9521.899289940213,38935.6691850018,876.8519793323458
2025-03-26,61278.573799623526,36485.86592950921,61008.00835183554,1936.3888969535965,0.0,0.0,38411.99907741361,1318.214661467247,1175.4545483498791,1446.0199961378717,9521.899289940213,9705.82235777173,36475.61018046001,1936.3888969535965
2025-03-27,61957.66905810883,37716.450235035845,63280.56538205457,1440.9308867980033,0.0,0.0,39227.38462882926,546.9823788978555,1322.8963239457319,0.0,9705.82235777173,9721.125178446664,37786.45374203126,1440.930886798003
2025-03-28,29418.381869183635,14933.316343995924,29569.332476390133,239.23217720216525,45.7904704624093,196.89902298836,15373.103033303538,14944.901985944369,150.95060720649434,0.0,9721.125178446664,9709.554855294977,14936.971833113012,239.23217720216525
2025-03-29,29355.097172278347,14811.720967471427,29858.19633422866,797.1765005701315,0.0,0.0,15540.254491582493,18231.95370645892,503.09916195031036,0.0,9709.554855294977,9744.609230787159,14743.077991012362,797.1765005701316
2025-03-30,60655.15173158034,36309.28455279986,60064.915436124276,754.0452263479907,0.0,0.0,37058.91613123199,594.2054052570427,304.89136272789756,895.1276581839762,9744.609230787159,9849.800585589503,36304.870904884,754.0452263479906
2025-03-31,56216.75870080638,34440.1039403648,60876.687634613685,4508.0448713991,0.0,0.0,38948.95558950145,21.74770383860573,4659.928933807308,0.0,9849.800585589503,9934.180108502555,34440.91071810235,4508.0448713991
2025-04-01,61255.12728250933,36738.91991795225,64195.23407570342,3209.4389842499986,0.0,0.0,39956.758739812445,513.6671811210866,2997.920128295851,57.813335101764096,9934.180108502555,9660.161326696583,36747.31975556244,3209.4389842499986
2025-04-02,60726.9467329601,36463.20754741109,65169.02018176639,4337.081217221228,0.0,0.0,40790.783212124385,742.6018387309741,4442.073448806286,0.0,9660.161326696583,9587.402652235054,36453.70199490315,4337.081217221228
2025-04-03,61949.897910409665,37226.62983633902,61305.01878549109,512.5393080105341,0.0,0.0,37811.70811953497,1370.739236132536,196.1326969857215,841.0118219042944,9587.402652235054,9652.402427570602,37299.16881152443,512.5393080105341
2025-04-04,28643.194003318255,14342.466353870816,28694.25456473903,71.72753467794813,0.0,0.0,14413.838020030502,18476.001066887326,51.06056142077654,0.0,9652.402427570602,9618.572390562429,14342.110485352554,71.72753467794813
2025-04-05,28544.989683365086,14260.87716263128,29061.903311529706,816.0042628906348,0.0,0.0,15009.156322094885,13124.639426188332,516.9136281646203,0.0,9618.572390562429,9634.879161028884,14193.15205920425,816.0042628906348
2025-04-06,59158.15724419273,35215.08392626504,59093.27880576368,605.9265643139233,0.0,0.0,35818.02242588654,926.2053802200203,420.6826242763357,485.56106270538857,9634.879161028884,9364.303699358288,35212.09586157262,605.9265643139233
2025-04-07,55594.10635013366,33509.907412145956,57308.74401602842,1423.218701488625,0.0,0.0,34939.48009916781,217.82033341452157,1714.637665894752,0.0,9364.303699358288,9353.523463079417,33516.26139767919,1423.218701488625
2025-04-08,59026.554123780865,35322.74660486902,58828.183946898745,472.54865441565846,29.289076737436197,141.89171347656554,35941.923079924,672.2195986595259,181.94307459448288,380.31325147659544,9353.523463079417,9142.413761107518,35327.48271203178,472.5486544156584
2025-04-09,58840.9122423145,35407.27409499555,63484.39399239858,3943.637384622222,0.0,0.0,39351.702331553875,264.09221819913296,4643.481750084078,0.0,9142.413761107518,9192.412452392675,35408.064946931656,3943.6373846222214
2025-04-10,58731.039836443706,35213.24796726259,59367.01780521206,981.8875946645023,0.0,0.0,36267.76405235841,693.1348273271599,1083.7349615202986,447.7569927519416,9192.412452392675,9336.691319683658,35285.87645769391,981.8875946645023
2025-04-11,27786.213367894314,13620.157361066864,28077.522455421866,490.04984406473864,34.75124522773231,138.87258713692015,14238.081928049418,19003.93480969546,291.30908752754897,0.0,9336.691319683658,9283.711761436714,13609.159496847758,490.04984406473864
2025-04-12,28248.864919514766,13881.415691834369,28186.03416642721,74.13817486049163,0.0,0.0,13892.588790122918,15381.50684138154,24.30181118611739,87.13256427367367,9283.711761436714,9305.057547748122,13818.450615262427,74.13817486049163
2025-04-13,56256.61887229033,33726.56860480237,58329.084907926735,2536.497504641468,0.0,0.0,36264.73736184714,170.07015480222037,2072.466035636407,0.0,9305.057547748122,9244.426352502198,33728.23985720567,2536.497504641468
2025-04-14,57220.5556077278,33080.062112031126,56350.71991772197,1867.0804534432286,0.0,0.0,34942.97686939801,0.0,660.2558761947292,1530.0915662005575,9244.426352502198,9210.196962379847,33075.896415954776,1867.0804534432286
2025-04-15,54456.30790902051,32555.36878895745,54784.54240196701,1351.4652438563842,37.01577095348436,143.6952228414263,34050.68188430016,826.0318554611645,671.696439664253,343.4619467177487,9210.196962379847,9257.243179968907,32555.52141760235,1351.4652438563842
2025-04-16,56225.24445735238,33492.51517246431,59571.334527924104,3287.0066443775418,0.0,0.0,36783.77418675122,0.0,3346.090070571725,0.0,9257.243179968907,9198.766008551502,33496.76754237368,3287.0066443775413
2025-04-17,53930.49339626936,32723.176708986677,56895.586761794875,2448.3028000631216,35.62761612333147,214.36247091594956,35458.91824531297,0.0,2965.093365525503,0.0,9198.766008551502,9337.705553552223,32796.2529743339,2448.3028000631216
2025-04-18,27305.577386609617,13246.520988914224,27570.095564316158,330.0956405408726,0.0,0.0,13562.822606672502,17212.341337045236,264.5181777065396,0.0,9337.705553552223,9494.057214211267,13232.72696613163,330.0956405408726
2025-04-19,26946.250206863366,12988.299253606023,27099.766960630892,210.7155096990054,0.0,0.0,13139.506790888403,16598.2857575502,153.51675376752442,0.0,9494.057214211267,9392.736794767821,12928.791281189398,210.7155096990054
2025-04-20,53612.59324371478,32204.721015408315,55989.99002954818,2046.9977621991973,121.90147503228089,601.0100485762771,34857.17525496145,119.78551549787298,2377.39678583341,0.0,9392.736794767821,9465.844460280978,32209.167444185976,2046.9977621991975
2025-04-21,54624.02711751712,32001.500557330044,53672.714322009866,618.5233365268061,0.0,0.0,32615.894445869435,1714.1520682138694,180.92403922382323,1132.2368347310846,9465.844460280978,9081.935977326848,31997.37110934263,618.5233365268061
2025-04-22,52957.83082832064,31776.49645115077,56102.57321991725,3277.589548322492,0.0,0.0,35052.379710437024,0.0,3144.742391596608,0.0,9081.935977326848,9282.250640134105,31774.790162114532,3277.5895483224917
2025-04-23,52195.415083338055,31393.867231463686,55530.74791047912,2858.6538700982655,0.0,0.0,34254.60117849136,87.0884933684645,3335.3328271410755,0.0,9282.250640134105,9556.424532913072,31395.94730839309,2858.653870098266
2025-04-24,52006.87962806064,31379.43687586665,52540.713755172765,738.90876050556,0.0,0.0,32193.8298239129,2061.589784507994,533.8341271121243,0.0,9556.424532913072,9218.386361526736,31454.92106340734,738.9087605055599
2025-04-25,26752.814874760767,12719.594143684764,26625.87321458921,59.47572096432022,0.0,0.0,12767.463507248782,20989.836141884556,0.0,126.94166017155496,9218.386361526736,9058.800802057902,12707.987786284462,59.47572096432022
2025-04-26,26711.792676695215,12791.901589728703,26953.82121901564,346.4169537898546,1.1797339741517128,4.579727287656949,13077.336823776091,23141.177973910217,242.028542320432,0.0,9058.800802057902,9034.326874687165,12726.34014269858,346.4169537898546
2025-04-27,51093.80332166875,30658.471798856775,52721.625447158214,2672.2965101504165,121.2030456653763,624.1077324716491,33958.64169589656,356.7415816865738,1627.8221254894654,0.0,9034.326874687165,9120.004429108909,30662.237453274494,2672.2965101504165
2025-04-28,54967.2173069552,32677.05531931114,60653.57967921312,5332.41184872279,0.0,0.0,38008.06512256193,0.0,5686.362372257916,0.0,9120.004429108909,9249.231679418268,32675.65327383914,5332.41184872279
2025-04-29,52053.897179650914,31260.08116479139,52641.89488139066,1351.4098356085406,0.0,0.0,32602.721262988012,1349.7932261550113,915.0236972820464,327.0259955423029,9249.231679418268,9369.482074874853,31251.31142737947,1351.4098356085406
2025-04-30,51248.95042493115,31007.853142608205,51845.897059805415,453.868807601925,0.0,0.0,31465.307991308902,0.9957590037955697,596.9466348742706,0.0,9369.482074874853,9239.379253686724,31011.439183706978,453.868807601925
2025-05-01,51835.87137983539,31421.39692036214,53360.74620728461,2252.1998775512866,1569.9203111382278,9971.183431804871,43718.79520655252,1067.82515820454,1524.8748274492223,0.0,9239.379253686724,8302.899814519762,31495.41189719636,2252.1998775512866
2025-05-02,27773.297958271432,13387.507999565445,28776.0681436153,1699.0024683409947,1329.6885450122097,7988.966897332135,23074.79627760606,11855.249349999998,1002.7701853438671,0.0,8302.899814519762,8552.874002047885,13386.82691193293,1699.0024683409947
2025-05-03,27434.436921665092,13128.792001445287,27948.174709785868,845.689415206105,1553.706191509146,9215.760515183727,23116.927669181256,16675.297997806847,513.7377881207769,0.0,8552.874002047885,8781.970099045875,13055.477738791422,845.689415206105
2025-05-04,55972.367540029765,31922.479399081578,54161.29122616413,1790.9977041858945,1473.735616450675,9121.43816417966,42828.84328654417,552.1705352963554,560.1082971246482,2371.1846109902913,8781.970099045875,8656.453827738522,31916.407418178613,1790.9977041858942
2025-05-05,57627.38450000003,34338.3368447603,58055.537529162066,1167.224579225459,1159.1267575298764,7399.881545208224,42913.02205651692,191.96406464722122,566.2639990359213,138.11096987388567,8656.453827738522,8731.477104589074,34345.91593208323,1167.224579225459
2025-05-06,54151.21078516623,32603.72011447278,55957.24997694815,1985.8579817100547,1124.7819358190263,7155.981587616747,41741.48838986105,556.48138460505,1806.0391917819252,0.0,8731.477104589074,8559.020221124243,32599.648820534247,1985.8579817100544
2025-05-07,56553.85495548622,33976.28120538685,58254.42709393185,1426.5558296724184,1322.288204925009,8624.93664741215,44013.61208196247,411.9491408149449,1700.5721384456272,0.0,8559.020221124243,8785.716944147953,33962.1196048779,1426.5558296724184
2025-05-08,60576.3625079881,35582.02162046057,59359.46902136352,563.0726306085451,639.7118825958757,4171.1766045603545,40393.73508241348,387.1076501208858,127.1589985018506,1344.0524851264438,8785.716944147953,8956.409911375606,35659.48584724458,563.0726306085451
2025-05-09,28589.63958573006,14088.157870013389,29395.757691363426,1417.877829782068,206.00483714972972,1016.197626204271,16524.05814280842,17029.68464123345,806.1181056333661,0.0,8956.409911375606,9227.45073595841,14089.982686822079,1417.8778297820681
2025-05-10,28182.513279358423,13816.498503135133,28920.190150086473,1568.34102800503,192.92594053090608,936.7464500412439,16257.218799962346,13849.589643376828,882.1505562571072,104.23845081409843,9227.45073595841,8771.895105980764,13760.73361509813,1559.738734822972
2025-05-11,59606.172922122336,34768.593143518636,58792.87568318628,1746.9499760670894,326.8410078370939,2266.687431217075,38790.35075621111,16.24872644406912,760.1049846087637,1502.0324672970487,8771.895105980764,8936.07825278903,34791.972202812714,1731.691122181317
2025-05-12,57159.69106378589,33430.38214129177,56581.71131369723,2627.079972773346,0.0,0.0,36079.39206203418,1110.0719764316473,1160.4195915810706,1691.5527866863436,8936.07825278903,9204.489570918548,33462.32788271629,2617.0641793178984
2025-05-13,59802.29576333682,34431.803697937125,58294.88668274391,1840.8741732885837,0.0,0.0,36240.909050375696,1464.5729012871718,698.1330655241129,2313.2833057397283,9204.489570918548,9237.40025605379,34376.999817159776,1863.9092332159184
2025-05-14,58667.30104922571,33888.173047264274,56431.392867219794,1852.4464130068359,0.0,0.0,35725.03634446865,160.0148101748606,577.2349351544672,2840.0983644165726,9237.40025605379,8938.78523217177,33866.82689959844,1858.20944487021
2025-05-15,58434.78539017549,35738.11025573949,58053.404661687826,610.4497665512403,0.0,0.0,36425.971476814106,518.4852045604889,240.36108274555602,645.4969503004297,8938.78523217177,10025.32774125174,35810.4428615303,615.5286152838092
2025-05-16,27448.486401444028,14021.197048511127,27805.35810088364,931.7281207227596,0.0,0.0,14991.080877569502,21969.865307259406,513.6981975779308,40.04490764483141,10025.32774125174,9522.359608254894,14084.320660894251,906.7602166752516
2025-05-17,27914.404988428418,14192.9213786724,28981.717785134744,1926.685120441812,0.0,0.0,16018.146253562303,14608.778261881233,1076.3303847115687,125.79917849872902,9522.359608254894,9538.03657225837,14066.493229072983,1951.65302448932
2025-05-18,58258.75126538441,35488.72463720772,58926.02992090616,1027.3684600937495,0.0,0.0,36506.583330256464,1078.679030662403,667.2786555217476,0.0,9538.03657225837,9997.308059671777,35479.214870162716,1027.3684600937495
2025-05-19,54826.830468698565,33234.35082772627,54452.723389394465,703.3910452149028,67.00333333333344,451.90398166666745,34403.80460874916,4083.155474864776,296.8911740326886,670.9982533367922,9997.308059671777,9512.187932698773,33248.50958186759,703.3910452149028
2025-05-20,54330.885954458514,33372.15581674241,57753.19705169606,3713.421311866739,0.0,0.0,37086.80121215582,5.852157494260837,3422.31109723754,0.0,9512.187932698773,9272.78597747552,33373.37990028908,3713.421311866739
2025-05-21,53513.254181542485,33129.23661826797,55197.89247515893,2252.650698021632,0.0,0.0,35360.05605971283,170.8349309579138,1684.6382936164434,0.0,9272.78597747552,9406.773334421036,33107.4053616912,2252.650698021632
2025-05-22,54693.3658092294,34272.60869398574,55827.871398528696,1212.78038892777,0.0,0.0,35562.55410546136,86.56493680593954,1134.50558929929,0.0,9406.773334421036,10680.72566008723,34349.773716533586,1212.7803889277698
2025-05-23,27387.193152013388,14223.182214388811,28504.17609674165,1765.6669462479122,0.0,0.0,15997.46095458914,18475.899522237083,1116.9829447282589,0.0,10680.72566008723,10492.548265365102,14231.794008341227,1765.6669462479122
2025-05-24,27787.16534517493,14636.221727574584,28466.59441389763,1087.8893370086134,0.0,0.0,15649.219277228125,20943.525414833555,679.4290687227001,0.0,10492.548265365102,10423.725577583276,14561.329940219512,1087.8893370086134
2025-05-25,54104.36120283132,33447.16226352286,54263.258566146236,1133.9146484249477,0.0,0.0,34579.65372839172,2413.007527256317,580.4300213730745,421.53265805815374,10423.725577583276,10261.920444699777,33445.73907996677,1133.914648424948
2025-05-26,52687.53840114481,33022.50226578947,58529.487692685594,5190.870987222869,62.819293375929036,321.9048839623124,38544.43574733161,343.56538582959996,5841.949291540776,0.0,10261.920444699777,10083.677594631456,33031.65987614643,5190.870987222869
2025-05-27,52093.596289928435,32708.124069592715,54706.702414095795,2336.5481072159214,0.0,0.0,35049.855904493415,1510.3665202076227,2613.1061241673515,0.0,10083.677594631456,10028.422771893838,32713.307797277495,2336.548107215921
2025-05-28,54432.10371214434,33683.65795963037,56897.06776418928,2437.314755642984,0.0,0.0,36108.64789627745,688.8657073733245,2464.9640520449484,0.0,10028.422771893838,10323.545687265812,33671.333140634466,2437.314755642984
2025-05-29,53167.9049884894,32943.72282457324,58081.86992262898,5148.907211666384,0.0,0.0,38166.00972456624,312.52758289422513,4913.964934139589,0.0,10323.545687265812,10164.740541143843,33017.10251289986,5148.907211666383
2025-05-30,26819.64782278411,13880.927597727483,28122.60438337123,2256.3363106768747,123.65221748914848,512.3712879383623,16659.942234606904,17463.614290838654,1302.9565605871144,0.0,10164.740541143843,10536.443614462463,13891.234635991666,2256.336310676875
2025-05-31,27906.275926407845,14621.304116637284,28925.305082411487,1678.7635162426618,22.38267697417741,90.47766803752181,16318.592840135107,16711.37521953841,1048.458644340374,29.42948833673394,10536.443614462463,10651.076009364833,14549.351655854924,1678.7635162426618
2025-06-01,60548.16773553347,37079.761224147296,72604.44003204111,14925.413173089495,429.50064066122115,2409.029912026582,54411.98680279615,778.6013010502834,12056.272296507645,0.0,10651.076009364833,8015.748752392734,37077.54371768007,14925.413173089495
2025-06-02,65622.64981731711,39523.05629887914,72336.97381436598,10712.324172139637,266.28743815100205,1516.2398365380704,51753.05460132508,344.1249581528565,6901.568766541166,187.2447694922986,8015.748752392734,7880.505284134132,39524.49059264737,10712.324172139637
2025-06-03,65591.12190801199,38687.71491327763,71799.47752896749,12260.067238341104,293.0078408784149,1561.1617678383118,52509.35145729401,230.09532138174973,8402.873538986485,2194.5179180309856,7880.505284134132,8161.845482165912,38688.1224511146,12260.067238341104
2025-06-04,71536.09689158363,42496.43617440757,73758.29231671915,6308.897963857036,121.49577121793841,626.257596016002,49414.150183282654,454.830306871192,4163.944789610205,1941.7493644746928,8161.845482165912,8225.61371525914,42478.99462340961,6308.897963857036
2025-06-05,68764.37703937187,40929.38681756625,74337.71039999885,10605.524517733431,402.634832602534,2627.547087872291,54240.3276021905,233.11536699683896,7324.942990045942,1751.6096294189722,8225.61371525914,8074.322538804257,41007.255996584776,10605.524517733431
2025-06-06,32828.93412497615,17559.881659836377,37009.80193708225,6919.5523844120935,386.8611274123988,2554.9826225225706,27033.287023834077,2709.6335942971646,4180.867812106106,0.0,8074.322538804257,8264.111324579037,17558.752016899412,6919.552384412093
2025-06-07,33448.193692931425,17938.638807157407,35922.20206608458,4158.696451293917,119.66704750481642,810.9862127019949,22815.63450989645,1045.0278403289242,2474.008373153155,0.0,8264.111324579037,8480.269415901059,17845.951845900538,4158.696451293917
2025-06-08,79309.92444704886,44147.626104604686,70691.0649371171,2611.9549210209416,0.0,0.0,46761.39968176725,1175.0728381938013,0.0,8618.859509931759,8480.269415901059,9152.75184981302,44149.44476074631,2611.9549210209416
2025-06-09,80788.11474687177,48212.728479776735,76550.52490183568,1261.3048751205122,0.0,0.0,49471.14542409007,1512.4455015862372,0.0,4237.589845036087,9152.75184981302,9325.11712765185,48209.84054896956,1261.3048751205122
2025-06-10,78501.17321768371,48290.15593113769,77053.98807895268,393.9064640273204,0.0,0.0,48682.47519566536,1488.499861712027,0.0,1447.1851387310396,9325.11712765185,9326.921162697761,48288.56873163804,393.9064640273204
2025-06-11,80268.13007226319,50389.433514544726,80925.57991045856,1145.2700428843086,0.0,0.0,51527.451795278284,715.3886118414016,680.6944468768108,23.244608681448426,9326.921162697761,8990.723964631386,50382.181752393975,1145.2700428843086
2025-06-12,79953.59995113264,48483.85797395567,77619.69302722972,1324.5864401561175,0.0,0.0,49890.52198019488,1100.6865098671415,260.7777758557275,2594.684699758637,8990.723964631386,9019.156665865681,48565.93554003876,1324.5864401561173
2025-06-13,34809.59671671148,19133.862509962044,35989.74075708382,2201.950704836947,0.0,0.0,21346.203260808907,4206.066808727199,1180.144040372338,0.0,9019.156665865681,8901.22432240976,19144.252555971958,2201.9507048369474
2025-06-14,34582.69406277733,19008.810918375926,35704.472887400414,2154.8098094035768,0.0,0.0,21070.107572062523,5991.786235547997,1157.3659403358622,35.58711571277763,8901.22432240976,8695.559064143208,18915.297762658945,2154.809809403577
2025-06-15,79029.75046819009,48863.78445096304,78466.06661866575,220.31136168537768,0.0,0.0,49092.64038557408,2427.8465499091326,0.3025433210417532,563.9863928453899,8695.559064143208,9916.023120787333,48872.3290238887,220.31136168537765
2025-06-16,78299.03576909116,48890.56738531991,78210.80577722933,389.4614364239297,0.0,0.0,49275.85279788837,1239.4186425689936,145.25856484258134,233.48855670441677,9916.023120787333,9861.824112637429,48886.39136146444,389.4614364239297
2025-06-17,78535.77577429301,49087.91723161754,79112.23419668882,922.1531344020295,0.0,0.0,50005.07231222962,767.7207928044751,577.9674148029434,1.5089924071405676,9861.824112637429,9199.44220255459,49082.919177827585,922.1531344020295
2025-06-18,79535.57948658404,47796.60660196791,77301.46049549579,1085.7259884430198,0.0,0.0,48881.606330447255,2194.983340450861,141.9278841667168,2376.0468752549796,9199.44220255459,9462.683171180977,47795.88034200424,1085.7259884430198
2025-06-19,76882.90765824274,46188.980176018566,75004.89663961032,1739.2994194184057,0.0,0.0,48010.39002367779,2597.27917447342,518.904142562066,2396.915161194496,9462.683171180977,9614.626737716408,46271.090604259385,1739.299419418406
2025-06-20,34275.30857372163,19268.37660278959,34766.27616557617,884.0049321517164,0.0,0.0,20157.312088726892,8817.614659535151,490.9675918545398,0.0,9614.626737716408,9478.642101608517,19273.307156575174,884.0049321517164
2025-06-21,34246.149472917954,19023.67624573523,35050.67800264746,1446.4742625134304,0.0,0.0,20379.669141872757,11236.291448391801,804.5285297295029,0.0,9478.642101608517,10051.698202918908,18933.194879359326,1446.4742625134304
2025-06-22,73575.13561387596,44963.959888745,72785.58276379111,1503.5298180264326,0.0,0.0,46471.19522868957,1248.3833616627712,741.781357652366,1531.334207737205,10051.698202918908,10217.88843245139,44967.66541066313,1503.5298180264326
2025-06-23,73274.45665277317,45287.25876730377,72452.77526017322,958.3511177244987,0.0,0.0,46263.429683534785,1580.2669426787866,326.010264821431,1147.6916574213753,10217.88843245139,10003.619764424015,45305.07856581028,958.3511177244987
2025-06-24,76757.52426574807,48008.678869774536,79500.10722077235,3578.476787404215,1877.4974000539469,8997.084377528307,60578.064860702965,476.89465346884566,2742.5829550242843,0.0,10003.619764424015,10282.707784212549,48002.50369577044,3578.476787404215
2025-06-25,73750.07798822582,45653.50627145488,75495.82655251006,2157.6434701346757,0.0,0.0,47811.59249472036,1285.9409355133303,1745.7485642842412,0.0,10282.707784212549,9950.880474958938,45653.94902458569,2157.6434701346757
2025-06-26,72467.59435031484,45240.359593063724,73128.252558424,1155.8813502672278,0.0,0.0,46462.3504653955,1809.0528083916367,660.6582081091631,0.0,9950.880474958938,9791.430911568692,45306.469115128275,1155.8813502672278
2025-06-27,34140.52271965724,18967.33368698014,34229.986183210975,957.3493643568529,0.0,0.0,19935.665307094005,10412.307277691196,440.7771522559003,351.31368870216534,9791.430911568692,10037.039910962494,18978.31594273715,957.349364356853
2025-06-28,33545.12091602895,18768.63991674934,34443.0477972797,1506.1754738582597,0.0,0.0,20218.19380597802,8616.145658181611,897.9268812507541,0.0,10037.039910962494,10340.955916210449,18712.01833211976,1506.1754738582597
2025-06-29,67574.1035124156,41704.63029542872,74486.46340606897,8002.217825106056,0.0,0.0,49700.48993928908,1341.7538822228278,6912.359893653366,0.0,10340.955916210449,10202.205334430575,41698.272114183026,8002.217825106055
2025-06-30,70300.70179481499,43560.13357657499,73389.49862086229,3852.397854696984,469.320282049904,2290.2730651392794,49702.53470696351,395.2234447277838,3088.796826047292,0.0,10202.205334430575,9832.315947181862,43559.86378712725,3852.3978546969834
2025-07-01,66755.7049209244,40554.18766634861,81657.38053202751,22173.835973126967,0.0,0.0,62719.6825338783,105.23831775139463,16313.829348248924,1412.1537371458035,9832.315947181862,8832.344832397983,40545.846560751335,22173.835973126967
2025-07-02,67867.32344062362,40941.155582536085,77940.43944804822,16940.87926275521,0.0,0.0,57882.21561950053,1909.9327716306059,12556.772965652966,2483.656958228383,8832.344832397983,8525.623892983558,40941.33635674532,16940.87926275521
2025-07-03,72502.30472172376,43667.74455029254,84255.14244123406,19763.126009711188,15.556137098514682,108.51961239923843,63598.965144555084,1012.6457617688259,14690.405991517026,2937.568272006718,8525.623892983558,8299.785532771006,43727.31952244466,19763.126009711188
2025-07-04,35527.1913715195,19628.214679395216,41419.57092270178,9126.4396307078,1411.2632573860799,3318.3287109031326,32074.57556912635,10025.277559220658,5892.379551182275,0.0,8299.785532771006,8615.767992592939,19629.80722751542,9126.4396307078
2025-07-05,37462.95785651171,20832.21649041952,43308.08446323506,9039.47649958834,359.48161707532194,1025.9605351329687,30830.421958177885,10893.580347754316,5845.126606723359,0.0,8615.767992592939,8919.326060699883,20764.984923456577,9039.47649958834
2025-07-06,77137.89077355829,47680.242845290915,84924.86389707394,12627.907405744212,11.16797896303467,75.19400235811244,60370.569761430386,1455.8921117961231,9814.112893499987,2027.1397699843374,8919.326060699883,8742.187336431876,47667.46835332806,12627.907405744212
2025-07-07,80260.77442930038,49060.16913301272,80631.41722883088,5683.196636141056,4.585476691479357,30.890063732150686,54747.848056646406,3466.27574828893,3731.1752164748314,3360.5324169443256,8742.187336431876,9007.547482576489,49033.7613567732,5683.196636141057
2025-07-08,89060.70760639085,53285.38893861437,82430.50616022326,1932.1584852041444,0.0,0.0,55201.67408781854,2033.284431301981,2.2737367544323206e-13,6630.20144616759,9007.547482576489,9963.154341687334,53269.515602614396,1932.1584852041442
2025-07-09,86127.22634023686,50787.78989351595,78784.95351851138,2211.3098941605804,0.0,0.0,53009.19855491295,1239.632708748009,0.0,7342.272821725472,9963.154341687334,9826.755754477372,50797.888660752375,2211.3098941605804
2025-07-10,82660.6504672978,49817.27615720151,77192.6003105588,1695.7665486580088,0.0,0.0,51580.36695168592,641.8660776359859,0.0,5468.050156739006,9826.755754477372,9702.407118319621,49884.600403027915,1695.7665486580088
2025-07-11,42265.9277303979,24533.11002759986,42441.62201557663,824.8734047088903,0.0,0.0,25369.365280289374,6496.387749468919,418.3566738378988,242.66238865917393,9702.407118319621,9312.725611855429,24544.491875580483,824.8734047088903
2025-07-12,41546.40660184724,23799.314258002858,43015.03718952784,2223.5610161083932,0.0,0.0,25960.85844363161,8590.773535605033,1468.630587680597,0.0,9312.725611855429,8767.506178524154,23737.297427523215,2223.5610161083932
2025-07-13,81770.20213015353,47413.17171969149,74127.7667640583,2660.360235396967,301.41348650143004,2070.807665609469,52140.67103277145,1251.5389315915168,131.0106121715757,7773.445978266817,8767.506178524154,9000.353558290912,47409.503131765014,2660.3602353969663
2025-07-14,78672.96213072952,48316.230617737456,76410.22340097436,999.8920360946873,230.77025673241087,1607.6006171562,50903.454253718046,1206.7989867075287,280.5499356509971,2543.2886654061613,9000.353558290912,8974.57071426739,48295.96160046716,999.8920360946875
2025-07-15,84081.82334208404,49072.05344292309,78041.42366240191,3211.554474585898,26.28590643205996,183.37048327005027,52462.93577497046,1099.6680826498387,556.1627954297612,6596.562475111899,8974.57071426739,9534.25396265806,49068.010817114504,3211.554474585898
2025-07-16,80608.04465453589,49227.111644461096,76996.03271548093,1126.498232005182,0.0,0.0,50371.72994030841,737.1043350798316,0.0,3612.0119390549366,9534.25396265806,9971.021443940548,49245.23170830323,1126.4982320051818
2025-07-17,78451.61813563609,49388.667789859595,77075.65810795901,499.3884590095876,0.0,0.0,49962.07437201317,1015.7543798716116,75.78006308785814,1451.7400907649308,9971.021443940548,9377.235110757885,49462.68591300359,499.3884590095876
2025-07-18,42901.86143795453,24600.851851923908,42885.88297705118,1056.0088605687292,0.0,0.0,25647.995336058815,7910.820581266888,449.8612385334894,465.8396994368317,9377.235110757885,9386.206981162879,24591.986475490085,1056.0088605687295
2025-07-19,42496.858925259934,24598.329351490043,42796.15605921477,833.7691506257834,0.0,0.0,25368.44293055257,12362.360494682765,422.91104500388377,123.61391104905155,9386.206981162879,8938.530923870627,24534.673779926787,833.7691506257834
2025-07-20,77710.78401616994,48345.522547743916,76744.17700379762,366.1079559139031,6.193942488544053,43.208942800083314,48758.162359685484,425.9010347471814,48.995610812303084,1015.6026231846195,8938.530923870627,9229.814075377892,48348.8454609715,366.1079559139031
2025-07-21,77044.45167444223,48617.78336334591,78420.34677274746,1443.2869113806437,0.0,0.0,50039.720520460105,427.6076808546946,1375.8950983052323,0.0,9229.814075377892,9177.17656527034,48596.43360907946,1443.2869113806437
2025-07-22,79636.2446387003,50212.59327721134,79278.49383785535,166.68947613596984,0.0,0.0,50385.91023432061,764.1328975861576,1.1141310096718371e-11,357.75080084497074,9177.17656527034,9871.938072179908,50219.22075818464,166.68947613596984
2025-07-23,82768.75767909842,50393.283123910245,79162.02708162292,1995.5191025160218,0.0,0.0,52391.57634894608,1300.3536046054842,573.5771207039686,4180.307718179463,9871.938072179908,9577.408530073775,50396.05724643006,1995.5191025160218
2025-07-24,81997.74957211409,50682.449393708,79321.23530388539,722.1823688399762,0.0,0.0,51481.157146046804,1252.9106110538107,3.058175934711471e-11,2676.5142682287133,9577.408530073775,10146.251647265524,50758.97477720683,722.1823688399761
2025-07-25,42257.38899272037,24467.555871483077,42074.0494275932,76.7525405257871,0.0,0.0,24530.363958123173,12344.157150024652,0.0,183.3395651271764,10146.251647265524,9555.89739566987,24453.611417597385,76.7525405257871
2025-07-26,42194.64817125075,24321.522030050877,42441.95198521794,462.640353688813,0.0,0.0,24718.360642386462,10341.410027583948,247.3038139671802,0.0,9555.89739566987,9350.808708020046,24255.72028869765,462.640353688813
2025-07-27,74855.80453453632,46963.55171997522,78006.38494612568,4205.146407276792,319.0946256504109,1595.1964838623594,52770.19402126227,342.10047447463774,3150.58041158935,0.0,9350.808708020046,9582.89443573829,46969.85113012312,4205.146407276792
2025-07-28,75604.41695800926,47493.37658570924,81400.57058247077,7235.446807642782,383.1999999999997,1844.9545649666654,56570.57481079953,99.097412024181,5796.153624461513,0.0,9582.89443573829,9245.414116519414,47490.17343819008,7235.446807642782
2025-07-29,74665.4685859304,46979.956098584065,80292.13341260114,5933.3239150885565,0.0,0.0,52922.67967498673,241.99114747612248,5626.664826670731,0.0,9245.414116519414,9181.40579983841,46989.35575989817,5933.323915088556
2025-07-30,72239.64815816144,45522.10347629632,79405.22745214969,8044.555534350839,0.0,0.0,53569.76406882464,1008.8244898837377,7165.579293988243,0.0,9181.40579983841,9523.113037057967,45525.2085344738,8044.55553435084
2025-07-31,73114.17274703993,45918.54309723234,78642.26609985738,6924.40377554404,0.0,0.0,52919.304811329086,158.66029389886648,5528.093352817437,0.0,9523.113037057967,9248.376023425493,45994.90103578504,6924.40377554404
2025-08-01,40937.35424234177,23313.95814468379,41620.58430885109,1577.1256137152077,0.0,0.0,24873.895632690022,16056.114434980233,843.2164150746954,159.98634856537166,9248.376023425493,9658.952316752495,23296.770018974814,1577.1256137152072
2025-08-02,40695.60535660858,23487.855196020373,40940.49184640471,429.77336490029336,0.0,0.0,23848.725774526214,16542.49294028037,244.88648979611685,0.0,9658.952316752495,9401.106821224814,23418.95240962592,429.7733649002933
2025-08-03,66363.86532974418,42277.44099358017,66911.4893317402,1429.2507982592856,72.64964447068112,307.0767349304792,44019.42444937312,1121.2590002342854,753.7102052642251,206.08620326821446,9401.106821224814,8659.413096050748,42283.09691618335,1429.2507982592854
2025-08-04,67857.40397177811,43442.71878075483,69667.9993769103,3507.0387568721576,0.0,0.0,46947.21578030826,0.0,1816.8916230192544,6.2962178870781145,8659.413096050748,9421.712357918144,43440.1770234361,3507.0387568721576
2025-08-05,65940.92697552685,42310.33514924108,68408.3204389151,2310.2665300853655,0.0,0.0,44625.37365839186,0.0,2467.3934633882463,0.0,9421.712357918144,8874.34463894925,42315.107128306496,2310.2665300853655
2025-08-06,68648.11969135521,44129.85274454467,72072.17653219822,3138.2264677525327,0.0,0.0,47269.56130967942,111.69090899930825,3424.056840843025,0.0,8874.34463894925,8911.589512765404,44131.33484192689,3138.2264677525327
2025-08-07,68658.57450057124,42559.21981750884,68584.02715687575,2767.4313090505284,0.0,0.0,45399.78000915462,1209.8898730547428,1599.1502834925705,1673.6976271880726,8911.589512765404,8966.645213246702,42632.34870010409,2767.431309050529
2025-08-08,39197.69750606468,22297.648097531364,39898.75122958369,1196.5191045871086,0.0,0.0,23492.812310442427,20191.901377042912,701.0537235190098,0.0,8966.645213246702,9081.645709863446,22296.29320585532,1196.5191045871086
2025-08-09,39187.27300833995,22475.519044269175,39655.44692776456,755.3199462436224,0.0,0.0,23142.905367800064,17193.974314825075,468.17391942460233,0.0,9081.645709863446,8811.972062893758,22387.58542155644,755.3199462436226
2025-08-10,65300.16195394778,42069.184609110656,69092.56902824636,4291.509807731937,0.0,0.0,46374.866299616406,0.0,3792.4070742985887,0.0,8811.972062893758,8993.59261196993,42083.356491884464,4291.509807731938
2025-08-11,64736.03692228434,41296.786496248256,68893.06726401599,4160.040626649534,115.49209319327193,785.4644475297109,46235.29272939953,701.8380737946272,4157.030341731649,6.252776074688882e-13,8993.59261196993,8726.599536860169,41289.78765522029,4160.040626649534
2025-08-12,67058.97123115658,42534.63561172619,72014.29751993401,5441.441730755043,0.0,0.0,47986.56838971996,372.4542434340065,4955.326288777432,0.0,8726.599536860169,8775.437735250773,42545.12665896492,5441.441730755043
2025-08-13,64794.17237247613,41365.323742321256,70833.58887352707,5598.693245872821,0.0,0.0,46952.13054712392,519.4606497416705,6039.416501050935,2.2737367544323206e-13,8775.437735250773,9135.503008917522,41353.4373012511,5598.693245872821
2025-08-14,65455.91297227191,42080.9065818512,69566.98072552771,3766.489409303756,505.85385730043583,2592.176622269947,48519.44434567812,514.1615918051414,4111.067753255814,0.0,9135.503008917522,8840.950438933334,42160.77831410442,3766.4894093037556
2025-08-15,39674.82528585547,22842.893946679294,40042.998177300884,619.2573340653507,23.13494090924587,92.21587446425404,23557.469307150343,19056.582299999995,432.52289556554837,64.35000412013315,8840.950438933334,8892.841497906358,22845.996098620737,619.2573340653507
2025-08-16,39836.82544587097,23003.279712986674,40289.73519640659,1049.0623894447049,10.479771495827162,40.68247294680104,24005.209772753155,19589.824561952508,684.2460626444122,231.3363121087906,8892.841497906358,8776.109175711314,22915.464910361647,1049.0623894447049
2025-08-17,67383.44923681607,42567.4168593333,67696.20802848227,1560.0735153034743,52.20627845197839,350.2917864148174,44483.73072631645,628.546888080493,865.6056272648682,552.8468355986598,8776.109175711314,8896.192110979215,42573.36542459815,1560.0735153034743
2025-08-18,66388.86474677964,42531.909702707984,68507.49112207867,2630.349249588491,34.683499955442926,235.54891107791605,45395.21485367787,23.887893950808802,2118.6263752990308,0.0,8896.192110979215,9059.021307806663,42529.31669301146,2630.349249588491
2025-08-19,65295.00814411626,42022.96109966632,68439.01607962094,2888.5582041055077,168.8316991134094,924.4240670915142,45845.526109980354,639.4869027858244,3144.0079355046737,1.9326762412674725e-12,9059.021307806663,8892.475296768222,42032.54383878333,2888.5582041055072
2025-08-20,69042.58026650004,43530.01882199041,73571.6707529618,6205.711899298116,840.4994204434677,4545.134527742199,54267.86393795441,33.66510472050879,4529.090486461764,0.0,8892.475296768222,8736.0218957812,43517.0175109141,6205.711899298116
2025-08-21,68581.29608237992,43427.62419095899,69544.19285401271,1443.5660999897113,101.03406718222399,535.8215878408972,45482.25662021432,0.0,962.8967716327962,0.0,8736.0218957812,8816.370879832666,43502.86893238372,1443.5660999897113
2025-08-22,39990.53224075072,23059.494781968817,40796.98182896482,1345.531010251226,202.20830794241596,976.6484488121915,25386.118052988382,16045.344188311512,806.4495882140982,0.0,8816.370879832666,8732.599806626435,23063.938593924962,1345.531010251226
2025-08-23,39687.20821808549,22753.668910388238,40597.37667730742,1340.9936928471564,0.0,0.0,24015.07760702204,14253.599344549642,910.168459221918,0.0,8732.599806626435,8806.274815278572,22674.083914174884,1340.9936928471564
2025-08-24,68180.1328446056,43822.23482089388,69518.26095605416,1689.745732995093,0.0,0.0,45510.58582651702,1481.2111475046752,1338.1281114485705,0.0,8806.274815278572,9096.486980878111,43820.840093521925,1689.745732995093
2025-08-25,77035.83088077194,47458.00836979717,75003.5973560148,700.2946001977562,5.025955491609784,19.51075921842918,48176.2326323532,344.18764566335335,81.68383318586211,2113.9173579430203,9096.486980878111,8988.745662127767,47456.42727293702,700.2946001977563
2025-08-26,68786.648743607,44268.09724276073,70051.2699138674,1492.571078202255,0.0,0.0,45779.83995064931,88.75855723134782,1264.621170260393,1.0231815394945443e-12,8988.745662127767,9461.488874264958,44287.26887244705,1492.5710782022552
2025-08-27,68917.03005921857,44173.30477247758,72058.09599534151,2818.646442596437,3.4954032303538725,24.383932934948614,46993.25586608066,597.4748493934693,3141.0659361229555,0.0,9461.488874264958,8898.707098404047,44150.225490549274,2818.6464425964373
2025-08-28,69387.69068906391,44122.00056313221,74989.10819385061,6004.248571173749,164.1114103714453,686.3634652112394,50890.118856553825,32.66682350346082,5601.417504786696,0.0,8898.707098404047,9073.56633405206,44199.50682016884,6004.248571173748
2025-08-29,41312.48346094996,24176.11741731342,41311.29623162382,0.46438475091928955,0.0,0.0,24185.253393960298,15068.136680032894,0.0,1.1872293261390503,9073.56633405206,9016.286748050079,24184.78900920938,0.46438475091928955
2025-08-30,40674.53942537161,23692.83258166461,40972.108593072655,439.88072700557393,0.0,0.0,24074.20214642031,19042.738296153995,298.1969225490591,0.6277548480034234,9016.286748050079,8762.548801565961,23634.321419414737,439.88072700557393
2025-08-31,68819.6437753017,44264.33727883431,71162.89969271114,2908.734962916724,0.0,0.0,47162.37825545649,34.012008758421416,2343.255917409451,0.0,8762.548801565961,9197.530250061609,44253.64329253977,2908.7349629167243
2025-09-01,72090.94889016767,40959.238355878326,65221.221976468005,2320.391159776417,0.0,0.0,43285.509486742376,6681.332038193235,0.0,6869.726913699655,9197.530250061609,10800.0,40965.11832696596,2320.391159776417
2025-09-02,65745.25270666301,39831.240852206254,63199.935202179375,1150.5370600544636,0.0,0.0,41032.678845893905,5504.953897099802,0.0,2545.3175044836366,10800.0,10800.0,39882.14178583944,1150.5370600544638
2025-09-03,64938.41451078182,40383.42912132172,63052.621301130755,685.646704557159,0.0,0.0,41063.35626693454,4116.834509350875,0.0,1885.7932096510633,10800.0,10778.143428439293,40377.70956237738,685.646704557159
2025-09-04,62673.66570114165,39916.07766828166,61651.30053895177,442.5144938819576,0.0,0.0,40435.09693970186,4160.593238877904,0.0,1022.3651621898814,10778.143428439293,10800.0,39992.582445819906,442.5144938819576
2025-09-05,36246.239869004785,18831.599790367487,34046.51013985209,1151.9653293388096,0.0,0.0,19996.596144511004,24189.87107599953,0.0,2199.7297291526947,10800.0,10322.585365365268,18844.630815172193,1151.9653293388096
2025-09-06,35127.13111078224,19201.781619225847,34083.24360232313,541.1153328075304,0.0,0.0,19686.14945634403,22339.007635313188,0.0,1043.887508459105,10322.585365365268,10705.475452952956,19145.034123536498,541.1153328075305
2025-09-07,55603.10377341129,35958.37759208883,59027.69669048071,3581.9101334376073,1171.1807284621423,6339.357286469937,45892.048003634896,1740.1670006537483,3424.592917069415,0.0,10705.475452952956,10419.079297626573,35970.78058372735,3581.910133437608
2025-09-08,52356.36141663344,33262.239728497996,62836.84820981555,11819.193492526849,45.295243669187926,227.34063563062492,45321.343846523705,532.1861667111955,10480.486793182115,0.0,10419.079297626573,9576.475837780767,33274.80971836623,11819.193492526849
2025-09-09,52651.39693259515,33432.05792546879,57593.12298188958,6988.423949064965,531.4561433663646,2891.7467117579517,43321.3274146579,1296.1437166666665,4941.726049294433,0.0,9576.475837780767,9483.298719868351,33441.156753834985,6988.423949064966
2025-09-10,54827.310396421635,34647.37634799599,64462.9653534345,10690.65152509923,1364.7363210414783,7091.393265331166,52418.44554204803,413.1774348177554,9635.65495701286,0.0,9483.298719868351,9712.726609705262,34636.400751617635,10690.65152509923
2025-09-11,55768.254710067136,35504.698792455194,57734.35548401186,3199.9401989304997,642.267943107847,3364.07362122185,42122.99922042435,1060.1770663774848,2063.7860070550128,97.68523311028707,9712.726609705262,9699.322944773374,35558.98540027201,3199.9401989304997
2025-09-12,32394.325772125307,18189.915246248795,32720.477363370275,502.13458351809777,0.0,0.0,18699.483983160742,17491.29956650414,326.15159124496665,0.0,9699.322944773374,9604.450064373366,18197.349399642644,502.13458351809777
2025-09-13,32999.68815587981,18538.014947065927,33129.37611279375,242.63473336193337,0.0,0.0,18713.5769285758,21172.472321747562,129.68795691393268,0.0,9604.450064373366,9837.040551761189,18470.942195213865,242.63473336193337
2025-09-14,58681.62626403443,37235.16489670331,63515.662509757734,5085.877940404207,0.0,0.0,42332.60174936003,0.0,4834.0362457233105,0.0,9837.040551761189,9492.674496624526,37246.72380895582,5085.877940404207
2025-09-15,54231.77607873389,34066.948870963344,59131.01511948734,6604.151224682417,0.0,0.0,40667.00299198956,915.3141738524118,4899.239040753441,0.0,9492.674496624526,8807.729791604594,34062.85176730715,6604.151224682417
2025-09-16,57875.233952152565,36192.0414067041,63113.22544437965,6830.98311901975,0.0,0.0,43034.73763850851,375.7239243780365,5237.991492227086,0.0,8807.729791604594,8657.2541772483,36203.75451948876,6830.983119019749
2025-09-17,57979.51067677025,36461.7761794775,64065.43772749364,7262.309092789776,0.0,0.0,43720.9435371819,136.88844284113623,6085.927050723387,0.0,8657.2541772483,8984.810463942675,36458.634444392126,7262.309092789776
2025-09-18,56888.32665230364,35842.676065537016,63018.13687967892,7067.138550229531,0.0,0.0,42964.96948251864,687.2030080922594,6129.810227375268,0.0,8984.810463942675,8595.65744188255,35897.83093228911,7067.138550229532
2025-09-19,32815.05051391748,18095.477662133126,33878.646699901015,1566.5542333856747,0.0,0.0,19668.5938318094,13445.599848654345,1063.5961859835393,0.0,8595.65744188255,9341.145280341814,18102.039598423726,1566.5542333856747
2025-09-20,32831.986751301156,18175.476821624805,33132.22823422072,604.1075126545961,0.0,0.0,18712.32368436384,13642.902075466056,392.06269498623055,91.8212120666661,9341.145280341814,9393.234516194798,18108.216171709246,604.1075126545961
2025-09-21,61961.07289673804,38088.6966945656,61922.017138753996,2794.078444657629,0.0,0.0,40891.6890413744,669.3430466991457,1851.1473484897035,1890.2031064737491,9393.234516194798,8844.267554282867,38097.61059671677,2794.078444657629
2025-09-22,61510.679312100336,37238.88226867953,63387.21213073199,5691.432004265458,206.08445615031798,926.1437963267288,43852.5923704408,260.0165530668384,3753.1399508341856,1876.6071322025273,8844.267554282867,8017.89026354401,37235.01656984861,5691.432004265458
2025-09-23,62999.42613112156,38758.94806642647,65675.2519038672,4853.7187119531445,440.5716340624491,2255.2171559767867,45868.80498347107,66.10335648592185,3227.1915879074168,551.3658151617724,8017.89026354401,8206.780405303818,38759.869115541136,4853.7187119531445
2025-09-24,59656.542245789766,37280.75711504941,64657.19416259904,6353.413641910006,0.0,0.0,43639.59606867235,0.0,5000.651916809275,0.0,8206.780405303818,8314.141458242902,37286.182426762345,6353.413641910005
2025-09-25,62995.38540901769,38480.81348204257,65241.7152498904,5757.122407391133,175.55748250969916,849.488434177224,45142.59063632018,1939.2474116299657,4102.486898607865,1856.1570577351486,8314.141458242902,8008.166889060647,38535.979794751824,5757.122407391133
2025-09-26,33548.87647164433,17801.699526253444,33373.633384315166,544.6885127367353,0.0,0.0,18355.792653349625,11857.507870344214,207.79918492742422,383.04227225658644,8008.166889060647,8337.982477773501,17811.10414061289,544.6885127367353
2025-09-27,33325.84433614723,18045.26101620349,34346.170327888016,1565.4316492621597,171.44189722696876,947.2984922222064,20491.313941262146,13404.932174867656,1020.3259917407881,0.0,8337.982477773501,8098.898278164839,17978.58379977778,1565.4316492621595
2025-09-28,67127.10720667883,41124.64941235594,68049.99209249116,3566.7031816339168,5.868333333333339,39.56136916666671,44725.62617570858,637.4617797195646,2492.906221786795,1570.0213359744657,8098.898278164839,8350.240185836452,41119.361624908,3566.7031816339168
2025-09-29,69391.33460030421,41952.45524180356,66613.41071628488,826.111008114683,140.44037806426206,935.04298403083,43706.84871487622,122.78484215715551,38.09986111851208,2816.023745137834,8350.240185836452,8365.205586340464,41945.69472273071,826.111008114683
2025-09-30,69094.85796821589,43459.49903917505,70247.07060078843,1689.990540797178,21.739757858886264,146.88467397356504,45301.858696190975,676.9140164917525,1359.1367013653385,206.92406879278974,8365.205586340464,8527.282553753554,43464.98348142023,1689.990540797178
2025-10-01,67720.047757869,40074.391382087335,63952.79326750903,1062.6074891751343,0.0,0.0,41130.8660092841,8938.547999964843,0.5918049372455698,3767.8462952972127,8527.282553753554,10367.838380781637,40068.25852010897,1062.607489175134
2025-10-02,66728.79439353038,39335.365016366544,62000.667964272616,1441.565365230755,0.0,0.0,40849.23581483596,6778.470382323011,15.888304416974279,4744.014733674729,10367.838380781637,10394.630004065693,39407.67044960521,1441.565365230755
2025-10-03,31516.874723460754,16864.987196671813,31417.0217510241,45.82711035026505,0.0,0.0,16922.16378334851,19831.264960220284,0.0,99.85297243665889,10394.630004065693,10603.464907407855,16876.336672998244,45.82711035026505
2025-10-04,32240.337260520188,17454.524401351617,32188.215140275228,24.920618658612923,0.0,0.0,17410.11839982936,15740.714019199526,0.0,52.1221202449629,10603.464907407855,10281.588314117243,17385.197781170747,24.920618658612923
2025-10-05,64367.184199400974,38845.15016193176,61429.61043019935,1001.6316637274961,0.0,0.0,39797.789608564024,3073.438433568076,176.25139584685803,3113.8251650484845,10281.588314117243,10189.196806683765,38796.15794483653,1001.6316637274962
2025-10-06,59555.94164812801,37755.268388996075,61284.619144214244,2839.5402052905606,0.0,0.0,40593.28062167396,111.47041373087234,1728.6774960862278,0.0,10189.196806683765,10093.671556942334,37753.7404163834,2839.5402052905606
2025-10-07,61633.9405163829,38714.3299360976,62846.13750599215,1539.2242507203296,0.0,0.0,40264.60147942609,992.9264105342687,1216.9438306592865,4.746841050037347,10093.671556942334,10384.56826667008,38725.377228705765,1539.2242507203296
2025-10-08,59193.81921710723,36448.1046180838,59739.59509912445,1592.0688932318444,0.0,0.0,38030.453967037305,291.9392727221626,1048.4325908459796,502.6567088287612,10384.56826667008,9524.886537831448,36438.38507380546,1592.0688932318444
2025-10-09,63631.74531985174,37376.172357071264,60014.06700463168,1729.4818300006593,0.0,0.0,39180.05829151426,216.0820735223246,450.7995022350359,4068.4778174550947,9524.886537831448,9699.711420289199,37450.5764615136,1729.481830000659
2025-10-10,31117.257965133125,16206.563010680467,31585.963507336066,777.2320562905453,0.0,0.0,16985.988821667084,18657.804623413824,471.1532350449472,2.4476928420087347,9699.711420289199,9550.388585428564,16208.756765376538,777.2320562905454
2025-10-11,32126.021699878416,16827.072560152817,32126.021699878416,0.0,0.0,0.0,16756.988833381653,14404.929347092213,0.0,0.0,9550.388585428564,9410.822647271027,16756.988833381653,0.0
2025-10-12,61773.665914588826,37862.46860965313,62268.997980343986,2198.2817709842266,20.929933333333338,98.03580773333336,40157.2398790802,152.47071524057014,1063.7987272317077,568.4666614765533,9410.822647271027,9274.620703845703,37860.92230036264,2198.2817709842266
2025-10-13,63470.289204237524,37473.90703463106,61295.583992243955,3311.2555773527674,0.0,0.0,40783.90909360352,115.05511248747223,1331.2800535855342,3505.985265579106,9274.620703845703,9583.973050864744,37472.65351625075,3311.2555773527674
2025-10-14,64023.34530640181,38795.774405437536,65002.50428149512,3604.053811214233,0.0,0.0,42414.8809260146,289.7551725899624,2884.7039190678943,1905.5449439745794,9583.973050864744,9556.957662459814,38810.82711480037,3604.0538112142326
2025-10-15,64751.53313221978,39326.71900098838,65273.37804178233,2160.5321226184747,0.0,0.0,41472.84679948932,14.057472033317026,1258.2740049058746,736.4290953433305,9556.957662459814,8946.203314031232,39312.31467687085,2160.532122618474
2025-10-16,64215.4737832083,39415.37483234664,67297.92094452314,4317.6584305819015,0.0,0.0,43802.534292459924,140.10174738312003,3082.4471613148407,0.0,8946.203314031232,9165.578271608105,39484.87586187803,4317.6584305819015
2025-10-17,30601.196980673987,15576.04435613657,31223.696122544476,1079.36564631637,12.209762499309907,47.39829802232106,16896.342566131505,12311.32344726503,622.4991418704869,0.0,9165.578271608105,8746.25246602967,15769.578621792813,1079.36564631637
2025-10-18,33024.01794140692,17077.8504635252,33176.39068702123,315.9465649971446,0.0,0.0,17187.39316395614,12755.544646483562,179.6194840323808,27.24673841807106,8746.25246602967,9221.094606255769,16871.446598958995,315.94656499714466
2025-10-19,66392.91669102813,40834.69980711835,67724.21208978597,2528.5476578504376,28.853517459771137,133.6472109083944,43438.347316015,40.81070542441262,1410.2362902333984,78.9408914755619,9221.094606255769,8910.376340110575,40776.15244725617,2528.5476578504376
2025-10-20,68918.09156758731,42559.77361199925,69230.82596635887,541.415360747908,0.0,0.0,43103.04301604126,595.2011517870812,312.7343987715704,0.0,8910.376340110575,8960.47729634432,42561.62765529335,541.415360747908
2025-10-21,68935.33643658746,42314.34311982196,71080.57270893131,2488.676697842473,9.113637870694765,45.19908701971069,44854.21589983446,264.38769583445196,2145.2362723438546,0.0,8960.47729634432,9156.498014261171,42320.34011497228,2488.676697842473
2025-10-22,66820.63779333662,40787.394636301,68675.70407012432,2198.9088120010197,868.5104788205479,4900.0318573896475,47883.073421295645,251.1865856388555,1855.066276787708,0.0,9156.498014261171,8699.213789504656,40784.13275190498,2198.9088120010197
2025-10-23,72669.11930018188,40852.83278362038,67533.8267033284,3174.112769210533,215.65886162300131,1269.1297471091689,45362.99638686764,194.0630965337499,774.319761519012,5909.61235837248,8699.213789504656,8747.959435289697,40919.75387054794,3174.112769210533
2025-10-24,31556.20878307496,15991.966060213621,32342.146002683323,1341.1072835686782,564.3004362230824,3288.7241068127532,20882.065886755292,11399.242356102213,785.937219608361,0.0,8747.959435289697,8721.275306930253,16252.234496373861,1341.1072835686782
2025-10-25,32224.504981104514,16315.158216573494,32923.05694837449,1206.6424082656104,450.3192381848432,2497.426625238132,19956.635388636158,10479.213142131162,698.5519672699772,0.0,8721.275306930253,8728.525558471789,16252.566355132418,1206.6424082656104
2025-10-26,71552.64010270132,42142.12112011242,69412.80065627725,1647.2697866615335,117.07990962717369,580.3592901358993,44095.65867690714,143.46627997625538,452.24699612613205,2592.0864425502054,8728.525558471789,8871.355660310854,41868.0296001097,1647.2697866615335
2025-10-27,68314.4900723099,41395.616271089435,68664.91558469785,2593.472713066792,169.3178365913847,865.5979330217463,44859.79470176166,1332.4995439793845,1695.1560250848186,1344.7305126968677,8871.355660310854,8780.034098876808,41400.72405567313,2593.472713066792
2025-10-28,68262.2798203367,41945.310055549955,70333.33509663856,2594.2910141849475,258.5043029841464,1570.82019889187,46107.27072465977,415.13866721176305,2071.0552763018827,0.0,8780.034098876808,8905.169794446947,41942.159511582955,2594.291014184947
2025-10-29,71413.53781476122,43876.893863652556,73701.82897120048,2906.682388417918,297.3548531260118,1828.3219617593218,48609.78070098207,517.4282177772265,2288.291156439275,0.0,8905.169794446947,8780.366500232554,43874.77635080483,2906.6823884179184
2025-10-30,68636.43643185933,41914.393641593386,69134.26244995827,2172.5147794216873,197.38731618453846,1028.6426638853554,45175.2182965649,489.69424522137524,1121.902112400797,624.0760943018435,8780.366500232554,8731.569656113377,41974.060853257855,2172.5147794216873
2025-10-31,32969.16614091126,17033.980824774066,33446.89381004051,791.6371726406257,261.29331117351694,1446.938757207467,19543.59521973269,6563.17988348101,477.7276691292476,0.0,8731.569656113377,8911.15171991923,17305.0192898846,791.6371726406255
2025-11-01,32991.660677606546,16967.813764623177,33736.04545855433,1232.507826360703,0.0,0.0,18141.48896362449,7564.27899995143,744.384780947786,0.0,8911.15171991923,8972.321704194139,16908.98113726379,1232.507826360703
2025-11-02,72584.58964114933,44821.66289653757,74458.24697820771,2109.4966750180947,227.66972674597355,1509.44260882316,48167.9694442538,1014.6975791904699,1912.4928430319737,38.83550597358294,8972.321704194139,8967.591992234118,44549.03016041254,2109.4966750180947
2025-11-03,74715.04513507066,45907.87848060548,74529.17970757573,592.816906888033,0.0,0.0,46502.62222731728,864.9952234614021,253.74317683135178,439.6086043262786,8967.591992234118,9053.451964102434,45909.80532042925,592.8169068880331
2025-11-04,73179.35921076994,44560.33333834726,72080.53779295115,680.7519339890321,423.45715256785803,2731.7172278256776,47971.80057914314,849.172424301975,182.33364083114543,1281.1550586499316,9053.451964102434,8999.89696616928,44559.33141732843,680.7519339890321
2025-11-05,76256.67981202659,46221.799023862775,74744.69020656984,809.814010032562,0.0,0.0,47028.96139453749,684.1167166302831,174.8239593322029,1686.8135647889621,8999.89696616928,9054.741753094288,46219.147384504926,809.814010032562
2025-11-06,74182.27355808184,45953.479927022956,75801.83474222751,1826.474105130715,205.54219610734415,966.2155730583182,48804.40021595268,545.4571971546588,1619.5611841456766,0.0,9054.741753094288,8820.556950243898,46011.71053776365,1826.4741051307153
2025-11-07,34449.09164507798,17871.399042042543,34838.430118361895,690.8782039788648,0.0,0.0,18576.240473051177,7327.186942628099,389.3384732839196,0.0,8820.556950243898,9256.030055280446,17885.362269072313,690.8782039788648
2025-11-08,34322.774821889434,17833.452891375287,34484.27867644839,269.58244628264015,0.0,0.0,18037.326754960468,6965.746013261661,161.50385455895469,0.0,9256.030055280446,9211.424686356459,17767.74430867783,269.58244628264015
2025-11-09,75438.59092512308,46967.392222705035,75874.59435934908,835.0232237231469,22.161578150870966,90.69858472054312,47891.47424257906,349.96664465843753,436.00343422599997,0.0,9211.424686356459,9136.516427194441,46965.75243413537,835.0232237231469
2025-11-10,76314.99273227208,47525.7327817263,78273.1215199141,2415.5028111767497,101.59853566596483,434.14845787532647,50369.25365436709,143.5245429840645,1958.128787642027,0.0,9136.516427194441,9157.39165182114,47519.60238531501,2415.5028111767497
2025-11-11,77583.10760829155,47906.81356103864,76664.25979719893,493.6927419896984,0.0,0.0,48402.3752614346,1057.3702985049554,109.18657843805414,1028.0343895306712,9157.39165182114,9093.344883711354,47908.682519444905,493.6927419896984
2025-11-12,76865.36324738743,47332.07093498639,76229.51160873182,956.1528681610375,0.0,0.0,48292.10119013488,801.7875204687681,478.13200085420704,1113.9836395098116,9093.344883711354,9249.093661322462,47335.94832197385,956.1528681610374
2025-11-13,75161.47235611803,47038.621491311824,76584.9262493786,2312.1422863852968,0.0,0.0,49410.89566644555,101.16541583588025,1423.45389326057,0.0,9249.093661322462,9222.524394939319,47098.75338006025,2312.1422863852968
2025-11-14,35235.889976865576,18595.33371854886,35428.934818520895,339.6751671335345,0.0,0.0,18936.884903818627,3938.009158999463,193.0448416553233,0.0,9222.524394939319,9373.031527672858,18597.209736685094,339.67516713353456
2025-11-15,35225.6403308131,18510.54920728742,35293.71070324718,183.94806906850954,0.0,0.0,18634.36781892291,3310.2888621799066,105.93705926412355,37.866686830025415,9373.031527672858,9238.118192706304,18450.4197498544,183.94806906850954
2025-11-16,77367.71932022597,48399.51986550039,79144.88180588154,2171.4814729508207,0.0,0.0,50569.70879613287,411.8485601466914,1777.1624856555686,0.0,9238.118192706304,9161.027956534233,48398.22732318205,2171.4814729508207
2025-11-17,76609.0934731801,47986.533184674285,77987.13408695241,1512.2671109137118,0.0,0.0,49498.48980555996,720.6645722870475,1378.040613772319,0.0,9161.027956534233,9377.444339996922,47986.22269464625,1512.2671109137118
2025-11-18,77583.8777105053,48552.0510738109,79393.59478092498,2226.100827806765,0.0,0.0,50770.255222369255,124.63167851364403,1809.7170704196758,0.0,9377.444339996922,9312.707049434057,48544.15439456249,2226.100827806765
2025-11-19,77746.6135506023,48462.20250951304,80051.3716655113,3398.1718819116913,0.0,0.0,51871.02219897228,673.8851849450025,2696.775026667643,392.01691175864516,9312.707049434057,9078.76006196487,48472.85031706058,3398.1718819116913
2025-11-20,78078.43120895742,48854.31590559863,79402.80637720133,1673.8256540099956,0.0,0.0,50593.429239005374,64.25102656688489,1324.3751682438965,0.0,9078.76006196487,9155.725655064036,48919.60358499538,1673.8256540099958
2025-11-21,35515.41851023083,18784.157357553453,36253.657003118315,853.8670117707109,0.0,0.0,19632.490045325536,3416.418698051473,738.238492887481,0.0,9155.725655064036,9349.035018163855,18778.623033554824,853.8670117707109
2025-11-22,35892.087965796294,18880.108184095217,35943.71552435807,141.70103370078675,15.726696906157429,61.05103738970313,19025.217053599987,2226.130980581871,77.28355972853967,25.656001166760007,9349.035018163855,9052.705730823556,18822.4649825095,141.70103370078675
2025-11-23,79480.8964815884,49647.56326663813,80356.04145678651,1732.3111318987872,0.0,0.0,51374.14973062233,587.0893490419578,1248.578632207655,373.4336570095513,9052.705730823556,9180.870851687436,49641.838598723545,1732.311131898787
2025-11-24,78705.8845606297,49141.61395355442,78370.2322067357,182.4492181906829,76.77901857579275,407.0828118132487,49744.34865048927,126.55673650250606,40.030411975984066,375.68276586998104,9180.870851687436,8941.836841287468,49154.81662048534,182.44921819068287
2025-11-25,83420.99600987013,51120.04977678757,81296.76375977894,721.0946397553236,0.0,0.0,51830.51482794264,419.3182402627281,0.0,2124.2322500911814,8941.836841287468,9165.103561951371,51109.420188187316,721.0946397553237
2025-11-26,81580.98344119228,51138.11076891316,81911.98731306248,554.412395330486,3.8154456454141155,17.871547403119717,51712.36285380115,425.9314200170172,406.01989812551165,75.01602625530859,9165.103561951371,9327.37496464085,51140.07891106754,554.412395330486
2025-11-27,80600.19017492278,50593.1600539497,80586.67883512912,347.6357900582206,0.0,0.0,51013.719488857314,372.9825524486419,213.25700702893675,226.7683468225964,9327.37496464085,9265.04399627879,50666.08369879909,347.63579005822066
2025-11-28,35958.43150160854,18997.653026682157,36136.69238362572,311.1354530419411,10.63757673167845,65.02750656075037,19369.388791776866,1429.123652425005,178.26088201717852,0.0,9265.04399627879,9213.154502346113,18993.225832174176,311.1354530419411
2025-11-29,38997.3745344412,20254.96255587699,38781.806767781105,58.02084045130437,0.0,0.0,20251.469070513645,347.92976049225143,8.20400364390919,223.7717703040073,9213.154502346113,9053.992668338675,20193.448230062342,58.02084045130437
2025-11-30,82749.08105783988,52035.508275134154,84940.03501542236,2552.410506530353,0.0,0.0,54571.34662146291,19.40330997134322,2190.953957582481,0.0,9053.992668338675,9008.32380788531,52018.936114932556,2552.410506530353
2025-12-01,84597.39155988873,53494.81950114315,94993.47316834802,13868.081504223876,0.0,0.0,67383.1707955415,2993.718211063836,10396.081608459306,0.0,9008.32380788531,10121.155645240242,53515.089291317636,13868.081504223874
2025-12-02,86042.65361655178,54676.456052098496,95732.13023220847,13000.264938818214,0.0,0.0,67665.04953336647,2423.422245524387,9689.4766156567,0.0,10121.155645240242,9938.959266208827,54664.784594548255,13000.264938818214
2025-12-03,83713.4825592296,53252.76303628011,94437.64298909757,13453.698506681138,0.0,0.0,66696.18375020372,2597.5913776217117,10724.160429867961,0.0,9938.959266208827,10074.308760611322,53242.48524352259,13453.698506681136
2025-12-04,87820.94259661587,56404.917738293356,94421.00902206014,9116.892680106528,0.0,0.0,65603.90783080772,2868.2980286972133,6600.066425444271,0.0,10074.308760611322,10152.864680707713,56487.01515070118,9116.89268010653
2025-12-05,40556.267828160875,21552.171816766793,46268.355070277226,5911.3884507271305,262.9627883197761,1305.9120627903842,28762.189142107207,1242.768143733234,5712.087242116355,0.0,10152.864680707713,10240.290417639893,21544.888628589695,5911.3884507271305
2025-12-06,43091.79271800975,22895.98071080267,48901.37208699182,6059.337435537236,0.0,0.0,28885.352578326056,1304.5714866388391,5809.579368982078,0.0,10240.290417639893,10268.941529233682,22826.01514278882,6059.337435537236
2025-12-07,94523.83372266352,60955.32390835674,94979.32149551089,2080.527940519285,0.0,0.0,63015.33278716378,2875.88301587025,1295.719966541139,840.2321936937797,10268.941529233682,10185.99984232969,60934.804846644496,2080.5279405192846
2025-12-08,97770.97655775497,61791.092736873194,94897.76229096341,919.5290640971607,0.0,0.0,62719.532928324596,2559.9539059704985,0.0,2873.214266791576,10185.99984232969,10310.156985134683,61800.00386422744,919.5290640971607
2025-12-09,97244.98872672589,60986.05047653032,94146.20223357176,1133.5954220736326,9.194815371522054,53.40808508548585,62180.8567429779,2364.802147485516,0.0,3098.7864931541353,10310.156985134683,10085.920786625404,60993.85323581878,1133.5954220736326
2025-12-10,95049.7266550289,61339.73677611928,94863.70654720311,277.7969156168389,0.0,0.0,61600.942880950104,1919.2620719702295,88.31232660161643,274.3324344274191,10085.920786625404,10068.757005065607,61323.145965333264,277.7969156168389
2025-12-11,95910.68084246534,59201.26183415179,91889.20894567922,1589.5184006422296,0.0,0.0,60881.96808467177,1450.3131703675003,0.0,4021.4718967861336,10068.757005065607,9996.40578907054,59292.44968402954,1589.5184006422296
2025-12-12,46068.765894480086,24329.459212861115,47610.69279250098,1391.7852283726752,0.0,0.0,25711.00810494683,181.82985865570916,1541.9268980208954,0.0,9996.40578907054,9762.42943667739,24319.222876574157,1391.7852283726754
2025-12-13,46770.81823713637,24632.28224506026,48069.11216835625,1254.72935578494,27.413124465714645,129.80635983298168,25950.302686442155,206.4158278181826,1298.2939312198775,0.0,9762.42943667739,9870.553915514529,24565.766970824232,1254.7293557849398
2025-12-14,92779.60179660708,59891.96203969423,93646.17314456243,962.9681246773898,62.72076184686159,285.08620724600735,61134.389772045535,316.73471648930325,866.5713479553542,0.0,9870.553915514529,9792.786127027122,59886.33544012214,962.9681246773899
2025-12-15,94970.97828687789,60997.061564449265,94705.35504941564,144.7178405421565,0.0,0.0,61140.29508841632,717.771122258114,0.0,265.62323746222694,9792.786127027122,9656.207297660694,60995.577247874164,144.7178405421565
2025-12-16,97058.81162111163,61389.15713040202,95116.40404309427,777.5414531756774,0.0,0.0,62180.41250895084,1272.158999890771,0.0,1942.4075780173698,9656.207297660694,9620.190664255413,61402.87105577516,777.5414531756774
2025-12-17,96783.57479958332,59956.198643473515,93332.50369409253,1226.9616212818153,0.0,0.0,61166.07271223622,666.2517891953312,0.0,3451.0711054908033,9620.190664255413,9484.786972993352,59939.11109095441,1226.961621281815
2025-12-18,94446.47668240202,60149.518883924364,93223.13571818221,512.1983746453876,0.0,0.0,60752.29580759676,1142.069487309816,54.146130856096306,1277.4870950758907,9484.786972993352,9585.803443203926,60240.09743295138,512.1983746453876
2025-12-19,46471.432524977645,24364.21425960365,46516.179911993284,399.5338396390458,0.0,0.0,24743.773817029058,261.20606451434946,193.47731600836636,148.7299289927215,9585.803443203926,9045.638922771714,24344.23997739001,399.5338396390458
2025-12-20,47720.81130303049,24548.21716112632,47339.54014270242,580.8581186691904,0.0,0.0,25070.426333298772,313.2850060393308,225.5995706250666,606.8707309531369,9045.638922771714,9202.786991303585,24489.56821462958,580.8581186691904
2025-12-21,94435.96761326549,60451.92834212762,94216.90313201582,178.59932399948497,0.0,0.0,60626.11995635125,385.9545500009534,95.57392986087825,314.6384111105464,9202.786991303585,9309.407047017463,60447.52063235176,178.59932399948497
2025-12-22,95457.27838609616,59916.244923022845,93687.02719802219,878.5454292734117,385.4633046688983,2455.278861108797,63253.0986194847,797.201663939217,94.61013072403773,1864.8613187980172,9309.407047017463,9091.025614376178,59919.27432910249,878.5454292734117
2025-12-23,96392.66997971122,58545.35213942631,92697.40870899384,3108.142806057781,40.09773666963292,279.7218110073593,61939.2982073943,950.3716507289125,729.3564346445168,4424.617705361907,9091.025614376178,9040.852195208063,58551.43359032916,3108.142806057781
2025-12-24,95030.29730630823,59053.406512287766,93110.2525432081,1774.5417171997888,330.40836880336497,2304.085300055394,63124.85569749171,922.9681745457817,471.3868836430818,2391.431646743209,9040.852195208063,9059.618760761645,59046.22868023653,1774.5417171997888
2025-12-25,93042.97174659779,58931.132097725465,92799.05149612788,695.3870810864644,322.5851758823313,2088.907025666687,61797.37444188961,675.5429612346467,287.02798630713994,530.9482367770287,9059.618760761645,9064.058220044593,59013.08033513646,695.3870810864644
2025-12-26,46474.71156226109,24050.868517462888,47313.283043805684,1555.100389531988,0.0,0.0,25589.906961767698,404.67882954562793,849.460799513071,10.889317968479645,9064.058220044593,9074.36434197721,24034.80657223571,1555.100389531988
2025-12-27,47002.9827985868,24096.949856722196,47512.86294895223,1412.3992307186927,88.5732855631552,579.6471342409686,26033.488108541613,474.905743788905,741.6878057447661,231.80765537933854,9074.36434197721,8991.239036574118,24041.441743581952,1412.3992307186927
2025-12-28,92748.2068116758,58236.5251255435,91874.63683400232,990.7939175864702,169.2618440709554,796.70210809659,60019.66241207011,508.78041948560957,296.17269737108546,1169.7426750445643,8991.239036574118,9117.842019969667,58232.16638638705,990.7939175864702
2025-12-29,91526.61671419191,57914.82141421438,91757.9184235087,610.5110759422266,377.9663981959627,2136.4352263275387,60668.10527977093,329.13884186227585,322.7558851091938,91.45417579240848,9117.842019969667,8837.212913890979,57921.15897750117,610.5110759422266
2025-12-30,91958.50852813042,57838.47769741474,91411.04945706291,638.4229727078038,207.87561875905578,1082.5828920395822,59555.21251620799,636.186336241045,237.02552366271163,784.4845947302076,8837.212913890979,8880.813425290595,57834.206651460605,638.4229727078038
2025-12-31,92369.06790102698,58342.62410981029,93193.43671187766,1964.3459463373488,515.7753988000408,3091.865047569956,63396.742661093755,386.5341354719351,1001.4503243037464,177.08151345306476,8880.813425290595,8914.93218925726,58340.53166718645,1964.345946337349
