date,soc_start_kwh
2025-02-01,9284.9109
2025-02-02,9223.0891
2025-02-03,9290.6764
2025-02-04,9154.6769
2025-02-05,9043.7995
2025-02-06,9053.0690
2025-02-07,8996.0145
2025-02-08,9028.4587
2025-02-09,9149.4567
2025-02-10,8962.4984
2025-02-11,8883.8703
2025-02-12,8966.3139
2025-02-13,8987.5226
2025-02-14,9028.5729
2025-02-15,9046.2406
2025-02-16,8926.1896
2025-02-17,8949.8482
2025-02-18,8949.3645
2025-02-19,9203.7257
2025-02-20,8806.1886
2025-02-21,9110.2422
2025-02-22,9191.7886
2025-02-23,9310.4016
2025-02-24,9011.1126
2025-02-25,9107.1570
2025-02-26,9075.9249
2025-02-27,9397.1156
2025-02-28,9161.9959
2025-03-01,9332.8801
2025-03-02,9059.0348
2025-03-03,9017.7801
2025-03-04,9021.5304
2025-03-05,8880.4013
2025-03-06,9036.0798
2025-03-07,8837.2851
2025-03-08,9030.8294
2025-03-09,9249.3042
2025-03-10,9046.0705
2025-03-11,9012.5628
2025-03-12,9176.4476
2025-03-13,8963.6923
2025-03-14,8952.9495
2025-03-15,9318.8420
2025-03-16,8959.6928
2025-03-17,9633.1155
2025-03-18,9701.5479
2025-03-19,9470.6031
2025-03-20,9630.0966
2025-03-21,9462.9911
2025-03-22,9327.3030
2025-03-23,9840.2866
2025-03-24,9607.7377
2025-03-25,9829.1629
2025-03-26,9521.8993
2025-03-27,9705.8224
2025-03-28,9721.1252
2025-03-29,9709.5549
2025-03-30,9744.6092
2025-03-31,9849.8006
2025-04-01,9934.1801
2025-04-02,9660.1613
2025-04-03,9587.4027
2025-04-04,9652.4024
2025-04-05,9618.5724
2025-04-06,9634.8792
2025-04-07,9364.3037
2025-04-08,9353.5235
2025-04-09,9142.4138
2025-04-10,9192.4125
2025-04-11,9336.6913
2025-04-12,9283.7118
2025-04-13,9305.0575
2025-04-14,9244.4264
2025-04-15,9210.1970
2025-04-16,9257.2432
2025-04-17,9198.7660
2025-04-18,9337.7056
2025-04-19,9494.0572
2025-04-20,9392.7368
2025-04-21,9465.8445
2025-04-22,9081.9360
2025-04-23,9282.2506
2025-04-24,9556.4245
2025-04-25,9218.3864
2025-04-26,9058.8008
2025-04-27,9034.3269
2025-04-28,9120.0044
2025-04-29,9249.2317
2025-04-30,9369.4821
2025-05-01,9239.3793
2025-05-02,8302.8998
2025-05-03,8552.8740
2025-05-04,8781.9701
2025-05-05,8656.4538
2025-05-06,8731.4771
2025-05-07,8559.0202
2025-05-08,8785.7169
2025-05-09,8956.4099
2025-05-10,9227.4507
2025-05-11,8771.8951
2025-05-12,8936.0783
2025-05-13,9204.4896
2025-05-14,9237.4003
2025-05-15,8938.7852
2025-05-16,10025.3277
2025-05-17,9522.3596
2025-05-18,9538.0366
2025-05-19,9997.3081
2025-05-20,9512.1879
2025-05-21,9272.7860
2025-05-22,9406.7733
2025-05-23,10680.7257
2025-05-24,10492.5483
2025-05-25,10423.7256
2025-05-26,10261.9204
2025-05-27,10083.6776
2025-05-28,10028.4228
2025-05-29,10323.5457
2025-05-30,10164.7405
2025-05-31,10536.4436
2025-06-01,10651.0760
2025-06-02,8015.7488
2025-06-03,7880.5053
2025-06-04,8161.8455
2025-06-05,8225.6137
2025-06-06,8074.3225
2025-06-07,8264.1113
2025-06-08,8480.2694
2025-06-09,9152.7518
2025-06-10,9325.1171
2025-06-11,9326.9212
2025-06-12,8990.7240
2025-06-13,9019.1567
2025-06-14,8901.2243
2025-06-15,8695.5591
2025-06-16,9916.0231
2025-06-17,9861.8241
2025-06-18,9199.4422
2025-06-19,9462.6832
2025-06-20,9614.6267
2025-06-21,9478.6421
2025-06-22,10051.6982
2025-06-23,10217.8884
2025-06-24,10003.6198
2025-06-25,10282.7078
2025-06-26,9950.8805
2025-06-27,9791.4309
2025-06-28,10037.0399
2025-06-29,10340.9559
2025-06-30,10202.2053
2025-07-01,9832.3159
2025-07-02,8832.3448
2025-07-03,8525.6239
2025-07-04,8299.7855
2025-07-05,8615.7680
2025-07-06,8919.3261
2025-07-07,8742.1873
2025-07-08,9007.5475
2025-07-09,9963.1543
2025-07-10,9826.7558
2025-07-11,9702.4071
2025-07-12,9312.7256
2025-07-13,8767.5062
2025-07-14,9000.3536
2025-07-15,8974.5707
2025-07-16,9534.2540
2025-07-17,9971.0214
2025-07-18,9377.2351
2025-07-19,9386.2070
2025-07-20,8938.5309
2025-07-21,9229.8141
2025-07-22,9177.1766
2025-07-23,9871.9381
2025-07-24,9577.4085
2025-07-25,10146.2516
2025-07-26,9555.8974
2025-07-27,9350.8087
2025-07-28,9582.8944
2025-07-29,9245.4141
2025-07-30,9181.4058
2025-07-31,9523.1130
2025-08-01,9248.3760
2025-08-02,9658.9523
2025-08-03,9401.1068
2025-08-04,8659.4131
2025-08-05,9421.7124
2025-08-06,8874.3446
2025-08-07,8911.5895
2025-08-08,8966.6452
2025-08-09,9081.6457
2025-08-10,8811.9721
2025-08-11,8993.5926
2025-08-12,8726.5995
2025-08-13,8775.4377
2025-08-14,9135.5030
2025-08-15,8840.9504
2025-08-16,8892.8415
2025-08-17,8776.1092
2025-08-18,8896.1921
2025-08-19,9059.0213
2025-08-20,8892.4753
2025-08-21,8736.0219
2025-08-22,8816.3709
2025-08-23,8732.5998
2025-08-24,8806.2748
2025-08-25,9096.4870
2025-08-26,8988.7457
2025-08-27,9461.4889
2025-08-28,8898.7071
2025-08-29,9073.5663
2025-08-30,9016.2867
2025-08-31,8762.5488
2025-09-01,9197.5303
2025-09-02,10800.0000
2025-09-03,10800.0000
2025-09-04,10778.1434
2025-09-05,10800.0000
2025-09-06,10322.5854
2025-09-07,10705.4755
2025-09-08,10419.0793
2025-09-09,9576.4758
2025-09-10,9483.2987
2025-09-11,9712.7266
2025-09-12,9699.3229
2025-09-13,9604.4501
2025-09-14,9837.0406
2025-09-15,9492.6745
2025-09-16,8807.7298
2025-09-17,8657.2542
2025-09-18,8984.8105
2025-09-19,8595.6574
2025-09-20,9341.1453
2025-09-21,9393.2345
2025-09-22,8844.2676
2025-09-23,8017.8903
2025-09-24,8206.7804
2025-09-25,8314.1415
2025-09-26,8008.1669
2025-09-27,8337.9825
2025-09-28,8098.8983
2025-09-29,8350.2402
2025-09-30,8365.2056
2025-10-01,8527.2826
2025-10-02,10367.8384
2025-10-03,10394.6300
2025-10-04,10603.4649
2025-10-05,10281.5883
2025-10-06,10189.1968
2025-10-07,10093.6716
2025-10-08,10384.5683
2025-10-09,9524.8865
2025-10-10,9699.7114
2025-10-11,9550.3886
2025-10-12,9410.8226
2025-10-13,9274.6207
2025-10-14,9583.9731
2025-10-15,9556.9577
2025-10-16,8946.2033
2025-10-17,9165.5783
2025-10-18,8746.2525
2025-10-19,9221.0946
2025-10-20,8910.3763
2025-10-21,8960.4773
2025-10-22,9156.4980
2025-10-23,8699.2138
2025-10-24,8747.9594
2025-10-25,8721.2753
2025-10-26,8728.5256
2025-10-27,8871.3557
2025-10-28,8780.0341
2025-10-29,8905.1698
2025-10-30,8780.3665
2025-10-31,8731.5697
2025-11-01,8911.1517
2025-11-02,8972.3217
2025-11-03,8967.5920
2025-11-04,9053.4520
2025-11-05,8999.8970
2025-11-06,9054.7418
2025-11-07,8820.5570
2025-11-08,9256.0301
2025-11-09,9211.4247
2025-11-10,9136.5164
2025-11-11,9157.3917
2025-11-12,9093.3449
2025-11-13,9249.0937
2025-11-14,9222.5244
2025-11-15,9373.0315
2025-11-16,9238.1182
2025-11-17,9161.0280
2025-11-18,9377.4443
2025-11-19,9312.7070
2025-11-20,9078.7601
2025-11-21,9155.7257
2025-11-22,9349.0350
2025-11-23,9052.7057
2025-11-24,9180.8709
2025-11-25,8941.8368
2025-11-26,9165.1036
2025-11-27,9327.3750
2025-11-28,9265.0440
2025-11-29,9213.1545
2025-11-30,9053.9927
2025-12-01,9008.3238
2025-12-02,10121.1556
2025-12-03,9938.9593
2025-12-04,10074.3088
2025-12-05,10152.8647
2025-12-06,10240.2904
2025-12-07,10268.9415
2025-12-08,10185.9998
2025-12-09,10310.1570
2025-12-10,10085.9208
2025-12-11,10068.7570
2025-12-12,9996.4058
2025-12-13,9762.4294
2025-12-14,9870.5539
2025-12-15,9792.7861
2025-12-16,9656.2073
2025-12-17,9620.1907
2025-12-18,9484.7870
2025-12-19,9585.8034
2025-12-20,9045.6389
2025-12-21,9202.7870
2025-12-22,9309.4070
2025-12-23,9091.0256
2025-12-24,9040.8522
2025-12-25,9059.6188
2025-12-26,9064.0582
2025-12-27,9074.3643
2025-12-28,8991.2390
2025-12-29,9117.8420
2025-12-30,8837.2129
2025-12-31,8880.8134
