date,t_template,time_start,price_yuan_per_kwh,plan_kwh,final_contract_kwh,natural_plan_kwh,natural_final_kwh,emergency_kwh,charge_kwh,discharge_kwh,curtail_kwh,soc_end_kwh
2025-03-20,0,0:10,0.4248,576.9353742124147,576.9353742124147,1375.0338709735588,1375.0338709735588,0.0,806.6155376402255,0.0,0.0,10356.050558513314
2025-03-20,1,0:20,0.4245,567.2755215448693,567.2755215448693,576.9353742124147,576.9353742124147,0.0,27.09055754574797,0.0,0.0,10380.432060304487
2025-03-20,2,0:30,0.4269,565.2789107330656,565.2789107330656,567.2755215448693,567.2755215448693,0.0,0.0,3.0379784551306557,0.0,10377.056528687675
2025-03-20,3,0:40,0.4272,573.4980307458135,573.4980307458135,565.2789107330656,565.2789107330656,0.0,0.0,48.572755933601115,0.0,10323.086799872563
2025-03-20,4,0:50,0.4271,589.1519158324737,589.1519158324737,573.4980307458135,573.4980307458135,0.0,0.0,5.958135920853124,0.0,10316.466648849393
2025-03-20,5,1:00,0.4285,575.45083797027,575.45083797027,589.1519158324737,589.1519158324737,0.0,38.70699916580713,0.0,0.0,10351.302948098619
2025-03-20,6,1:10,0.4311,576.7460737541456,576.7460737541456,575.45083797027,575.45083797027,0.0,4.294171303603321,0.0,0.0,10355.167702271861
2025-03-20,7,1:20,0.4302,583.3655731992249,583.3655731992249,576.7460737541456,576.7460737541456,0.0,0.0,24.842976245854288,0.0,10327.564395332023
2025-03-20,8,1:30,0.4279,567.0075679008397,567.0075679008397,583.3655731992249,583.3655731992249,0.0,0.0,28.11817680077513,0.0,10296.321976664496
2025-03-20,9,1:40,0.4312,562.8329133379085,562.8329133379085,567.0075679008397,567.0075679008397,0.0,0.0,31.20909876582698,0.0,10261.64520025802
2025-03-20,10,1:50,0.4333,580.1602352105591,580.1602352105591,562.8329133379085,562.8329133379085,0.0,0.0,21.103036662091426,0.0,10238.197381744585
2025-03-20,11,2:00,0.4311,577.2778618447337,577.2778618447337,580.1602352105591,580.1602352105591,0.0,0.0,10.834814789440884,0.0,10226.158698645206
2025-03-20,12,2:10,0.4293,572.1245088600097,572.1245088600097,577.2778618447337,577.2778618447337,0.0,0.0,21.165471488599565,0.0,10202.641508102317
2025-03-20,13,2:20,0.4324,565.379217980729,565.379217980729,572.1245088600097,572.1245088600097,0.0,6.1408921933430065,0.0,0.0,10208.168311076326
2025-03-20,14,2:30,0.4367,575.3644749567716,575.3644749567716,565.379217980729,565.379217980729,0.0,19.258451314062313,0.0,0.0,10225.500917258982
2025-03-20,15,2:40,0.4348,585.4099447111854,585.4099447111854,575.3644749567716,575.3644749567716,0.0,9.651141623438207,0.0,0.0,10234.186944720075
2025-03-20,16,2:50,0.4335,580.1103473077876,580.1103473077876,585.4099447111854,585.4099447111854,0.0,0.0,12.516621955481241,0.0,10220.279586991763
2025-03-20,17,3:00,0.4357,574.9584264873492,574.9584264873492,580.1103473077876,580.1103473077876,0.0,0.0,20.84411935887897,0.0,10197.119454370786
2025-03-20,18,3:10,0.4374,569.4500663356332,569.4500663356332,574.9584264873492,574.9584264873492,0.0,0.0,12.173240179317418,0.0,10183.593631949323
2025-03-20,19,3:20,0.4371,566.7054988067454,566.7054988067454,569.4500663356332,569.4500663356332,0.0,0.0,35.76023366436675,0.0,10143.860038988916
2025-03-20,20,3:30,0.4356,576.7527856033612,576.7527856033612,566.7054988067454,566.7054988067454,0.0,0.0,55.18688452658796,0.0,10082.541278403818
2025-03-20,21,3:40,0.4353,599.1221863874349,599.1221863874349,576.7527856033612,576.7527856033612,0.0,0.0,43.415547729972104,0.0,10034.301780926071
2025-03-20,22,3:50,0.4360,589.7406043719539,589.7406043719539,599.1221863874349,599.1221863874349,0.0,0.0,17.500896945898376,0.0,10014.856339875072
2025-03-20,23,4:00,0.4378,569.7490784666352,569.7490784666352,589.7406043719539,589.7406043719539,0.0,0.0,22.72314562804604,0.0,9989.608400288354
2025-03-20,24,4:10,0.4401,593.8523917591549,593.8523917591549,569.7490784666352,569.7490784666352,0.0,0.0,34.18092153336477,0.0,9951.629598584615
2025-03-20,25,4:20,0.4389,600.8037797256649,600.8037797256649,593.8523917591549,593.8523917591549,0.0,4.057758425821589,0.0,0.0,9955.281581167856
2025-03-20,26,4:30,0.4364,586.8889094781582,586.8889094781582,600.8037797256649,600.8037797256649,0.0,19.339729725664938,0.0,0.0,9972.687337920954
2025-03-20,27,4:40,0.4393,593.7614086294415,593.7614086294415,586.8889094781582,586.8889094781582,0.0,1.3039094781581753,0.0,0.0,9973.860856451296
2025-03-20,28,4:50,0.4422,586.4464875728546,586.4464875728546,593.7614086294415,593.7614086294415,0.0,0.0,5.963724703891899,0.0,9967.234495669194
2025-03-20,29,5:00,0.4395,584.8328125393848,584.8328125393848,586.4464875728546,586.4464875728546,0.0,0.0,30.292829093811974,0.0,9933.57579667607
2025-03-20,30,5:10,0.4333,604.2399039963306,604.2399039963306,584.8328125393848,584.8328125393848,0.0,0.0,40.76218746061522,0.0,9888.284477275387
2025-03-20,31,5:20,0.4439,593.9485398250058,593.9485398250058,604.2399039963306,604.2399039963306,0.0,0.0,15.194012670336065,0.0,9871.402240975014
2025-03-20,32,5:30,0.4301,604.8144856473442,604.8144856473442,593.9485398250058,593.9485398250058,0.0,0.0,23.89586017499414,0.0,9844.85128522502
2025-03-20,33,5:40,0.3713,1386.6513546640908,1386.6513546640908,604.8144856473442,604.8144856473442,0.0,0.0,2.300514352655796,0.0,9842.295158166515
2025-03-20,34,5:50,0.5708,670.1690831421947,670.1690831421947,1386.6513546640908,1386.6513546640908,0.0,811.2212879974242,0.0,0.0,10572.394317364196
2025-03-20,35,6:00,0.9099,-0.0,24.659066948375425,670.1690831421947,670.1690831421947,0.0,0.0,1.2940335244718426,0.0,10570.956502337005
2025-03-20,36,6:10,0.9368,0.0,0.0,-0.0,24.659066948375425,0.0,0.0,802.3559330516246,0.0,9679.449910057423
2025-03-20,37,6:20,0.8758,0.0,0.0,0.0,0.0,0.0,0.0,791.9499333333334,0.0,8799.505539687052
2025-03-20,38,6:30,0.8759,0.0,0.0,0.0,0.0,0.0,0.0,709.9633166666667,0.0,8010.657410057423
2025-03-20,39,6:40,0.8601,0.0,0.0,0.0,0.0,0.0,0.0,671.3708333333333,0.0,7264.68981746483
2025-03-20,40,6:50,0.8442,-0.0,0.0,0.0,0.0,0.0,0.0,629.0448666666667,0.0,6565.751076724089
2025-03-20,41,7:00,0.8334,-0.0,0.0,-0.0,0.0,0.0,0.0,586.1559166666666,0.0,5914.466724872237
2025-03-20,42,7:10,0.8092,-0.0,337.02682591836026,-0.0,0.0,0.0,0.0,531.1820833333334,0.0,5324.2644100574225
2025-03-20,43,7:20,0.7972,350.6146536201815,391.8962219857644,-0.0,337.02682591836026,0.0,0.0,109.54867408163977,0.0,5202.543661077822
2025-03-20,44,7:30,0.7644,324.1917452499898,351.0326918549783,350.6146536201815,391.8962219857644,0.0,0.0,9.345394680902189,0.0,5192.159889210154
2025-03-20,45,7:40,0.6899,287.46439289427803,305.80728898320126,324.1917452499898,351.0326918549783,0.0,0.0,18.54439147835501,0.0,5171.555009789759
2025-03-20,46,7:50,0.8600,0.0,0.0,287.46439289427803,305.80728898320126,0.0,25.117088983201256,0.0,0.0,5194.160389874641
2025-03-20,47,8:00,1.1617,0.0,0.0,0.0,0.0,0.0,0.0,334.5780666666667,0.0,4822.406982467233
2025-03-20,48,8:10,1.1683,0.0,0.0,0.0,0.0,0.0,0.0,488.1795833333334,0.0,4279.985223207974
2025-03-20,49,8:20,1.0956,0.0,0.0,0.0,0.0,0.0,0.0,482.8038499999999,0.0,3743.536500985752
2025-03-20,50,8:30,1.0849,0.0,0.0,0.0,0.0,0.0,0.0,438.3713999999999,0.0,3256.457167652419
2025-03-20,51,8:40,1.0610,0.0,0.0,0.0,0.0,0.0,0.0,411.15750000000014,0.0,2799.615500985752
2025-03-20,52,8:50,1.0430,0.0,0.0,0.0,0.0,0.0,0.0,332.6721833333331,0.0,2429.979741726493
2025-03-20,53,9:00,1.0360,0.0,0.0,0.0,0.0,0.0,0.0,278.00513333333333,0.0,2121.0851491339004
2025-03-20,54,9:10,1.0147,0.0,0.0,0.0,0.0,0.0,0.0,262.8204166666668,0.0,1829.062463948715
2025-03-20,55,9:20,0.9922,0.0,0.0,0.0,0.0,0.0,0.0,221.28376666666668,0.0,1583.191612096863
2025-03-20,56,9:30,0.9700,0.0,0.0,0.0,0.0,0.0,0.0,150.51836666666668,0.0,1415.9489824672335
2025-03-20,57,9:40,0.9422,0.0,0.0,0.0,0.0,0.0,0.0,77.1854166666667,0.0,1330.1874083931593
2025-03-20,58,9:50,0.9569,0.0,0.0,0.0,0.0,0.0,0.0,36.094750000000204,0.0,1290.0821306153814
2025-03-20,59,10:00,0.9977,0.0,0.0,0.0,0.0,0.0,0.0,41.25734999999986,0.0,1244.2406306153816
2025-03-20,60,10:10,0.9919,0.0,0.0,0.0,0.0,5.3905157794897605,0.0,39.81656755384347,0.0,1200.0
2025-03-20,61,10:20,0.9588,0.0,0.0,0.0,0.0,0.0,16.20875000000001,0.0,0.0,1214.587875
2025-03-20,62,10:30,0.9549,0.0,0.0,0.0,0.0,0.0,54.787799999999834,0.0,0.0,1263.8968949999999
2025-03-20,63,10:40,0.9839,0.0,0.0,0.0,0.0,0.0,67.57749999999987,0.0,0.0,1324.7166449999997
2025-03-20,64,10:50,0.7990,0.0,0.0,0.0,0.0,0.0,135.7130666666667,0.0,0.0,1446.8584049999997
2025-03-20,65,11:00,0.5025,315.27387516044246,315.27387516044246,0.0,0.0,0.0,183.83656666666684,0.0,0.0,1612.311315
2025-03-20,66,11:10,0.4662,504.20508001372104,504.20508001372104,315.27387516044246,315.27387516044246,0.0,479.1238751604426,0.0,0.0,2043.5228026443983
2025-03-20,67,11:20,0.5007,442.7339241843415,442.7339241843415,504.20508001372104,504.20508001372104,0.0,614.1424633470544,0.0,0.0,2596.2510196567473
2025-03-20,68,11:30,0.4827,437.698286499736,437.698286499736,442.7339241843415,442.7339241843415,0.0,552.5750741843417,0.0,0.0,3093.568586422655
2025-03-20,69,11:40,0.4785,466.0204340559226,466.0204340559226,437.698286499736,437.698286499736,0.0,597.2753698330694,0.0,0.0,3631.1164192724173
2025-03-20,70,11:50,0.4662,467.27351968061953,467.27351968061953,466.0204340559226,466.0204340559226,0.0,646.2880507225891,0.0,0.0,4212.775664922748
2025-03-20,71,12:00,0.4432,485.7061619900842,531.063488223357,467.27351968061953,467.27351968061953,0.0,676.508636347286,0.0,0.0,4821.633437635305
2025-03-20,72,12:10,0.4411,457.13676880162484,507.518638346443,485.7061619900842,531.063488223357,0.0,806.0851548900235,0.0,0.0,5547.110077036326
2025-03-20,73,12:20,0.4551,445.2794806388406,506.16881054417274,457.13676880162484,507.518638346443,0.0,833.3333333333333,0.0,28.206621679776504,6297.110077036326
2025-03-20,74,12:30,0.4463,500.8552936028259,537.6091949534128,445.2794806388406,506.16881054417274,0.0,833.3333333333333,0.0,45.392277210839325,7047.110077036326
2025-03-20,75,12:40,0.4113,546.8060491584448,546.8060491584448,500.8552936028259,537.6091949534128,0.0,833.3333333333333,0.0,8.559611620079636,7797.110077036326
2025-03-20,76,12:50,0.5682,0.0,75.60783987750449,546.8060491584448,546.8060491584448,0.0,746.6354824917781,0.0,0.0,8469.082011278926
2025-03-20,77,13:00,0.8279,0.0,0.0,0.0,75.60783987750449,0.0,248.70607321083787,0.0,0.0,8692.91747716868
2025-03-20,78,13:10,0.8636,0.0,0.0,0.0,0.0,0.0,195.73666666666668,0.0,0.0,8869.08047716868
2025-03-20,79,13:20,0.8416,0.0,0.0,0.0,0.0,0.0,138.07556666666665,0.0,0.0,8993.34848716868
2025-03-20,80,13:30,0.8618,0.0,0.0,0.0,0.0,0.0,90.30038333333323,0.0,0.0,9074.618832168679
2025-03-20,81,13:40,0.8623,0.0,0.0,0.0,0.0,0.0,95.11874999999986,0.0,0.0,9160.225707168678
2025-03-20,82,13:50,0.9026,0.0,0.0,0.0,0.0,0.0,102.19911666666667,0.0,0.0,9252.204912168678
2025-03-20,83,14:00,0.9754,0.0,0.0,0.0,0.0,0.0,104.79273333333344,0.0,0.0,9346.518372168677
2025-03-20,84,14:10,1.0002,0.0,0.0,0.0,0.0,0.0,86.65499999999975,0.0,0.0,9424.507872168677
2025-03-20,85,14:20,0.9978,0.0,0.0,0.0,0.0,0.0,28.355233333333217,0.0,0.0,9450.027582168677
2025-03-20,86,14:30,1.0271,0.0,0.0,0.0,0.0,0.0,0.0,18.553900000000112,0.0,9429.412137724234
2025-03-20,87,14:40,1.0906,0.0,0.0,0.0,0.0,0.0,0.0,39.517083333333176,0.0,9385.504267353863
2025-03-20,88,14:50,0.9376,0.0,0.0,0.0,0.0,0.0,0.0,70.29328333333319,0.0,9307.400619205715
2025-03-20,89,15:00,0.6694,286.58610948108674,286.58610948108674,0.0,0.0,0.0,0.0,126.35851666666656,0.0,9167.002267353862
2025-03-20,90,15:10,0.6600,942.1108662078934,942.1108662078934,286.58610948108674,286.58610948108674,0.0,105.94194281442003,0.0,0.0,9262.350015886841
2025-03-20,91,15:20,0.7217,338.41662708356694,338.41662708356694,942.1108662078934,942.1108662078934,0.0,744.7922995412267,0.0,0.0,9932.663085473945
2025-03-20,92,15:30,0.7308,399.06425134819995,399.06425134819995,338.41662708356694,338.41662708356694,0.0,89.60986041690035,0.0,0.0,10013.311959849156
2025-03-20,93,15:40,0.7534,446.0873916297095,446.0873916297095,399.06425134819995,399.06425134819995,0.0,58.921751348199905,0.0,0.0,10066.341536062535
2025-03-20,94,15:50,0.7823,478.07011348586593,478.07011348586593,446.0873916297095,446.0873916297095,0.0,43.305124963042886,0.0,0.0,10105.316148529273
2025-03-20,95,16:00,0.8055,492.2028679450258,492.2028679450258,478.07011348586593,478.07011348586593,0.0,25.617663485866046,0.0,0.0,10128.372045666552
2025-03-20,96,16:10,0.8271,536.366813671987,536.366813671987,492.2028679450258,492.2028679450258,0.0,0.0,15.121298721640983,0.0,10111.570602642507
2025-03-20,97,16:20,0.8519,595.6332432823115,595.6332432823115,536.366813671987,536.366813671987,0.0,0.0,25.89473632801321,0.0,10082.79867338916
2025-03-20,98,16:30,0.8791,654.2904652187154,654.2904652187154,595.6332432823115,595.6332432823115,0.0,0.0,3.4339733843552267,0.0,10078.983147406543
2025-03-20,99,16:40,0.9024,687.7239575245968,687.7239575245968,654.2904652187154,654.2904652187154,0.0,23.53421521871553,0.0,0.0,10100.163941103387
2025-03-20,100,16:50,0.9163,725.5982301929464,725.5982301929464,687.7239575245968,687.7239575245968,0.0,0.0,1.0115924754031766,0.0,10099.03994946405
2025-03-20,101,17:00,0.9264,778.2099144384944,778.2099144384944,725.5982301929464,725.5982301929464,0.0,0.0,17.126053140386716,0.0,10080.011001530287
2025-03-20,102,17:10,0.9462,832.4014468019,832.4014468019,778.2099144384944,778.2099144384944,0.0,0.0,9.203002228172181,0.0,10069.785443498984
2025-03-20,103,17:20,0.9742,873.3434359766511,873.3434359766511,832.4014468019,832.4014468019,0.0,0.0,10.83100319810012,0.0,10057.750995501096
2025-03-20,104,17:30,0.9862,936.6812075668435,936.6812075668435,873.3434359766511,873.3434359766511,0.0,0.0,0.5117473566822355,0.0,10057.182387327004
2025-03-20,105,17:40,0.9760,1029.0782984572377,1029.0782984572377,936.6812075668435,936.6812075668435,0.0,31.95745756684346,0.0,0.0,10085.944099137163
2025-03-20,106,17:50,1.0742,918.4944371391404,918.4944371391404,1029.0782984572377,1029.0782984572377,0.0,55.98754845723772,0.0,0.0,10136.332892748676
2025-03-20,107,18:00,1.2313,693.2730156235494,713.7841222106823,918.4944371391404,918.4944371391404,0.0,45.49125380580699,0.0,0.0,10177.275021173902
2025-03-20,108,18:10,1.2561,675.1480416886259,690.7771604544461,693.2730156235494,713.7841222106823,0.0,31.430788877349073,0.0,0.0,10205.562731163516
2025-03-20,109,18:20,1.2447,724.348985891956,737.0812694123201,675.1480416886259,690.7771604544461,0.0,0.0,7.220122878887196,0.0,10197.540372409198
2025-03-20,110,18:30,1.2545,714.6036280283549,725.0942904446006,724.348985891956,737.0812694123201,0.0,0.0,2.2269472543464417,0.0,10195.065986571035
2025-03-20,111,18:40,1.2522,719.6105127453726,729.2703004871156,714.6036280283549,725.0942904446006,0.0,15.852623777934014,0.0,0.0,10209.333347971176
2025-03-20,112,18:50,1.2881,242.615623726418,720.4570652338906,719.6105127453726,729.2703004871156,0.0,14.847483820448929,0.0,0.0,10222.69608340958
2025-03-20,113,19:00,1.3466,0.0,0.0,242.615623726418,720.4570652338906,0.0,0.0,24.51726809944273,0.0,10195.4546744102
2025-03-20,114,19:10,1.3523,0.0,0.0,0.0,0.0,0.0,0.0,763.2066666666666,0.0,9347.447267002794
2025-03-20,115,19:20,1.3445,0.0,0.0,0.0,0.0,0.0,0.0,746.7180333333333,0.0,8517.760563299089
2025-03-20,116,19:30,1.3483,0.0,0.0,0.0,0.0,0.0,0.0,714.2555,0.0,7724.143341076867
2025-03-20,117,19:40,1.3490,0.0,0.0,0.0,0.0,0.0,0.0,699.4633333333333,0.0,6946.961859595385
2025-03-20,118,19:50,1.3473,0.0,0.0,0.0,0.0,0.0,0.0,721.8114,0.0,6144.949192928719
2025-03-20,119,20:00,1.3482,0.0,0.0,0.0,0.0,0.0,0.0,728.4909999999999,0.0,5335.514748484275
2025-03-20,120,20:10,1.3513,0.0,0.0,0.0,0.0,0.0,0.0,726.3683333333333,0.0,4528.438822558349
2025-03-20,121,20:20,1.3400,0.0,151.39267032679197,0.0,0.0,0.0,0.0,764.3365166666667,0.0,3679.176026262053
2025-03-20,122,20:30,1.3489,0.0,0.0,0.0,151.39267032679197,0.0,0.0,602.5511463398747,0.0,3009.674752551081
2025-03-20,123,20:40,1.3952,0.0,0.0,0.0,0.0,0.0,0.0,702.5616666666666,0.0,2229.050678477007
2025-03-20,124,20:50,1.2226,730.7213932973567,757.130430409221,0.0,0.0,0.0,0.0,709.3744833333333,0.0,1440.8568081066364
2025-03-20,125,21:00,0.9332,749.9118440096221,761.9443766236911,730.7213932973567,757.130430409221,0.0,37.29444707588766,0.0,0.0,1474.4218104749352
2025-03-20,126,21:10,0.9068,746.4078765377523,754.1146601577777,749.9118440096221,761.9443766236911,0.0,52.40270995702451,0.0,0.0,1521.5842494362573
2025-03-20,127,21:20,0.9371,721.5318451312589,737.3778556477064,746.4078765377523,754.1146601577777,0.0,39.06997682444444,0.0,0.0,1556.7472285782574
2025-03-20,128,21:30,0.9371,734.8472449558542,744.5452358682255,721.5318451312589,737.3778556477064,0.0,0.9272556477064882,0.0,0.0,1557.5817586611931
2025-03-20,129,21:40,0.9871,711.9798085748398,718.0160549221638,734.8472449558542,744.5452358682255,0.0,0.0,14.388097465107876,0.0,1541.594983699962
2025-03-20,130,21:50,0.7764,646.7144811744053,649.7264626313373,711.9798085748398,718.0160549221638,0.0,0.0,36.359411744502836,0.0,1501.195637317181
2025-03-20,131,22:00,0.4209,1339.7946434214796,1339.7946434214796,646.7144811744053,649.7264626313373,0.0,0.0,17.211070701995936,0.0,1482.0722254260745
2025-03-20,132,22:10,0.3859,1363.8734743541108,1363.8734743541108,1339.7946434214796,1339.7946434214796,0.0,786.6379767548129,0.0,0.0,2190.046404505406
2025-03-20,133,22:20,0.4368,581.6645359459724,581.6645359459724,1363.8734743541108,1363.8734743541108,0.0,824.9720076874441,0.0,0.0,2932.521211424106
2025-03-20,134,22:30,0.4198,1345.061218482995,1345.061218482995,581.6645359459724,581.6645359459724,0.0,28.336035945972412,0.0,0.0,2958.023643775481
2025-03-20,135,22:40,0.4186,1355.091611994717,1355.091611994717,1345.061218482995,1345.061218482995,0.0,802.421218482995,0.0,0.0,3680.2027404101764
2025-03-20,136,22:50,0.4241,1354.285789338562,1354.285789338562,1355.091611994717,1355.091611994717,0.0,831.069511994717,0.0,0.0,4428.165301205421
2025-03-20,137,23:00,0.4237,1354.966508761913,1354.966508761913,1354.285789338562,1354.285789338562,0.0,827.3162226718953,0.0,0.0,5172.7499016101265
2025-03-20,138,23:10,0.4248,1376.0748898734214,1376.0748898734214,1354.966508761913,1354.966508761913,0.0,805.566508761913,0.0,0.0,5897.759759495848
2025-03-20,139,23:20,0.4240,1362.4900414664403,1362.4900414664403,1376.0748898734214,1376.0748898734214,0.0,816.6735398734214,0.0,0.0,6632.765945381927
2025-03-20,140,23:30,0.4220,1350.4289113002656,1350.4289113002656,1362.4900414664403,1362.4900414664403,0.0,818.862108133107,0.0,0.0,7369.741842701724
2025-03-20,141,23:40,0.4240,1352.016712630892,1352.016712630892,1350.4289113002656,1350.4289113002656,0.0,805.8072446335989,0.0,0.0,8094.968362871963
2025-03-20,142,23:50,0.4271,1309.666077488537,1309.666077488537,1352.016712630892,1352.016712630892,0.0,751.3373792975588,0.0,0.0,8771.172004239766
2025-03-20,143,24:00,0.4276,1214.044173458933,1214.044173458933,1309.666077488537,1309.666077488537,0.0,768.6878941552037,0.0,0.0,9462.99110897945
2025-06-21,0,0:10,0.4248,522.9960974134524,522.9960974134524,1261.3324671671912,1261.3324671671912,0.0,722.8408005005247,0.0,0.0,10129.198822058988
2025-06-21,1,0:20,0.4245,486.13949202386294,486.13949202386294,522.9960974134524,522.9960974134524,0.0,8.332130746785765,0.0,0.0,10136.697739731095
2025-06-21,2,0:30,0.4269,477.28262313894083,477.28262313894083,486.13949202386294,486.13949202386294,0.0,0.0,47.209157976136964,0.0,10084.24311975761
2025-06-21,3,0:40,0.4272,510.2748031913664,510.2748031913664,477.28262313894083,477.28262313894083,0.0,0.0,89.62737686105913,0.0,9984.657145467543
2025-06-21,4,0:50,0.4271,541.3678927984917,541.3678927984917,510.2748031913664,510.2748031913664,0.0,0.0,0.3128801419669003,0.0,9984.309500865358
2025-06-21,5,1:00,0.4285,524.7376868709954,524.7376868709954,541.3678927984917,541.3678927984917,0.0,71.32502613182498,0.0,0.0,10048.502024384
2025-06-21,6,1:10,0.4311,461.4658278015811,461.4658278015811,524.7376868709954,524.7376868709954,0.0,44.17435353766206,0.0,0.0,10088.258942567896
2025-06-21,7,1:20,0.4302,457.7074562016106,457.7074562016106,461.4658278015811,461.4658278015811,0.0,0.0,16.864105531752216,0.0,10069.521047532617
2025-06-21,8,1:30,0.4279,495.3357835675103,495.3357835675103,457.7074562016106,457.7074562016106,0.0,0.0,39.93066046505601,0.0,10025.153647015888
2025-06-21,9,1:40,0.4312,489.19930535233345,489.19930535233345,495.3357835675103,495.3357835675103,0.0,0.0,32.027549765822926,0.0,9989.567480609418
2025-06-21,10,1:50,0.4333,470.2343460146981,470.2343460146981,489.19930535233345,489.19930535233345,0.0,0.0,21.60831131433315,0.0,9965.558245815713
2025-06-21,11,2:00,0.4311,460.98677827878294,460.98677827878294,470.2343460146981,470.2343460146981,0.0,0.0,22.10663731863525,0.0,9940.995315461674
2025-06-21,12,2:10,0.4293,465.9541230412152,465.9541230412152,460.98677827878294,460.98677827878294,0.0,0.0,38.11655505455036,0.0,9898.643587623284
2025-06-21,13,2:20,0.4324,439.4344492382603,439.4344492382603,465.9541230412152,465.9541230412152,0.0,0.0,46.11277695878482,0.0,9847.40716878019
2025-06-21,14,2:30,0.4367,0.0,0.0,439.4344492382603,439.4344492382603,0.0,0.0,62.74913409507303,0.0,9777.685908674554
2025-06-21,15,2:40,0.4348,458.76024674433967,458.76024674433967,0.0,0.0,0.0,0.0,473.125,0.0,9251.991464230108
2025-06-21,16,2:50,0.4335,445.12381267638546,445.12381267638546,458.76024674433967,458.76024674433967,0.0,0.4402634110063559,0.0,0.0,9252.387701300015
2025-06-21,17,3:00,0.4357,268.66973170792795,268.66973170792795,445.12381267638546,445.12381267638546,0.0,0.0,24.973637323614525,0.0,9224.639215384888
2025-06-21,18,3:10,0.4374,0.0,0.0,268.66973170792795,268.66973170792795,0.0,0.0,220.70360162540533,0.0,8979.41299135666
2025-06-21,19,3:20,0.4371,0.0,0.0,0.0,0.0,0.0,0.0,486.69803333333334,0.0,8438.637398764067
2025-06-21,20,3:30,0.4356,459.67569226711214,459.67569226711214,0.0,0.0,0.0,0.0,491.8388,0.0,7892.149843208512
2025-06-21,21,3:40,0.4353,470.2333237566218,470.2333237566218,459.67569226711214,459.67569226711214,0.0,0.0,36.575974399554525,0.0,7851.509871653451
2025-06-21,22,3:50,0.4360,0.0,0.0,470.2333237566218,470.2333237566218,0.0,6.853023756621894,0.0,0.0,7857.677593034411
2025-06-21,23,4:00,0.4378,0.0,0.0,0.0,0.0,0.0,0.0,454.71764999999994,0.0,7352.435759701078
2025-06-21,24,4:10,0.4401,0.0,0.0,0.0,0.0,0.0,0.0,477.03166666666664,0.0,6822.400574515892
2025-06-21,25,4:20,0.4389,0.0,0.0,0.0,0.0,0.0,0.0,474.28198333333336,0.0,6295.420593034411
2025-06-21,26,4:30,0.4364,0.0,0.0,0.0,0.0,0.0,0.0,458.1585,0.0,5786.355593034411
2025-06-21,27,4:40,0.4393,0.0,0.0,0.0,0.0,0.0,0.0,446.2183333333333,0.0,5290.557444886263
2025-06-21,28,4:50,0.4422,0.0,0.0,0.0,0.0,0.0,0.0,442.9532833333333,0.0,4798.387130071448
2025-06-21,29,5:00,0.4395,0.0,0.0,0.0,0.0,0.0,0.0,450.38674999999995,0.0,4297.957407849226
2025-06-21,30,5:10,0.4333,417.4966423893567,417.4966423893567,0.0,0.0,0.0,0.0,454.1741666666667,0.0,3793.319444886263
2025-06-21,31,5:20,0.4439,0.0,0.0,417.4966423893567,417.4966423893567,0.0,0.0,7.162074277309955,0.0,3785.361584578141
2025-06-21,32,5:30,0.4301,345.9340235597845,345.9340235597845,0.0,0.0,0.0,0.0,390.48345,0.0,3351.491084578141
2025-06-21,33,5:40,0.3713,398.1569285253397,398.1569285253397,345.9340235597845,345.9340235597845,0.0,0.0,24.91180977354884,0.0,3323.8112959408645
2025-06-21,34,5:50,0.5708,0.0,0.0,398.1569285253397,398.1569285253397,0.0,38.578928525339734,0.0,0.0,3358.53233161367
2025-06-21,35,6:00,0.9099,0.0,0.0,0.0,0.0,0.0,0.0,337.0349166666666,0.0,2984.0490908729294
2025-06-21,36,6:10,0.9368,0.0,0.0,0.0,0.0,0.0,0.0,308.48999999999995,0.0,2641.282424206263
2025-06-21,37,6:20,0.8758,0.0,0.0,0.0,0.0,0.0,0.0,291.9625,0.0,2316.879646428485
2025-06-21,38,6:30,0.8759,0.0,0.0,0.0,0.0,0.0,0.0,246.47136666666668,0.0,2043.022572354411
2025-06-21,39,6:40,0.8601,0.0,0.0,0.0,0.0,0.0,0.0,166.35125,0.0,1858.187850132189
2025-06-21,40,6:50,0.8442,0.0,0.0,0.0,0.0,0.0,0.0,97.38518333333332,0.0,1749.9820908729298
2025-06-21,41,7:00,0.8334,0.0,0.0,0.0,0.0,0.0,0.0,86.21210000000008,0.0,1654.1908686507074
2025-06-21,42,7:10,0.8092,0.0,0.0,0.0,0.0,0.0,0.0,100.83666666666659,0.0,1542.1501279099668
2025-06-21,43,7:20,0.7972,0.0,0.0,0.0,0.0,0.0,0.0,63.282299999999964,0.0,1471.8364612433002
2025-06-21,44,7:30,0.7644,0.0,0.0,0.0,0.0,0.0,0.0,21.927683333333334,0.0,1447.4723686507075
2025-06-21,45,7:40,0.6899,0.0,0.0,0.0,0.0,0.0,8.33958333333328,0.0,0.0,1454.9779936507075
2025-06-21,46,7:50,0.8600,0.0,0.0,0.0,0.0,0.0,62.9667833333333,0.0,0.0,1511.6480986507074
2025-06-21,47,8:00,1.1617,0.0,0.0,0.0,0.0,0.0,116.30371666666667,0.0,0.0,1616.3214436507074
2025-06-21,48,8:10,1.1683,0.0,0.0,0.0,0.0,0.0,156.84416666666664,0.0,0.0,1757.4811936507074
2025-06-21,49,8:20,1.0956,0.0,0.0,0.0,0.0,0.0,195.4521166666667,0.0,0.0,1933.3880986507074
2025-06-21,50,8:30,1.0849,0.0,0.0,0.0,0.0,0.0,213.46854999999994,0.0,0.0,2125.5097936507073
2025-06-21,51,8:40,1.0610,0.0,0.0,0.0,0.0,0.0,220.18499999999995,0.0,0.0,2323.676293650707
2025-06-21,52,8:50,1.0430,0.0,0.0,0.0,0.0,0.0,241.48293333333334,0.0,0.0,2541.010933650707
2025-06-21,53,9:00,1.0360,0.0,0.0,0.0,0.0,0.0,229.76293333333342,0.0,0.0,2747.7975736507074
2025-06-21,54,9:10,1.0147,0.0,0.0,0.0,0.0,0.0,182.57583333333332,0.0,0.0,2912.115823650707
2025-06-21,55,9:20,0.9922,0.0,0.0,0.0,0.0,0.0,160.17538333333334,0.0,0.0,3056.2736686507074
2025-06-21,56,9:30,0.9700,0.0,0.0,0.0,0.0,0.0,214.96996666666678,0.0,0.0,3249.7466386507076
2025-06-21,57,9:40,0.9422,0.0,0.0,0.0,0.0,0.0,328.2854166666667,0.0,0.0,3545.2035136507075
2025-06-21,58,9:50,0.9569,0.0,0.0,0.0,0.0,0.0,421.11823333333336,0.0,0.0,3924.2099236507074
2025-06-21,59,10:00,0.9977,0.0,0.0,0.0,0.0,0.0,449.5261833333334,0.0,0.0,4328.783488650707
2025-06-21,60,10:10,0.9919,0.0,0.0,0.0,0.0,0.0,440.56624999999997,0.0,0.0,4725.293113650707
2025-06-21,61,10:20,0.9588,0.0,0.0,0.0,0.0,0.0,460.63086666666663,0.0,0.0,5139.860893650707
2025-06-21,62,10:30,0.9549,0.0,0.0,0.0,0.0,0.0,489.0171333333333,0.0,0.0,5579.976313650707
2025-06-21,63,10:40,0.9839,0.0,0.0,0.0,0.0,0.0,516.5129166666667,0.0,0.0,6044.837938650708
2025-06-21,64,10:50,0.7990,0.0,0.0,0.0,0.0,0.0,561.1812333333335,0.0,0.0,6549.901048650708
2025-06-21,65,11:00,0.5025,0.0,0.0,0.0,0.0,0.0,612.9263166666666,0.0,0.0,7101.5347336507075
2025-06-21,66,11:10,0.4662,0.0,0.0,0.0,0.0,0.0,620.1483333333333,0.0,0.0,7659.668233650707
2025-06-21,67,11:20,0.5007,0.0,0.0,0.0,0.0,0.0,560.1608333333334,0.0,0.0,8163.812983650708
2025-06-21,68,11:30,0.4827,0.0,0.0,0.0,0.0,0.0,647.0425166666666,0.0,0.0,8746.151248650707
2025-06-21,69,11:40,0.4785,0.0,0.0,0.0,0.0,0.0,807.4108333333332,0.0,0.0,9472.820998650706
2025-06-21,70,11:50,0.4662,0.0,0.0,0.0,0.0,0.0,745.92895,0.0,0.0,10144.157053650706
2025-06-21,71,12:00,0.4432,0.0,0.0,0.0,0.0,0.0,658.8928833333334,0.0,0.0,10737.160648650706
2025-06-21,72,12:10,0.4411,0.0,0.0,0.0,0.0,0.0,69.82150149921533,0.0,602.5172485007847,10800.0
2025-06-21,73,12:20,0.4551,0.0,0.0,0.0,0.0,0.0,0.0,0.0,718.1202666666666,10800.0
2025-06-21,74,12:30,0.4463,0.0,0.0,0.0,0.0,0.0,0.0,0.0,741.4567166666668,10800.0
2025-06-21,75,12:40,0.4113,0.0,0.0,0.0,0.0,0.0,0.0,0.0,742.40875,10800.0
2025-06-21,76,12:50,0.5682,0.0,0.0,0.0,0.0,0.0,0.0,0.0,757.6472166666668,10800.0
2025-06-21,77,13:00,0.8279,0.0,0.0,0.0,0.0,0.0,0.0,0.0,771.6880166666667,10800.0
2025-06-21,78,13:10,0.8636,0.0,0.0,0.0,0.0,0.0,0.0,0.0,726.9316666666666,10800.0
2025-06-21,79,13:20,0.8416,0.0,0.0,0.0,0.0,0.0,0.0,0.0,597.1579833333333,10800.0
2025-06-21,80,13:30,0.8618,0.0,0.0,0.0,0.0,0.0,0.0,0.0,582.0512833333333,10800.0
2025-06-21,81,13:40,0.8623,0.0,0.0,0.0,0.0,0.0,0.0,0.0,625.2662499999999,10800.0
2025-06-21,82,13:50,0.9026,0.0,0.0,0.0,0.0,0.0,0.0,0.0,477.5871333333332,10800.0
2025-06-21,83,14:00,0.9754,0.0,0.0,0.0,0.0,0.0,0.0,0.0,358.2528000000001,10800.0
2025-06-21,84,14:10,1.0002,0.0,0.0,0.0,0.0,0.0,0.0,0.0,349.0583333333333,10800.0
2025-06-21,85,14:20,0.9978,0.0,0.0,0.0,0.0,0.0,0.0,0.0,315.65121666666664,10800.0
2025-06-21,86,14:30,1.0271,0.0,0.0,0.0,0.0,0.0,0.0,0.0,288.67764999999997,10800.0
2025-06-21,87,14:40,1.0906,0.0,0.0,0.0,0.0,0.0,0.0,0.0,288.4579166666666,10800.0
2025-06-21,88,14:50,0.9376,0.0,0.0,0.0,0.0,0.0,0.0,0.0,289.5348999999999,10800.0
2025-06-21,89,15:00,0.6694,0.0,0.0,0.0,0.0,0.0,0.0,0.0,299.46608333333336,10800.0
2025-06-21,90,15:10,0.6600,0.0,0.0,0.0,0.0,0.0,0.0,0.0,300.13041666666663,10800.0
2025-06-21,91,15:20,0.7217,0.0,0.0,0.0,0.0,0.0,0.0,0.0,256.8200666666668,10800.0
2025-06-21,92,15:30,0.7308,0.0,0.0,0.0,0.0,0.0,0.0,0.0,204.7881666666666,10800.0
2025-06-21,93,15:40,0.7534,0.0,0.0,0.0,0.0,0.0,0.0,0.0,155.9333333333334,10800.0
2025-06-21,94,15:50,0.7823,27.68202258543829,27.68202258543829,0.0,0.0,0.0,0.0,0.0,90.65628333333325,10800.0
2025-06-21,95,16:00,0.8055,100.4848605219538,100.4848605219538,27.68202258543829,27.68202258543829,0.0,0.0,0.0,55.011005918771616,10800.0
2025-06-21,96,16:10,0.8271,179.61900067495947,179.61900067495947,100.4848605219538,100.4848605219538,0.0,0.0,0.0,73.47986052195381,10800.0
2025-06-21,97,16:20,0.8519,165.42797650556872,165.42797650556872,179.61900067495947,179.61900067495947,0.0,0.0,0.0,101.04745067495946,10800.0
2025-06-21,98,16:30,0.8791,154.94483626877832,154.94483626877832,165.42797650556872,165.42797650556872,0.0,0.0,0.0,62.22367650556873,10800.0
2025-06-21,99,16:40,0.9024,209.31224320335042,209.31224320335042,154.94483626877832,154.94483626877832,0.0,0.0,0.0,49.03733626877829,10800.0
2025-06-21,100,16:50,0.9163,205.93137028220832,205.93137028220832,209.31224320335042,209.31224320335042,0.0,0.0,0.0,93.88820987001708,10800.0
2025-06-21,101,17:00,0.9264,148.67808466604475,148.67808466604475,205.93137028220832,205.93137028220832,0.0,0.0,0.0,96.31168694887509,10800.0
2025-06-21,102,17:10,0.9462,209.23599058254035,209.23599058254035,148.67808466604475,148.67808466604475,0.0,0.0,0.0,45.89683466604481,10800.0
2025-06-21,103,17:20,0.9742,258.2224373063749,258.2224373063749,209.23599058254035,209.23599058254035,0.0,0.0,0.0,66.60855724920702,10800.0
2025-06-21,104,17:30,0.9862,296.0676106271324,296.0676106271324,258.2224373063749,258.2224373063749,0.0,0.0,0.0,45.42743730637494,10800.0
2025-06-21,105,17:40,0.9760,337.2840754245843,337.2840754245843,296.0676106271324,296.0676106271324,0.0,0.0,0.0,7.0996939604658,10800.0
2025-06-21,106,17:50,1.0742,361.09007367269646,361.09007367269646,337.2840754245843,337.2840754245843,0.0,0.0,16.18609124208234,0.0,10782.015454175464
2025-06-21,107,18:00,1.2313,363.5204129517697,407.8901621951667,361.09007367269646,361.09007367269646,0.0,0.0,21.230842993970157,0.0,10758.425628626608
2025-06-21,108,18:10,1.2561,0.0,0.0,363.5204129517697,407.8901621951667,0.0,21.988495528499982,0.0,0.0,10778.215274602258
2025-06-21,109,18:20,1.2447,457.7732315158703,470.0392292836573,0.0,0.0,0.0,0.0,402.3590333333333,0.0,10331.149682009665
2025-06-21,110,18:30,1.2545,0.0,415.49274444627713,457.7732315158703,470.0392292836573,0.0,33.414479283657215,0.0,0.0,10361.222713364958
2025-06-21,111,18:40,1.2522,341.25828115426066,523.3044689578459,0.0,415.49274444627713,0.0,0.0,66.18892222038954,0.0,10287.679466453414
2025-06-21,112,18:50,1.2881,0.0,0.0,341.25828115426066,523.3044689578459,0.0,0.0,6.824697708820736,0.0,10280.096468999169
2025-06-21,113,19:00,1.3466,0.0,0.0,0.0,0.0,0.0,0.0,585.4546833333334,0.0,9629.591265295465
2025-06-21,114,19:10,1.3523,0.0,0.0,0.0,0.0,0.0,0.0,640.8262499999998,0.0,8917.562098628798
2025-06-21,115,19:20,1.3445,0.0,0.0,0.0,0.0,0.0,0.0,667.4907,0.0,8175.905765295464
2025-06-21,116,19:30,1.3483,0.0,0.0,0.0,0.0,0.0,0.0,617.2469166666666,0.0,7490.075857888057
2025-06-21,117,19:40,1.3490,0.0,0.0,0.0,0.0,0.0,0.0,548.9133333333333,0.0,6880.1721541843535
2025-06-21,118,19:50,1.3473,0.0,0.0,0.0,0.0,0.0,0.0,582.0875666666666,0.0,6233.408191221391
2025-06-21,119,20:00,1.3482,0.0,0.0,0.0,0.0,0.0,0.0,581.73875,0.0,5587.031802332502
2025-06-21,120,20:10,1.3513,0.0,0.0,0.0,0.0,0.0,0.0,531.6033333333332,0.0,4996.361431962131
2025-06-21,121,20:20,1.3400,0.0,0.0,0.0,0.0,0.0,0.0,558.0394333333334,0.0,4376.317617147316
2025-06-21,122,20:30,1.3489,0.0,0.0,0.0,0.0,0.0,0.0,620.8647333333333,0.0,3686.4679134436124
2025-06-21,123,20:40,1.3952,0.0,0.0,0.0,0.0,0.0,0.0,660.0216666666666,0.0,2953.110506036205
2025-06-21,124,20:50,1.2226,631.1499307475142,642.4440116250383,0.0,0.0,0.0,0.0,646.97075,0.0,2234.2541171473163
2025-06-21,125,21:00,0.9332,619.9987225963448,627.4742813512521,631.1499307475142,642.4440116250383,0.0,56.832061625038364,0.0,0.0,2285.4029726098506
2025-06-21,126,21:10,0.9068,587.5899374423991,587.5899374423991,619.9987225963448,627.4742813512521,0.0,100.75428135125208,0.0,0.0,2376.0818258259774
2025-06-21,127,21:20,0.9371,568.758533447658,603.6195189860057,587.5899374423991,587.5899374423991,0.0,51.80483744239916,0.0,0.0,2422.7061795241366
2025-06-21,128,21:30,0.9371,559.3623017367999,611.0471511103236,568.758533447658,603.6195189860057,0.0,22.102368986005786,0.0,0.0,2442.5983116115417
2025-06-21,129,21:40,0.9871,550.3016843474364,590.0173910115193,559.3623017367999,611.0471511103236,0.0,0.0,7.867848889676338,0.0,2433.856257289679
2025-06-21,130,21:50,0.7764,544.8455503812952,550.168219641366,550.3016843474364,590.0173910115193,0.0,0.0,29.22389232181399,0.0,2401.3852658209967
2025-06-21,131,22:00,0.4209,1279.951328317323,1279.951328317323,544.8455503812952,550.168219641366,0.0,0.0,26.6112470253006,0.0,2371.8172135706627
2025-06-21,132,22:10,0.3859,1306.3544820879665,1306.3544820879665,1279.951328317323,1279.951328317323,0.0,751.6713283173231,0.0,0.0,3048.3214090562533
2025-06-21,133,22:20,0.4368,603.9198099812148,603.9198099812148,1306.3544820879665,1306.3544820879665,0.0,779.4807487546332,0.0,0.0,3749.8540829354233
2025-06-21,134,22:30,0.4198,1294.4219254865732,1294.4219254865732,603.9198099812148,603.9198099812148,0.0,59.17872664788149,0.0,0.0,3803.114936918517
2025-06-21,135,22:40,0.4186,1276.535724796383,1276.535724796383,1294.4219254865732,1294.4219254865732,0.0,741.5569254865732,0.0,0.0,4470.5161698564325
2025-06-21,136,22:50,0.4241,1299.8638931469254,1299.8638931469254,1276.535724796383,1276.535724796383,0.0,729.695874796383,0.0,0.0,5127.242457173177
2025-06-21,137,23:00,0.4237,1303.110312859541,1303.110312859541,1299.8638931469254,1299.8638931469254,0.0,758.0709931469255,0.0,0.0,5809.50635100541
2025-06-21,138,23:10,0.4248,1302.0930168742736,1302.0930168742736,1303.110312859541,1303.110312859541,0.0,771.3786461928744,0.0,0.0,6503.747132578997
2025-06-21,139,23:20,0.4240,1277.9086320501674,1277.9086320501674,1302.0930168742736,1302.0930168742736,0.0,802.2703002076071,0.0,0.0,7225.790402765843
2025-06-21,140,23:30,0.4220,1286.4982768133566,1286.4982768133566,1277.9086320501674,1277.9086320501674,0.0,791.0795820501675,0.0,0.0,7937.762026610994
2025-06-21,141,23:40,0.4240,1240.7931149661654,1240.7931149661654,1286.4982768133566,1286.4982768133566,0.0,788.2816101466899,0.0,0.0,8647.215475743014
2025-06-21,142,23:50,0.4271,1356.0574318959368,1356.0574318959368,1240.7931149661654,1240.7931149661654,0.0,736.6979482994988,0.0,0.0,9310.243629212564
2025-06-21,143,24:00,0.4276,1472.9352884391847,1472.9352884391847,1356.0574318959368,1356.0574318959368,0.0,823.8384152292701,0.0,0.0,10051.698202918908
2025-09-23,0,0:10,0.4248,658.6392388586379,658.6392388586379,1252.615691293182,1252.615691293182,0.0,681.7590246265154,0.0,0.0,8631.473385707874
2025-09-23,1,0:20,0.4245,674.431287729644,674.431287729644,658.6392388586379,658.6392388586379,0.0,88.45490552530453,0.0,0.0,8711.082800680648
2025-09-23,2,0:30,0.4269,621.3617172920846,621.3617172920846,674.431287729644,674.431287729644,0.0,114.11310439631075,0.0,0.0,8813.784594637327
2025-09-23,3,0:40,0.4272,598.822236930852,598.822236930852,621.3617172920846,621.3617172920846,0.0,56.59505062541791,0.0,0.0,8864.720140200203
2025-09-23,4,0:50,0.4271,632.9647907177425,632.9647907177425,598.822236930852,598.822236930852,0.0,0.3133202641853359,0.0,0.0,8865.002128437969
2025-09-23,5,1:00,0.4285,604.4051193103912,604.4051193103912,632.9647907177425,632.9647907177425,0.0,26.454140717742575,0.0,0.0,8888.810855083937
2025-09-23,6,1:10,0.4311,594.8962732759309,594.8962732759309,604.4051193103912,604.4051193103912,0.0,14.635119310391246,0.0,0.0,8901.98246246329
2025-09-23,7,1:20,0.4302,577.8216148550763,577.8216148550763,594.8962732759309,594.8962732759309,0.0,0.0,2.457076724069111,0.0,8899.252377214323
2025-09-23,8,1:30,0.4279,599.9407553559796,599.9407553559796,577.8216148550763,577.8216148550763,0.0,0.0,2.150051811590288,0.0,8896.863430757001
2025-09-23,9,1:40,0.4312,624.0466199680774,624.0466199680774,599.9407553559796,599.9407553559796,0.0,47.260755355979654,0.0,0.0,8939.398110577382
2025-09-23,10,1:50,0.4333,634.409152352834,634.409152352834,624.0466199680774,624.0466199680774,0.0,39.99326996807747,0.0,0.0,8975.392053548652
2025-09-23,11,2:00,0.4311,623.4860463466496,623.4860463466496,634.409152352834,634.409152352834,0.0,32.54753568616741,0.0,0.0,9004.684835666203
2025-09-23,12,2:10,0.4293,606.0058707579761,606.0058707579761,623.4860463466496,623.4860463466496,0.0,32.879379679983,0.0,0.0,9034.276277378187
2025-09-23,13,2:20,0.4324,590.5686499318116,590.5686499318116,606.0058707579761,606.0058707579761,0.0,1.4428207579761647,0.0,0.0,9035.574816060365
2025-09-23,14,2:30,0.4367,595.0594600565283,595.0594600565283,590.5686499318116,590.5686499318116,0.0,0.0,17.23090006818836,0.0,9016.429371540156
2025-09-23,15,2:40,0.4348,606.9033897833237,606.9033897833237,595.0594600565283,595.0594600565283,0.0,0.0727933898616584,0.0,0.0,9016.494885591032
2025-09-23,16,2:50,0.4335,614.0644459151515,614.0644459151515,606.9033897833237,606.9033897833237,0.0,8.39098978332379,0.0,0.0,9024.046776396022
2025-09-23,17,3:00,0.4357,614.3183960636359,614.3183960636359,614.0644459151515,614.0644459151515,0.0,26.78467924848485,0.0,0.0,9048.152987719659
2025-09-23,18,3:10,0.4374,622.8273086419521,622.8273086419521,614.3183960636359,614.3183960636359,0.0,47.31339606363588,0.0,0.0,9090.73504417693
2025-09-23,19,3:20,0.4371,618.6925835933067,618.6925835933067,622.8273086419521,622.8273086419521,0.0,44.34737530861878,0.0,0.0,9130.647681954688
2025-09-23,20,3:30,0.4356,613.6196137651007,613.6196137651007,618.6925835933067,618.6925835933067,0.0,27.640616926640064,0.0,0.0,9155.524237188663
2025-09-23,21,3:40,0.4353,603.7073202132365,603.7073202132365,613.6196137651007,613.6196137651007,0.0,26.769613765100758,0.0,0.0,9179.616889577253
2025-09-23,22,3:50,0.4360,607.9096943685543,607.9096943685543,603.7073202132365,603.7073202132365,0.0,21.533736879903245,0.0,0.0,9198.997252769166
2025-09-23,23,4:00,0.4378,616.38826586836,616.38826586836,607.9096943685543,607.9096943685543,0.0,5.156361035220925,0.0,0.0,9203.637977700864
2025-09-23,24,4:10,0.4401,653.1691889371502,653.1691889371502,616.38826586836,616.38826586836,0.0,0.0,6.740067464973322,0.0,9196.149013850894
2025-09-23,25,4:20,0.4389,647.9603642364452,647.9603642364452,653.1691889371502,653.1691889371502,0.0,57.64650560381699,0.0,0.0,9248.03086889433
2025-09-23,26,4:30,0.4364,634.0938832075792,634.0938832075792,647.9603642364452,647.9603642364452,0.0,56.48943090311195,0.0,0.0,9298.87135670713
2025-09-23,27,4:40,0.4393,647.6475325138236,647.6475325138236,634.0938832075792,634.0938832075792,0.0,18.02221654091261,0.0,0.0,9315.091351593952
2025-09-23,28,4:50,0.4422,641.3331918308696,641.3331918308696,647.6475325138236,647.6475325138236,0.0,42.75123251382365,0.0,0.0,9353.567460856393
2025-09-23,29,5:00,0.4395,628.6255674285705,628.6255674285705,641.3331918308696,641.3331918308696,0.0,40.91737516420301,0.0,0.0,9390.393098504175
2025-09-23,30,5:10,0.4333,618.0267581444828,618.0267581444828,628.6255674285705,628.6255674285705,0.0,10.502234095237327,0.0,0.0,9399.84510918989
2025-09-23,31,5:20,0.4439,625.8777819633412,625.8777819633412,618.0267581444828,618.0267581444828,0.0,0.0,7.1385085221838835,0.0,9391.91343305413
2025-09-23,32,5:30,0.4301,670.2853821706423,670.2853821706423,625.8777819633412,625.8777819633412,0.0,10.969648630007896,0.0,0.0,9401.786116821137
2025-09-23,33,5:40,0.3713,1379.8091552502542,1379.8091552502542,670.2853821706423,670.2853821706423,0.0,77.33871550397566,0.0,0.0,9471.390960774715
2025-09-23,34,5:50,0.5708,656.1451454082033,656.1451454082033,1379.8091552502542,1379.8091552502542,0.0,795.8311052502542,0.0,0.0,10187.638955499944
2025-09-23,35,6:00,0.9099,0.0,25.362445293071005,656.1451454082033,656.1451454082033,0.0,0.0,10.768287925129925,0.0,10175.674191138689
2025-09-23,36,6:10,0.9368,0.0,24.094535903983456,0.0,25.362445293071005,0.0,0.0,765.2608880402622,0.0,9325.384315538398
2025-09-23,37,6:20,0.8758,0.0,0.0,0.0,24.094535903983456,0.0,0.0,769.6775474293497,0.0,8470.187040616898
2025-09-23,38,6:30,0.8759,0.0,0.0,0.0,0.0,0.0,0.0,742.6598166666666,0.0,7645.009466542824
2025-09-23,39,6:40,0.8601,0.0,0.0,0.0,0.0,0.0,0.0,690.4687499999999,0.0,6877.821966542824
2025-09-23,40,6:50,0.8442,0.0,222.28295219619605,0.0,0.0,0.0,0.0,630.5840166666667,0.0,6177.173059135417
2025-09-23,41,7:00,0.8334,-0.0,516.684459147942,0.0,222.28295219619605,0.0,0.0,362.599197803804,0.0,5774.285061575635
2025-09-23,42,7:10,0.8092,-0.0,477.7365106729654,-0.0,516.684459147942,0.0,0.0,29.528040852057984,0.0,5741.476127295571
2025-09-23,43,7:20,0.7972,161.64702942439285,470.6812562059066,-0.0,477.7365106729654,0.0,0.0,6.986322660367989,0.0,5733.7135465618285
2025-09-23,44,7:30,0.7644,342.4396206659744,406.52395427885654,161.64702942439285,470.6812562059066,0.0,45.3729062059067,0.0,0.0,5774.549162147145
2025-09-23,45,7:40,0.6899,310.35613850850757,394.84476082441296,342.4396206659744,406.52395427885654,0.0,45.20353761218985,0.0,0.0,5815.232345998115
2025-09-23,46,7:50,0.8600,0.0,0.0,310.35613850850757,394.84476082441296,0.0,109.37649415774632,0.0,0.0,5913.671190740087
2025-09-23,47,8:00,1.1617,0.0,0.0,0.0,0.0,0.0,0.0,357.7302166666667,0.0,5516.193172221569
2025-09-23,48,8:10,1.1683,0.0,0.0,0.0,0.0,0.0,0.0,491.3245833333333,0.0,4970.276968517865
2025-09-23,49,8:20,1.0956,0.0,0.0,0.0,0.0,0.0,0.0,424.2270000000001,0.0,4498.913635184531
2025-09-23,50,8:30,1.0849,0.0,0.0,0.0,0.0,0.0,0.0,340.29964999999993,0.0,4120.802912962309
2025-09-23,51,8:40,1.0610,0.0,0.0,0.0,0.0,0.0,0.0,322.88874999999996,0.0,3762.0376351845316
2025-09-23,52,8:50,1.0430,0.0,0.0,0.0,0.0,0.0,0.0,267.16475000000014,0.0,3465.1879129623094
2025-09-23,53,9:00,1.0360,0.0,0.0,0.0,0.0,0.0,0.0,177.01698333333331,0.0,3268.502375925272
2025-09-23,54,9:10,1.0147,0.0,0.0,0.0,0.0,0.0,0.0,103.28666666666652,0.0,3153.7394129623094
2025-09-23,55,9:20,0.9922,0.0,0.0,0.0,0.0,0.0,0.0,88.53053333333332,0.0,3055.37215370305
2025-09-23,56,9:30,0.9700,0.0,0.0,0.0,0.0,0.0,0.0,75.39373333333333,0.0,2971.601338888235
2025-09-23,57,9:40,0.9422,0.0,0.0,0.0,0.0,0.0,0.0,46.359583333333376,0.0,2920.090690740087
2025-09-23,58,9:50,0.9569,0.0,0.0,0.0,0.0,0.0,0.0,34.0806666666665,0.0,2882.22328333268
2025-09-23,59,10:00,0.9977,0.0,0.0,0.0,0.0,0.0,0.0,13.978433333333214,0.0,2866.6916907400873
2025-09-23,60,10:10,0.9919,0.0,0.0,0.0,0.0,0.0,5.300416666666479,0.0,0.0,2871.4620657400874
2025-09-23,61,10:20,0.9588,0.0,0.0,0.0,0.0,0.0,0.0,3.388966666666647,0.0,2867.696547221569
2025-09-23,62,10:30,0.9549,0.0,0.0,0.0,0.0,0.0,45.91356666666684,0.0,0.0,2909.018757221569
2025-09-23,63,10:40,0.9839,0.0,0.0,0.0,0.0,0.0,133.93166666666662,0.0,0.0,3029.557257221569
2025-09-23,64,10:50,0.7990,0.0,0.0,0.0,0.0,0.0,146.78904999999986,0.0,0.0,3161.6674022215693
2025-09-23,65,11:00,0.5025,0.0,0.0,0.0,0.0,0.0,127.8130666666666,0.0,0.0,3276.699162221569
2025-09-23,66,11:10,0.4662,587.5046468814285,587.5046468814285,0.0,0.0,0.0,148.18583333333322,0.0,0.0,3410.066412221569
2025-09-23,67,11:20,0.5007,0.0,0.0,587.5046468814285,587.5046468814285,0.0,825.446363548095,0.0,0.0,4152.968139414855
2025-09-23,68,11:30,0.4827,-0.0,0.0,0.0,0.0,0.0,316.49851666666655,0.0,0.0,4437.816804414854
2025-09-23,69,11:40,0.4785,390.7097041716539,390.7097041716539,-0.0,0.0,0.0,328.03624999999965,0.0,0.0,4733.049429414854
2025-09-23,70,11:50,0.4662,386.1246974122587,386.1246974122587,390.7097041716539,390.7097041716539,0.0,686.6502541716537,0.0,0.0,5351.034658169342
2025-09-23,71,12:00,0.4432,346.4123369836884,346.4123369836884,386.1246974122587,386.1246974122587,0.0,730.1011474122588,0.0,0.0,6008.125690840375
2025-09-23,72,12:10,0.4411,321.74185499031,318.0819430090901,346.4123369836884,346.4123369836884,0.0,799.7244203170219,0.0,0.0,6727.877669125694
2025-09-23,73,12:20,0.4551,277.3331945015608,0.0,321.74185499031,318.0819430090901,0.0,797.2206430090899,0.0,0.0,7445.376247833876
2025-09-23,74,12:30,0.4463,282.0558071285502,11.683098449558486,277.3331945015608,0.0,0.0,441.90403333333313,0.0,0.0,7843.089877833876
2025-09-23,75,12:40,0.4113,366.26238266538974,366.26238266538974,282.0558071285502,11.683098449558486,0.0,432.6926817828915,0.0,0.0,8232.513291438478
2025-09-23,76,12:50,0.5682,0.0,0.0,366.26238266538974,366.26238266538974,0.0,826.7248993320562,0.0,0.0,8976.565700837327
2025-09-23,77,13:00,0.8279,0.0,0.0,0.0,0.0,0.0,409.1788,0.0,0.0,9344.826620837328
2025-09-23,78,13:10,0.8636,0.0,0.0,0.0,0.0,0.0,287.7679166666667,0.0,0.0,9603.817745837328
2025-09-23,79,13:20,0.8416,0.0,0.0,0.0,0.0,0.0,271.9109166666667,0.0,0.0,9848.537570837329
2025-09-23,80,13:30,0.8618,0.0,0.0,0.0,0.0,0.0,278.94561666666664,0.0,0.0,10099.588625837328
2025-09-23,81,13:40,0.8623,0.0,0.0,0.0,0.0,0.0,248.60958333333326,0.0,0.0,10323.337250837329
2025-09-23,82,13:50,0.9026,0.0,0.0,0.0,0.0,0.0,205.43618333333347,0.0,0.0,10508.229815837329
2025-09-23,83,14:00,0.9754,0.0,0.0,0.0,0.0,0.0,156.0545166666668,0.0,0.0,10648.67888083733
2025-09-23,84,14:10,1.0002,0.0,0.0,0.0,0.0,0.0,114.23874999999998,0.0,0.0,10751.49375583733
2025-09-23,85,14:20,0.9978,0.0,0.0,0.0,0.0,0.0,53.895826847411726,0.0,35.996889819255,10800.0
2025-09-23,86,14:30,1.0271,0.0,0.0,0.0,0.0,0.0,0.0,0.0,30.106466666666847,10800.0
2025-09-23,87,14:40,1.0906,0.0,0.0,0.0,0.0,0.0,0.0,63.75833333333344,0.0,10729.157407407407
2025-09-23,88,14:50,0.9376,0.0,0.0,0.0,0.0,0.0,0.0,137.2854666666666,0.0,10576.618
2025-09-23,89,15:00,0.6694,178.49096576230818,265.38583757909635,0.0,0.0,0.0,0.0,202.5811166666665,0.0,10351.527870370372
2025-09-23,90,15:10,0.6600,218.79409741017923,327.6457364097902,178.49096576230818,265.38583757909635,0.0,15.212087579096305,0.0,0.0,10365.218749191557
2025-09-23,91,15:20,0.7217,252.838576246569,319.95909799981223,218.79409741017923,327.6457364097902,0.0,71.76188640979024,0.0,0.0,10429.804446960368
2025-09-23,92,15:30,0.7308,320.8907412473086,382.67962080429527,252.838576246569,319.95909799981223,0.0,32.1748979998124,0.0,0.0,10458.761855160199
2025-09-23,93,15:40,0.7534,381.2668874124829,381.2668874124829,320.8907412473086,382.67962080429527,0.0,55.14420413762866,0.0,0.0,10508.391638884064
2025-09-23,94,15:50,0.7823,394.6391318323849,394.6391318323849,381.2668874124829,381.2668874124829,0.0,78.95962074581621,0.0,0.0,10579.4552975553
2025-09-23,95,16:00,0.8055,438.10559469243344,438.10559469243344,394.6391318323849,394.6391318323849,0.0,41.68994849905164,0.0,0.0,10616.976251204445
2025-09-23,96,16:10,0.8271,502.28587424264254,502.28587424264254,438.10559469243344,438.10559469243344,0.0,0.0,55.47690530756654,0.0,10555.33524530715
2025-09-23,97,16:20,0.8519,567.5181572122617,567.5181572122617,502.28587424264254,502.28587424264254,0.0,0.0,87.14677575735732,0.0,10458.50549446564
2025-09-23,98,16:30,0.8791,622.2092197968431,622.2092197968431,567.5181572122617,567.5181572122617,0.0,0.0,68.29549278773834,0.0,10382.621613590376
2025-09-23,99,16:40,0.9024,664.5883718231503,664.5883718231503,622.2092197968431,622.2092197968431,0.0,0.0,46.02619686982359,0.0,10331.481394846127
2025-09-23,100,16:50,0.9163,742.7210445342587,742.7210445342587,664.5883718231503,664.5883718231503,0.0,0.0,51.759161510182935,0.0,10273.971215390367
2025-09-23,101,17:00,0.9264,801.4347478400136,801.4347478400136,742.7210445342587,742.7210445342587,0.0,0.0,22.10163879907452,0.0,10249.413838946952
2025-09-23,102,17:10,0.9462,833.2416194721142,833.2416194721142,801.4347478400136,801.4347478400136,0.0,0.0,12.619002159986167,0.0,10235.392725435857
2025-09-23,103,17:20,0.9742,869.4203008789957,869.4203008789957,833.2416194721142,833.2416194721142,0.0,0.0,43.845363861219084,0.0,10186.675654478946
2025-09-23,104,17:30,0.9862,941.8795070066726,941.8795070066726,869.4203008789957,869.4203008789957,0.0,0.0,43.9163157876709,0.0,10137.8797480482
2025-09-23,105,17:40,0.9760,1015.0171054109861,1015.0171054109861,941.8795070066726,941.8795070066726,0.0,0.0,14.504242993327352,0.0,10121.763922500058
2025-09-23,106,17:50,1.0742,925.2052975897326,925.2052975897326,1015.0171054109861,1015.0171054109861,0.0,0.0,36.845561255680536,0.0,10080.824409993747
2025-09-23,107,18:00,1.2313,741.1025197249379,772.2376794073276,925.2052975897326,925.2052975897326,0.0,0.0,33.96001907693403,0.0,10043.091055463821
2025-09-23,108,18:10,1.2561,727.2551499415482,760.7209816297603,741.1025197249379,772.2376794073276,0.0,19.592679407327637,0.0,0.0,10060.724466930416
2025-09-23,109,18:20,1.2447,769.9119035764106,796.8802881161037,727.2551499415482,760.7209816297603,0.0,0.0,3.60886837023952,0.0,10056.714613185706
2025-09-23,110,18:30,1.2545,770.0370665136438,797.605437894754,769.9119035764106,796.8802881161037,0.0,0.0,33.34697855056311,0.0,10019.662414796192
2025-09-23,111,18:40,1.2522,767.3066533417845,781.4331985791755,770.0370665136438,797.605437894754,0.0,0.0,36.811228771912624,0.0,9978.761049494067
2025-09-23,112,18:50,1.2881,740.108474248689,759.5847949505295,767.3066533417845,781.4331985791755,0.0,0.0,54.72645142082456,0.0,9917.953881248706
2025-09-23,113,19:00,1.3466,0.0,12.685537651874029,740.108474248689,759.5847949505295,0.0,0.0,50.77990504947036,0.0,9861.531764527073
2025-09-23,114,19:10,1.3523,0.0,8.720835264487505,0.0,12.685537651874029,0.0,0.0,764.7411290147927,0.0,9011.819398955082
2025-09-23,115,19:20,1.3445,0.0,168.8944333237249,0.0,8.720835264487505,0.0,0.0,790.3780480688458,0.0,8133.621567767475
2025-09-23,116,19:30,1.3483,0.0,4.624680601418731,0.0,168.8944333237249,0.0,0.0,656.7014333429418,0.0,7403.95330849754
2025-09-23,117,19:40,1.3490,3.424305983763361,33.07735698001045,0.0,4.624680601418731,0.0,0.0,813.1919860652479,0.0,6500.406657313932
2025-09-23,118,19:50,1.3473,0.0,24.578784603620875,3.424305983763361,33.07735698001045,0.0,0.0,753.7589930199896,0.0,5662.896665069498
2025-09-23,119,20:00,1.3482,0.0,19.459341418344025,0.0,24.578784603620875,0.0,0.0,759.640115396379,0.0,4818.852092406855
2025-09-23,120,20:10,1.3513,0.0,15.53153887603753,0.0,19.459341418344025,0.0,0.0,792.4523252483226,0.0,3938.349508797608
2025-09-23,121,20:20,1.3400,103.22833642065882,729.9154841377742,0.0,15.53153887603753,0.0,0.0,811.6465777906291,0.0,3036.519977919131
2025-09-23,122,20:30,1.3489,0.0,0.0,103.22833642065882,729.9154841377742,0.0,0.0,113.65221586222583,0.0,2910.2397380722136
2025-09-23,123,20:40,1.3952,0.0,0.0,0.0,0.0,6.375,0.0,833.3333333333333,0.0,1984.3138121462878
2025-09-23,124,20:50,1.2226,759.3638697788967,777.6492977415805,0.0,0.0,79.01285240167431,0.0,705.882430931659,0.0,1200.0
2025-09-23,125,21:00,0.9332,778.5174131189432,785.1853838992017,759.3638697788967,777.6492977415805,24.01250225841943,0.0,0.0,0.0,1200.0
2025-09-23,126,21:10,0.9068,784.888608931107,784.9822288670266,778.5174131189432,785.1853838992017,84.03128276746497,0.0,0.0,0.0,1200.0
2025-09-23,127,21:20,0.9371,772.9745331992001,773.8095999947626,784.888608931107,784.9822288670266,57.54215446630678,0.0,0.0,0.0,1200.0
2025-09-23,128,21:30,0.9371,739.2315962815403,764.0243018285294,772.9745331992001,773.8095999947626,30.785583338570746,0.0,0.0,0.0,1200.0
2025-09-23,129,21:40,0.9871,729.9438978781552,772.1196241588333,739.2315962815403,764.0243018285294,49.3573648381373,0.0,0.0,0.0,1200.0
2025-09-23,130,21:50,0.7764,694.1400063118939,716.4811151826243,729.9438978781552,772.1196241588333,57.74950917449996,0.0,0.0,0.0,1200.0
2025-09-23,131,22:00,0.4209,1303.2090700146646,1303.2090700146646,694.1400063118939,716.4811151826243,51.7053848173756,0.0,0.0,0.0,1200.0
2025-09-23,132,22:10,0.3859,1348.4205441828426,1348.4205441828426,1303.2090700146646,1303.2090700146646,0.0,663.9657366813312,0.0,0.0,1797.5691630131982
2025-09-23,133,22:20,0.4368,623.0483729350318,623.0483729350318,1348.4205441828426,1348.4205441828426,0.0,794.978977516176,0.0,0.0,2513.0502427777565
2025-09-23,134,22:30,0.4198,1310.0860238613764,1310.0860238613764,623.0483729350318,623.0483729350318,0.0,40.36980626836521,0.0,0.0,2549.3830684192853
2025-09-23,135,22:40,0.4186,1297.9312691623788,1297.9312691623788,1310.0860238613764,1310.0860238613764,0.0,662.8793571947098,0.0,0.0,3145.974489894524
2025-09-23,136,22:50,0.4241,1258.3955149418864,1258.3955149418864,1297.9312691623788,1297.9312691623788,0.0,701.2314191623789,0.0,0.0,3777.082767140665
2025-09-23,137,23:00,0.4237,1258.1148373222368,1258.1148373222368,1258.3955149418864,1258.3955149418864,0.0,703.0432316085531,0.0,0.0,4409.821675588363
2025-09-23,138,23:10,0.4248,1304.85948087399,1304.85948087399,1258.1148373222368,1258.1148373222368,0.0,688.7648373222369,0.0,0.0,5029.710029178376
2025-09-23,139,23:20,0.4240,1295.195139789521,1295.195139789521,1304.85948087399,1304.85948087399,0.0,740.2036142073233,0.0,0.0,5695.893281964967
2025-09-23,140,23:30,0.4220,1289.396119740722,1289.396119740722,1295.195139789521,1295.195139789521,0.0,718.6935731228543,0.0,0.0,6342.717497775536
2025-09-23,141,23:40,0.4240,1295.5199912958783,1295.5199912958783,1289.396119740722,1289.396119740722,0.0,679.0711197407221,0.0,0.0,6953.881505542186
2025-09-23,142,23:50,0.4271,1281.955280661491,1281.955280661491,1295.5199912958783,1295.5199912958783,0.0,678.4526912958784,0.0,0.0,7564.488927708476
2025-09-23,143,24:00,0.4276,1250.4616942991083,1250.4616942991083,1281.955280661491,1281.955280661491,0.0,713.6571973281577,0.0,0.0,8206.780405303818
2025-12-21,0,0:10,0.4248,596.7613516517623,596.7613516517623,1371.700283605377,1371.700283605377,0.0,809.4886169387105,0.0,0.0,9931.326746548424
2025-12-21,1,0:20,0.4245,593.6127848347514,593.6127848347514,596.7613516517623,596.7613516517623,0.0,0.7436349850956958,0.0,0.0,9931.99601803501
2025-12-21,2,0:30,0.4269,614.7367456349081,614.7367456349081,593.6127848347514,593.6127848347514,0.0,3.967618168084755,0.0,0.0,9935.566874386286
2025-12-21,3,0:40,0.4272,617.0681222288176,617.0681222288176,614.7367456349081,614.7367456349081,0.0,36.05341230157478,0.0,0.0,9968.014945457704
2025-12-21,4,0:50,0.4271,626.8679296870828,626.8679296870828,617.0681222288176,617.0681222288176,0.0,52.35808889548434,0.0,0.0,10015.13722546364
2025-12-21,5,1:00,0.4285,628.1286344968564,628.1286344968564,626.8679296870828,626.8679296870828,0.0,76.9640463537495,0.0,0.0,10084.404867182015
2025-12-21,6,1:10,0.4311,605.1855077664545,605.1855077664545,628.1286344968564,628.1286344968564,0.0,69.91863449685638,0.0,0.0,10147.331638229185
2025-12-21,7,1:20,0.4302,632.5641601652087,632.5641601652087,605.1855077664545,605.1855077664545,0.0,0.0,5.163008900212162,0.0,10141.594961673394
2025-12-21,8,1:30,0.4279,659.2522936914581,659.2522936914581,632.5641601652087,632.5641601652087,0.0,0.0,0.6717898347912978,0.0,10140.848528523626
2025-12-21,9,1:40,0.4312,653.7346248042116,653.7346248042116,659.2522936914581,659.2522936914581,0.0,36.555627024791534,0.0,0.0,10173.748592845937
2025-12-21,10,1:50,0.4333,638.3346353668522,638.3346353668522,653.7346248042116,653.7346248042116,0.0,16.245358137545054,0.0,0.0,10188.369415169727
2025-12-21,11,2:00,0.4311,627.8784938124747,627.8784938124747,638.3346353668522,638.3346353668522,0.0,15.966635366852302,0.0,0.0,10202.739386999894
2025-12-21,12,2:10,0.4293,645.3224692916855,645.3224692916855,627.8784938124747,627.8784938124747,0.0,30.020160479141396,0.0,0.0,10229.757531431122
2025-12-21,13,2:20,0.4324,649.4537910862637,649.4537910862637,645.3224692916855,645.3224692916855,0.0,2.5762359583521857,0.0,0.0,10232.076143793638
2025-12-21,14,2:30,0.4367,650.2089021553932,650.2089021553932,649.4537910862637,649.4537910862637,0.0,0.0,4.415325580402964,0.0,10227.17022648208
2025-12-21,15,2:40,0.4348,673.2251689785421,673.2251689785421,650.2089021553932,650.2089021553932,0.0,28.45890215539316,0.0,0.0,10252.783238421933
2025-12-21,16,2:50,0.4335,666.4746975102826,666.4746975102826,673.2251689785421,673.2251689785421,0.0,36.5818356452088,0.0,0.0,10285.70689050262
2025-12-21,17,3:00,0.4357,638.0262281881223,638.0262281881223,666.4746975102826,666.4746975102826,0.0,34.5639641769493,0.0,0.0,10316.814458261875
2025-12-21,18,3:10,0.4374,650.1006450187498,650.1006450187498,638.0262281881223,638.0262281881223,0.0,12.737894854789033,0.0,0.0,10328.278563631186
2025-12-21,19,3:20,0.4371,662.6877631528466,662.6877631528466,650.1006450187498,650.1006450187498,0.0,0.0,46.657038314583474,0.0,10276.437409948316
2025-12-21,20,3:30,0.4356,655.1874778896595,655.1874778896595,662.6877631528466,662.6877631528466,0.0,0.0,23.201020180486694,0.0,10250.658498636663
2025-12-21,21,3:40,0.4353,644.4517203784875,644.4517203784875,655.1874778896595,655.1874778896595,0.0,30.397477889659513,0.0,0.0,10278.016228737357
2025-12-21,22,3:50,0.4360,695.5092241344983,695.5092241344983,644.4517203784875,644.4517203784875,0.0,0.0,58.96257962151253,0.0,10212.502251380121
2025-12-21,23,4:00,0.4378,696.1719695725643,696.1719695725643,695.5092241344983,695.5092241344983,0.0,0.0,41.81172586550167,0.0,10166.04477819623
2025-12-21,24,4:10,0.4401,677.0679387611679,677.0679387611679,696.1719695725643,696.1719695725643,0.0,16.31363623923096,0.0,0.0,10180.727050811538
2025-12-21,25,4:20,0.4389,687.7695334731466,687.7695334731466,677.0679387611679,677.0679387611679,0.0,3.910872094501201,0.0,0.0,10184.24683569659
2025-12-21,26,4:30,0.4364,718.0693206490414,718.0693206490414,687.7695334731466,687.7695334731466,0.0,7.370300139813253,0.0,0.0,10190.880105822422
2025-12-21,27,4:40,0.4393,730.9481990759243,730.9481990759243,718.0693206490414,718.0693206490414,0.0,40.59098731570816,0.0,0.0,10227.411994406559
2025-12-21,28,4:50,0.4422,705.1219079951392,705.1219079951392,730.9481990759243,730.9481990759243,0.0,43.96846574259109,0.0,0.0,10266.98361357489
2025-12-21,29,5:00,0.4395,691.234204977665,691.234204977665,705.1219079951392,705.1219079951392,0.0,24.51934132847248,0.0,0.0,10289.051020770516
2025-12-21,30,5:10,0.4333,736.8814344675137,736.8814344675137,691.234204977665,691.234204977665,0.0,19.182538310998325,0.0,0.0,10306.315305250415
2025-12-21,31,5:20,0.4439,717.7276598628027,717.7276598628027,736.8814344675137,736.8814344675137,0.0,33.89145113418044,0.0,0.0,10336.817611271177
2025-12-21,32,5:30,0.4301,699.0573968403071,699.0573968403071,717.7276598628027,717.7276598628027,0.0,8.852926529469414,0.0,0.0,10344.7852451477
2025-12-21,33,5:40,0.3713,1230.8595036895354,1230.8595036895354,699.0573968403071,699.0573968403071,0.0,21.29406350697377,0.0,0.0,10363.949902303975
2025-12-21,34,5:50,0.5708,769.6122738768702,769.6122738768702,1230.8595036895354,1230.8595036895354,0.0,484.5001085511386,0.0,66.73497847173007,10800.0
2025-12-21,35,6:00,0.9099,851.6900609514446,851.6900609514446,769.6122738768702,769.6122738768702,0.0,0.0,16.673492789796455,0.0,10781.473896900226
2025-12-21,36,6:10,0.9368,136.13915163567196,136.13915163567196,851.6900609514446,851.6900609514446,0.0,0.0,63.41827238188864,0.0,10711.009149809239
2025-12-21,37,6:20,0.8758,868.811870681901,868.811870681901,136.13915163567196,136.13915163567196,0.0,0.0,770.3404150309947,0.0,9855.075355330357
2025-12-21,38,6:30,0.8759,869.0154561169411,869.0154561169411,868.811870681901,868.811870681901,0.0,0.0,32.49354598476566,0.0,9818.971415347283
2025-12-21,39,6:40,0.8601,879.5593079281424,879.5593079281424,869.0154561169411,869.0154561169411,0.0,0.0,62.15954388305886,0.0,9749.905255477217
2025-12-21,40,6:50,0.8442,901.0182645950134,901.0182645950134,879.5593079281424,879.5593079281424,0.0,0.0,11.299025405190946,0.0,9737.350782804782
2025-12-21,41,7:00,0.8334,906.553726750917,906.553726750917,901.0182645950134,901.0182645950134,0.0,28.810097928346863,0.0,0.0,9763.279870940294
2025-12-21,42,7:10,0.8092,863.9132376232848,863.9132376232848,906.553726750917,906.553726750917,0.0,10.853726750917076,0.0,0.0,9773.04822501612
2025-12-21,43,7:20,0.7972,812.6977266189886,812.6977266189886,863.9132376232848,863.9132376232848,0.0,0.0,0.7702957100484582,0.0,9772.192340893844
2025-12-21,44,7:30,0.7644,783.3832433655582,783.3832433655582,812.6977266189886,812.6977266189886,0.0,0.0,4.181273381011351,0.0,9767.546481581609
2025-12-21,45,7:40,0.6899,1518.8585309118853,1515.7081570549171,783.3832433655582,783.3832433655582,0.0,26.54241003222478,0.0,0.0,9791.43465061061
2025-12-21,46,7:50,0.8600,795.5337529807553,794.845814603477,1518.8585309118853,1515.7081570549171,0.0,833.3333333333333,0.0,4.183657054917376,10541.43465061061
2025-12-21,47,8:00,1.1617,112.50639683804502,112.50639683804502,795.5337529807553,794.845814603477,0.0,26.110464603477112,0.0,0.0,10564.93406875374
2025-12-21,48,8:10,1.1683,114.94723507238223,114.94723507238223,112.50639683804502,112.50639683804502,0.0,0.0,827.6481864952882,0.0,9645.324972647864
2025-12-21,49,8:20,1.0956,38.6222884992834,38.6222884992834,114.94723507238223,114.94723507238223,0.0,0.0,784.0855815942843,0.0,8774.118770876437
2025-12-21,50,8:30,1.0849,0.0,0.0,38.6222884992834,38.6222884992834,0.0,0.0,784.9235281673832,0.0,7901.981517357122
2025-12-21,51,8:40,1.0610,0.0,0.0,0.0,0.0,0.0,0.0,797.8975,0.0,7015.428739579344
2025-12-21,52,8:50,1.0430,0.0,0.0,0.0,0.0,0.0,0.0,729.9923166666667,0.0,6204.32616550527
2025-12-21,53,9:00,1.0360,0.0,0.0,0.0,0.0,0.0,0.0,680.0761333333332,0.0,5448.686017357122
2025-12-21,54,9:10,1.0147,0.0,0.0,0.0,0.0,0.0,0.0,652.3437499999999,0.0,4723.8596284682335
2025-12-21,55,9:20,0.9922,-0.0,0.0,0.0,0.0,0.0,0.0,584.0036500000001,0.0,4074.9666840237887
2025-12-21,56,9:30,0.9700,201.72108917069215,201.72108917069215,-0.0,0.0,0.0,0.0,527.6853666666666,0.0,3488.649609949715
2025-12-21,57,9:40,0.9422,467.24641986897245,440.7853915106291,201.72108917069215,201.72108917069215,0.0,0.0,303.9439108293077,0.0,3150.9341534727064
2025-12-21,58,9:50,0.9569,403.0917354165582,374.85889397035965,467.24641986897245,440.7853915106291,0.0,0.0,40.67347515603751,0.0,3105.7414032993315
2025-12-21,59,10:00,0.9977,0.0,0.0,403.0917354165582,374.85889397035965,0.0,0.0,51.741556029640265,0.0,3048.2507854886203
2025-12-21,60,10:10,0.9919,0.0,0.0,0.0,0.0,0.0,0.0,360.30708333333325,0.0,2647.9095817849166
2025-12-21,61,10:20,0.9588,304.27528378227385,300.1922748496743,0.0,0.0,0.0,0.0,331.1936166666667,0.0,2279.916674377509
2025-12-21,62,10:30,0.9549,245.5472535893482,245.5472535893482,304.27528378227385,300.1922748496743,0.0,0.0,25.901158483658946,0.0,2251.1376093956655
2025-12-21,63,10:40,0.9839,0.0,0.0,245.5472535893482,245.5472535893482,0.0,0.0,86.23732974398524,0.0,2155.3183541245708
2025-12-21,64,10:50,0.7990,298.26367581143177,291.8766705417869,0.0,0.0,0.0,0.0,349.0794999999998,0.0,1767.4522430134598
2025-12-21,65,11:00,0.5025,1089.0649715221186,1084.6886574993882,298.26367581143177,291.8766705417869,0.0,0.0,79.1840794582132,0.0,1679.469932504334
2025-12-21,66,11:10,0.4662,1063.1297027441947,1061.5379500062068,1089.0649715221186,1084.6886574993882,0.0,703.4540741660549,0.0,0.0,2312.5785992537835
2025-12-21,67,11:20,0.5007,1006.7707941013024,995.5370913198758,1063.1297027441947,1061.5379500062068,0.0,699.4403166728735,0.0,0.0,2942.07488425937
2025-12-21,68,11:30,0.4827,1001.9170374027794,965.4840704102568,1006.7707941013024,995.5370913198758,0.0,673.2859413198757,0.0,0.0,3548.032231447258
2025-12-21,69,11:40,0.4785,1045.7211674014816,955.1350875766914,1001.9170374027794,965.4840704102568,0.0,682.51365374359,0.0,0.0,4162.294519816489
2025-12-21,70,11:50,0.4662,1026.0387907145907,924.6233922045349,1045.7211674014816,955.1350875766914,0.0,703.126354243358,0.0,0.0,4795.108238635511
2025-12-21,71,12:00,0.4432,954.7804191314578,954.7804191314578,1026.0387907145907,924.6233922045349,0.0,759.9159755378682,0.0,0.0,5479.032616619593
2025-12-21,72,12:10,0.4411,927.7544202160018,927.7544202160018,954.7804191314578,954.7804191314578,0.0,833.3333333333333,0.0,48.09708579812468,6229.032616619593
2025-12-21,73,12:20,0.4551,931.8015841174151,931.8015841174151,927.7544202160018,927.7544202160018,0.0,828.2597202160018,0.0,0.0,6974.466364813994
2025-12-21,74,12:30,0.4463,944.1006748093465,944.1006748093465,931.8015841174151,931.8015841174151,0.0,823.1066007840818,0.0,0.0,7715.262305519667
2025-12-21,75,12:40,0.4113,924.2859838619319,940.4693643500502,944.1006748093465,944.1006748093465,0.0,833.3333333333333,0.0,42.665674809346456,8465.262305519667
2025-12-21,76,12:50,0.5682,927.7823325158411,960.9480899124799,924.2859838619319,940.4693643500502,0.0,833.3333333333333,0.0,21.80426435005029,9215.262305519667
2025-12-21,77,13:00,0.8279,201.73812384498046,204.1496417731263,927.7823325158411,960.9480899124799,0.0,800.4659899124799,0.0,0.0,9935.681696440899
2025-12-21,78,13:10,0.8636,237.36181410675545,237.36181410675545,201.73812384498046,204.1496417731263,0.0,0.0,36.85077489354023,0.0,9894.736391003633
2025-12-21,79,13:20,0.8416,237.10319818922085,237.10319818922085,237.36181410675545,237.36181410675545,0.0,0.0,26.950669226577702,0.0,9864.791202974102
2025-12-21,80,13:30,0.8618,244.15755020414713,244.15755020414713,237.10319818922085,237.10319818922085,0.0,11.717031522554294,0.0,0.0,9875.336531344401
2025-12-21,81,13:40,0.8623,240.3479760601564,240.3479760601564,244.15755020414713,244.15755020414713,0.0,67.13588353748048,0.0,0.0,9935.758826528134
2025-12-21,82,13:50,0.9026,242.21250090919466,242.21250090919466,240.3479760601564,240.3479760601564,0.0,47.838276060156346,0.0,0.0,9978.813274982274
2025-12-21,83,14:00,0.9754,0.0,0.0,242.21250090919466,242.21250090919466,0.0,0.0,11.411615757471964,0.0,9966.133701918418
2025-12-21,84,14:10,1.0002,0.0,0.0,0.0,0.0,0.0,0.0,301.8829166666668,0.0,9630.708238955454
2025-12-21,85,14:20,0.9978,0.0,0.0,0.0,0.0,0.0,0.0,294.8965833333334,0.0,9303.045368585084
2025-12-21,86,14:30,1.0271,0.0,0.0,0.0,0.0,0.0,0.0,317.71574999999996,0.0,8950.027868585084
2025-12-21,87,14:40,1.0906,0.0,0.0,0.0,0.0,0.0,0.0,384.19708333333335,0.0,8523.142220436936
2025-12-21,88,14:50,0.9376,0.0,0.0,0.0,0.0,0.0,0.0,430.3843333333332,0.0,8044.93740562212
2025-12-21,89,15:00,0.6694,1383.7691294000165,1411.1868364928855,0.0,0.0,0.0,0.0,491.03274999999996,0.0,7499.345461177676
2025-12-21,90,15:10,0.6600,1432.9603523777355,1434.0646623652622,1383.7691294000165,1411.1868364928855,0.0,833.3333333333333,0.0,19.313086492885645,8249.345461177676
2025-12-21,91,15:20,0.7217,1427.7566805846736,1427.7566805846736,1432.9603523777355,1434.0646623652622,0.0,833.3333333333333,0.0,14.277745698595595,8999.345461177676
2025-12-21,92,15:30,0.7308,1495.921908014955,1495.921908014955,1427.7566805846736,1427.7566805846736,0.0,786.9505972513402,0.0,0.0,9707.600998703881
2025-12-21,93,15:40,0.7534,896.0380533035102,896.0380533035102,1495.921908014955,1495.921908014955,0.0,788.2339913482886,0.0,0.0,10417.011590917342
2025-12-21,94,15:50,0.7823,804.9834517334097,804.9834517334097,896.0380533035102,896.0380533035102,0.0,187.34348663684364,0.0,0.0,10585.6207288905
2025-12-21,95,16:00,0.8055,803.0356325081332,818.3268894757127,804.9834517334097,804.9834517334097,0.0,68.13830173340978,0.0,0.0,10646.94520045057
2025-12-21,96,16:10,0.8271,872.8568660766962,872.8568660766962,803.0356325081332,818.3268894757127,0.0,22.39647280904603,0.0,0.0,10667.102025978711
2025-12-21,97,16:20,0.8519,903.8083247217128,903.8083247217128,872.8568660766962,872.8568660766962,0.0,71.47499941002957,0.0,0.0,10731.429525447738
2025-12-21,98,16:30,0.8791,928.7075125119458,928.7075125119458,903.8083247217128,903.8083247217128,0.0,61.16517472171279,0.0,0.0,10786.47818269728
2025-12-21,99,16:40,0.9024,996.0910112560447,996.0910112560447,928.7075125119458,928.7075125119458,0.0,3.598345845279141,0.0,0.0,10789.716693958031
2025-12-21,100,16:50,0.9163,1039.2280722275686,1039.2280722275686,996.0910112560447,996.0910112560447,0.0,11.425895602187666,0.0,24.872315653857186,10800.0
2025-12-21,101,17:00,0.9264,1037.8910622589228,1037.8910622589228,1039.2280722275686,1039.2280722275686,0.0,0.0,0.0,46.3638888942354,10800.0
2025-12-21,102,17:10,0.9462,1041.3705685633909,1041.3705685633909,1037.8910622589228,1037.8910622589228,0.0,0.0,0.0,9.094395592256205,10800.0
2025-12-21,103,17:20,0.9742,1028.4571287179306,1028.4571287179306,1041.3705685633909,1041.3705685633909,0.0,0.0,0.0,22.674868563390874,10800.0
2025-12-21,104,17:30,0.9862,1045.762078866056,1045.762078866056,1028.4571287179306,1028.4571287179306,0.0,0.0,0.0,2.706828717930648,10800.0
2025-12-21,105,17:40,0.9760,1080.8999855468205,1080.8999855468205,1045.762078866056,1045.762078866056,0.0,0.0,10.699587800610516,0.0,10788.111569110433
2025-12-21,106,17:50,1.0742,939.2221985763133,939.2221985763133,1080.8999855468205,1080.8999855468205,0.0,13.20936765507415,0.0,19.34148455841321,10800.0
2025-12-21,107,18:00,1.2313,700.7688538052365,700.7688538052365,939.2221985763133,939.2221985763133,0.0,0.0,0.0,40.47876524297999,10800.0
2025-12-21,108,18:10,1.2561,681.2964149497273,681.2964149497273,700.7688538052365,700.7688538052365,0.0,0.0,11.864479528096808,0.0,10786.81724496878
2025-12-21,109,18:20,1.2447,727.9655468924528,727.9655468924528,681.2964149497273,681.2964149497273,0.0,0.0,34.11803505027274,0.0,10748.908317135145
2025-12-21,110,18:30,1.2545,704.2826212754005,704.2826212754005,727.9655468924528,727.9655468924528,0.0,0.0,20.302386440880582,0.0,10726.350109978612
2025-12-21,111,18:40,1.2522,709.7094494698168,709.7094494698168,704.2826212754005,704.2826212754005,0.0,0.0,25.72571205793281,0.0,10697.765985469798
2025-12-21,112,18:50,1.2881,406.75843658977885,406.75843658977885,709.7094494698168,709.7094494698168,0.0,0.0,24.634933863516494,0.0,10670.393836732557
2025-12-21,113,19:00,1.3466,0.0,0.0,406.75843658977885,406.75843658977885,0.0,0.0,343.3247800768877,0.0,10288.92185886935
2025-12-21,114,19:10,1.3523,0.0,0.0,0.0,0.0,0.0,0.0,748.46,0.0,9457.299636647127
2025-12-21,115,19:20,1.3445,0.0,0.0,0.0,0.0,0.0,0.0,722.4832333333334,0.0,8654.540488498978
2025-12-21,116,19:30,1.3483,0.0,0.0,0.0,0.0,0.0,0.0,726.1655166666666,0.0,7847.689914424905
2025-12-21,117,19:40,1.3490,0.0,0.0,0.0,0.0,0.0,0.0,744.4316666666666,0.0,7020.543618128609
2025-12-21,118,19:50,1.3473,0.0,0.0,0.0,0.0,0.0,0.0,716.9286999999999,0.0,6223.956173684164
2025-12-21,119,20:00,1.3482,0.0,0.0,0.0,0.0,0.0,0.0,733.1194999999999,0.0,5409.378951461942
2025-12-21,120,20:10,1.3513,0.0,0.0,0.0,0.0,0.0,0.0,780.2683333333332,0.0,4542.414136647128
2025-12-21,121,20:20,1.3400,0.0,0.0,0.0,0.0,0.0,0.0,747.5859,0.0,3711.763136647128
2025-12-21,122,20:30,1.3489,0.0,0.0,0.0,0.0,0.0,0.0,692.8171,0.0,2941.96635886935
2025-12-21,123,20:40,1.3952,0.0,0.0,0.0,0.0,0.0,0.0,681.7516666666667,0.0,2184.4645070174984
2025-12-21,124,20:50,1.2226,708.0010300464163,708.0010300464163,0.0,0.0,0.0,0.0,720.3711,0.0,1384.0521736841652
2025-12-21,125,21:00,0.9332,734.2776559993869,734.2776559993869,708.0010300464163,708.0010300464163,0.0,0.0,14.799136620250351,0.0,1367.6086885505536
2025-12-21,126,21:10,0.9068,727.7726594801417,727.7726594801417,734.2776559993869,734.2776559993869,0.0,43.53432266605353,0.0,0.0,1406.7895789500017
2025-12-21,127,21:20,0.9371,720.4824667968138,720.4824667968138,727.7726594801417,727.7726594801417,0.0,23.229159480141675,0.0,0.0,1427.6958224821292
2025-12-21,128,21:30,0.9371,746.8526914365807,746.8526914365807,720.4824667968138,720.4824667968138,0.0,0.0,0.6782498698527206,0.0,1426.9422115156262
2025-12-21,129,21:40,0.9871,740.3714531853321,740.3714531853321,746.8526914365807,746.8526914365807,0.0,20.54769143658075,0.0,0.0,1445.435133808549
2025-12-21,130,21:50,0.7764,663.6981070956443,663.6981070956443,740.3714531853321,740.3714531853321,0.0,0.8524198519988886,0.0,0.0,1446.202311675348
2025-12-21,131,22:00,0.4209,1351.9865128414958,1351.9865128414958,663.6981070956443,663.6981070956443,0.0,0.0,14.80112623768889,0.0,1429.7566158556938
2025-12-21,132,22:10,0.3859,1373.4256267260005,1373.4256267260005,1351.9865128414958,1351.9865128414958,0.0,779.5865128414958,0.0,0.0,2131.3844774130403
2025-12-21,133,22:20,0.4368,601.4585543277892,601.4585543277892,1373.4256267260005,1373.4256267260005,0.0,828.3333100593338,0.0,0.0,2876.8844564664405
2025-12-21,134,22:30,0.4198,1350.6196201087425,1350.6196201087425,601.4585543277892,601.4585543277892,0.0,50.62242099445598,0.0,0.0,2922.4446353614508
2025-12-21,135,22:40,0.4186,1349.200046255726,1349.200046255726,1350.6196201087425,1350.6196201087425,0.0,808.0196201087426,0.0,0.0,3649.6622934593192
2025-12-21,136,22:50,0.4241,1336.8979739503861,1336.8979739503861,1349.200046255726,1349.200046255726,0.0,823.281046255726,0.0,0.0,4390.615235089473
2025-12-21,137,23:00,0.4237,1338.0216609851627,1338.0216609851627,1336.8979739503861,1336.8979739503861,0.0,793.5040572837195,0.0,0.0,5104.768886644821
2025-12-21,138,23:10,0.4248,1345.6906674618167,1345.6906674618167,1338.0216609851627,1338.0216609851627,0.0,753.1933276518295,0.0,0.0,5782.6428815314675
2025-12-21,139,23:20,0.4240,1350.6556723132144,1350.6556723132144,1345.6906674618167,1345.6906674618167,0.0,753.2381007951501,0.0,0.0,6460.557172247103
2025-12-21,140,23:30,0.4220,1387.6105101022397,1387.6105101022397,1350.6556723132144,1350.6556723132144,0.0,784.7118723132144,0.0,0.0,7166.7978573289965
2025-12-21,141,23:40,0.4240,1353.0984349962919,1353.0984349962919,1387.6105101022397,1387.6105101022397,0.0,833.3333333333333,0.0,3.345510102239814,7916.7978573289965
2025-12-21,142,23:50,0.4271,1379.5371591020053,1379.5371591020053,1353.0984349962919,1353.0984349962919,0.0,763.1382183296253,0.0,0.0,8603.622253825659
2025-12-21,143,24:00,0.4276,1382.0083045966044,1382.0083045966044,1379.5371591020053,1379.5371591020053,0.0,784.205325768672,0.0,0.0,9309.407047017463
